address,name,size
20000000,gte_ldv0,1
20000004,gte_ldv1,1
20000008,gte_ldv2,1
2000000c,gte_ldv3,1
20000010,gte_ldv3c,1
20000014,gte_ldv3c_vertc,1
20000018,gte_ldv01,1
2000001c,gte_ldv01c,1
20000020,gte_ldrgb,1
20000024,gte_ldrgb3,1
20000028,gte_ldrgb3c,1
2000002c,gte_ldlv0,1
20000030,gte_ldlvl,1
20000034,gte_ldsv,1
20000038,gte_ldbv,1
2000003c,gte_ldcv,1
20000040,gte_ldclmv,1
20000044,gte_lddp,1
20000048,gte_ldsxy0,1
2000004c,gte_ldsxy1,1
20000050,gte_ldsxy2,1
20000054,gte_ldsxy3,1
20000058,gte_ldsxy3c,1
2000005c,gte_ldsz3,1
20000060,gte_ldsz4,1
20000064,gte_ldopv1,1
20000068,gte_ldopv2,1
2000006c,gte_ldopv1SV,1
20000070,gte_ldopv2SV,1
20000074,gte_ldlzc,1
20000078,gte_SetRGBcd,1
2000007c,gte_ldbkdir,1
20000080,gte_SetBackColor,1
20000084,gte_ldfcdir,1
20000088,gte_SetFarColor,1
2000008c,gte_SetGeomOffset,1
20000090,gte_SetGeomScreen,1
20000094,gte_ldsvrtrow0,1
20000098,gte_SetRotMatrix,1
2000009c,gte_ldsvllrow0,1
200000a0,gte_SetLightMatrix,1
200000a4,gte_ldsvlcrow0,1
200000a8,gte_SetColorMatrix,1
200000ac,gte_SetTransMatrix,1
200000b0,gte_ldtr,1
200000b4,gte_SetTransVector,1
200000b8,gte_ld_intpol_uv0,1
200000bc,gte_ld_intpol_uv1,1
200000c0,gte_ld_intpol_bv0,1
200000c4,gte_ld_intpol_bv1,1
200000c8,gte_ld_intpol_sv0,1
200000cc,gte_ldfc,1
200000d0,gte_stsxy,1
200000d4,gte_stsxy3,1
200000d8,gte_stsxy3c,1
200000dc,gte_stsxy2,1
200000e0,gte_stsxy1,1
200000e4,gte_stsxy0,1
200000e8,gte_stsxy01,1
200000ec,gte_stsxy01c,1
200000f0,gte_stsxy3_f3,1
200000f4,gte_stsxy3_g3,1
200000f8,gte_stsxy3_ft3,1
200000fc,gte_stsxy3_gt3,1
20000100,gte_stsxy3_f4,1
20000104,gte_stsxy3_g4,1
20000108,gte_stsxy3_ft4,1
2000010c,gte_stsxy3_gt4,1
20000110,gte_stdp,1
20000114,gte_stflg,1
20000118,gte_stflg_4,1
2000011c,gte_stsz,1
20000120,gte_stsz3,1
20000124,gte_stsz4,1
20000128,gte_stsz3c,1
2000012c,gte_stsz4c,1
20000130,gte_stszotz,1
20000134,gte_stotz,1
20000138,gte_stopz,1
2000013c,gte_stlvl,1
20000140,gte_stlvnl,1
20000144,gte_stlvnl0,1
20000148,gte_stlvnl1,1
2000014c,gte_stlvnl2,1
20000150,gte_stsv,1
20000154,gte_stclmv,1
20000158,gte_stbv,1
2000015c,gte_stcv,1
20000160,gte_strgb,1
20000164,gte_strgb3,1
20000168,gte_strgb3_g3,1
2000016c,gte_strgb3_gt3,1
20000170,gte_strgb3_g4,1
20000174,gte_strgb3_gt4,1
20000178,gte_ReadGeomOffset,1
2000017c,gte_ReadGeomScreen,1
20000180,gte_ReadRotMatrix,1
20000184,gte_sttr,1
20000188,gte_ReadLightMatrix,1
2000018c,gte_ReadColorMatrix,1
20000190,gte_stlzc,1
20000194,gte_stfc,1
20000198,gte_subdvl,1
2000019c,gte_subdvd,1
200001a0,gte_adddvl,1
200001a4,gte_adddvd,1
200001a8,gte_RotTransPers,1
200001ac,gte_RotTransPers3,1
200001b0,gte_RotTrans,1
200001b4,gte_LocalLight,1
200001b8,gte_LightColor,1
200001bc,gte_DpqColorLight,1
200001c0,gte_DpqColor,1
200001c4,gte_DpqColor3,1
200001c8,gte_Intpl,1
200001cc,gte_Square12,1
200001d0,gte_Square0,1
200001d4,gte_NormalColor,1
200001d8,gte_NormalColor3,1
200001dc,gte_NormalColorDpq,1
200001e0,gte_NormalColorDpq3,1
200001e4,gte_NormalColorCol,1
200001e8,gte_NormalColorCol3,1
200001ec,gte_ColorDpq,1
200001f0,gte_ColorCol,1
200001f4,gte_NormalClip,1
200001f8,gte_AverageZ3,1
200001fc,gte_AverageZ4,1
20000200,gte_OuterProduct12,1
20000204,gte_OuterProduct0,1
20000208,gte_OuterProduct12SVL,1
2000020c,gte_OuterProduct0SVL,1
20000210,gte_OuterProduct12SV,1
20000214,gte_OuterProduct0SV,1
20000218,gte_Lzc,1
2000021c,gte_RotAverage3,1
20000220,gte_RotNclip3,1
20000224,gte_RotAverageNclip3,1
20000228,gte_RotColorDpq,1
2000022c,gte_RotColorDpq3,1
20000230,gte_RotAverageNclipColorDpq3,1
20000234,gte_RotAverageNclipColorCol3,1
20000238,gte_LoadAverage12,1
2000023c,gte_LoadAverage0,1
20000240,gte_LoadAverageShort12,1
20000244,gte_LoadAverageShort0,1
20000248,gte_LoadAverageByte,1
2000024c,gte_LoadAverageCol,1
20000250,gte_MulMatrix0,1
20000254,gte_ApplyMatrix,1
20000258,gte_ApplyMatrixSV,1
2000025c,gte_CompMatrix,1
20000260,gte_ApplyRotMatrix,1
800163f4,main,1396
80016984,FUN_80016984,192
80016a44,FUN_80016a44,24
80016a5c,FUN_80016a5c,244
80016b50,FUN_80016b50,344
80016ca8,FUN_80016ca8,396
80016e34,FUN_80016e34,396
80016fc0,FUN_80016fc0,124
8001703c,FUN_8001703c,76
80017088,FUN_80017088,212
8001715c,FUN_8001715c,92
800171b8,FUN_800171b8,128
80017238,FUN_80017238,52
8001726c,FUN_8001726c,80
80017328,FUN_80017328,88
80017414,FUN_80017414,104
8001747c,FUN_8001747c,68
800174fc,FUN_800174fc,244
800175f0,FUN_800175f0,136
80017678,FUN_80017678,288
8001783c,FUN_8001783c,776
80017b44,FUN_80017b44,448
80017d04,FUN_80017d04,44
80017d30,FUN_80017d30,164
80017dd4,FUN_80017dd4,212
80017ea8,FUN_80017ea8,168
80017f50,FUN_80017f50,48
80017f80,FUN_80017f80,108
80017fec,FUN_80017fec,48
8001801c,FUN_8001801c,220
800180f8,FUN_800180f8,48
80018128,FUN_80018128,44
80018154,FUN_80018154,44
80018180,FUN_80018180,212
80018254,FUN_80018254,44
80018280,FUN_80018280,44
800183b8,FUN_800183b8,144
80018448,FUN_80018448,144
800184d8,FUN_800184d8,144
80018568,FUN_80018568,144
800185f8,FUN_800185f8,128
80018678,FUN_80018678,128
800186f8,FUN_800186f8,76
80018744,FUN_80018744,76
80018790,FUN_80018790,84
800187e4,FUN_800187e4,84
80018838,FUN_80018838,84
8001888c,FUN_8001888c,84
800188e0,FUN_800188e0,84
80018934,FUN_80018934,76
80018980,FUN_80018980,56
80018c2c,FUN_80018c2c,60
80018c68,FUN_80018c68,60
80018ca4,FUN_80018ca4,76
80018cf0,FUN_80018cf0,60
80018d2c,FUN_80018d2c,60
80018d68,FUN_80018d68,60
80018da4,FUN_80018da4,60
80018de0,FUN_80018de0,220
80018ebc,FUN_80018ebc,172
80018f68,FUN_80018f68,284
80019084,FUN_80019084,448
800196bc,FUN_800196bc,504
80019a08,FUN_80019a08,260
80019b0c,FUN_80019b0c,480
80019cec,FUN_80019cec,156
80019d88,FUN_80019d88,528
80019f98,FUN_80019f98,284
8001a0f0,FUN_8001a0f0,844
8001a43c,FUN_8001a43c,528
8001a64c,FUN_8001a64c,756
8001a940,FUN_8001a940,472
8001ab18,FUN_8001ab18,452
8001acdc,FUN_8001acdc,472
8001aeb4,FUN_8001aeb4,1140
8001b328,FUN_8001b328,372
8001b49c,FUN_8001b49c,484
8001b680,FUN_8001b680,332
8001b7cc,FUN_8001b7cc,484
8001b9b0,FUN_8001b9b0,324
8001baf4,FUN_8001baf4,484
8001bcd8,FUN_8001bcd8,324
8001be1c,FUN_8001be1c,208
8001beec,FUN_8001beec,812
8001c218,FUN_8001c218,252
8001c314,FUN_8001c314,80
8001c364,FUN_8001c364,720
8001c634,FUN_8001c634,84
8001c688,FUN_8001c688,400
8001c818,FUN_8001c818,400
8001c9a8,FUN_8001c9a8,88
8001ca58,FUN_8001ca58,1892
8001d1bc,FUN_8001d1bc,432
8001d36c,FUN_8001d36c,324
8001d4b0,FUN_8001d4b0,396
8001d63c,FUN_8001d63c,104
8001dad4,FUN_8001dad4,100
8001db38,FUN_8001db38,164
8001dbdc,FUN_8001dbdc,1040
8001dfec,FUN_8001dfec,512
8001e1ec,FUN_8001e1ec,60
8001e228,FUN_8001e228,96
8001e288,FUN_8001e288,68
8001e2cc,FUN_8001e2cc,156
8001e368,FUN_8001e368,200
8001e430,FUN_8001e430,192
8001e4f0,FUN_8001e4f0,112
8001e560,FUN_8001e560,148
8001e688,FUN_8001e688,228
8001e9e8,FUN_8001e9e8,188
8001eacc,FUN_8001eacc,152
8001eb64,FUN_8001eb64,32
8001eb84,SsSetNck,36
8001ec80,FUN_8001ec80,888
8001eff8,FUN_8001eff8,280
8001f110,FUN_8001f110,176
8001f1c0,FUN_8001f1c0,300
8001f2ec,FUN_8001f2ec,272
8001f3fc,FUN_8001f3fc,192
8001f4bc,FUN_8001f4bc,252
8001f5b8,FUN_8001f5b8,104
8001f620,FUN_8001f620,56
8001f658,FUN_8001f658,56
8001f690,FUN_8001f690,36
8001f6b4,FUN_8001f6b4,364
8001f820,FUN_8001f820,48
8001f850,FUN_8001f850,148
8001f96c,FUN_8001f96c,116
8001f9e0,FUN_8001f9e0,64
8001fa88,FUN_8001fa88,44
8001faf4,FUN_8001faf4,44
8001fce4,FUN_8001fce4,48
8001fdac,FUN_8001fdac,48
8001fddc,FUN_8001fddc,48
8001fe0c,FUN_8001fe0c,48
8001fe3c,FUN_8001fe3c,48
8001fe6c,FUN_8001fe6c,28
8001fe94,FUN_8001fe94,44
8001fec0,FUN_8001fec0,228
800202b4,FUN_800202b4,296
80020490,FUN_80020490,156
800205d8,FUN_800205d8,436
8002078c,FUN_8002078c,96
80020a78,FUN_80020a78,116
80020aec,FUN_80020aec,120
80020c04,FUN_80020c04,172
80020eac,FUN_80020eac,104
80020f14,FUN_80020f14,572
80021150,FUN_80021150,356
800212b4,FUN_800212b4,140
80021340,FUN_80021340,312
80021478,FUN_80021478,588
8002171c,FUN_8002171c,316
80021858,FUN_80021858,572
80021aec,FUN_80021aec,52
80021b20,FUN_80021b20,1016
80021f5c,FUN_80021f5c,80
80021fac,FUN_80021fac,152
80022044,FUN_80022044,272
8002216c,FUN_8002216c,496
8002235c,FUN_8002235c,724
80022630,FUN_80022630,520
80022838,FUN_80022838,644
80022c80,FUN_80022c80,552
80023084,FUN_80023084,608
8002348c,FUN_8002348c,524
80023860,FUN_80023860,676
80023b04,FUN_80023b04,1972
800242b8,FUN_800242b8,1976
80024a70,FUN_80024a70,1000
80024e58,FUN_80024e58,72
80025b98,FUN_80025b98,92
80025bf4,FUN_80025bf4,108
80025f40,FUN_80025f40,192
80026000,FUN_80026000,432
800261b0,FUN_800261b0,140
8002623c,FUN_8002623c,384
800263bc,FUN_800263bc,276
800264d0,FUN_800264d0,116
80026544,FUN_80026544,1228
80026a10,FUN_80026a10,492
80026c50,FUN_80026c50,444
80026f4c,FUN_80026f4c,156
80027124,FUN_80027124,56
800271b8,FUN_800271b8,812
8002757c,FUN_8002757c,416
8002795c,FUN_8002795c,792
80027c74,FUN_80027c74,612
80027ed8,FUN_80027ed8,452
8002809c,FUN_8002809c,436
80028250,FUN_80028250,464
800284d8,FUN_800284d8,112
800285ec,FUN_800285ec,360
80028754,FUN_80028754,368
800288c4,FUN_800288c4,444
80028be0,FUN_80028be0,948
80028f94,FUN_80028f94,228
80029078,FUN_80029078,3132
80029cb4,FUN_80029cb4,616
8002ac68,FUN_8002ac68,480
8002af10,FUN_8002af10,264
8002b020,FUN_8002b020,148
8002b3c8,FUN_8002b3c8,1276
8002b8cc,FUN_8002b8cc,84
8002c0e0,FUN_8002c0e0,344
8002c238,FUN_8002c238,516
8002c578,FUN_8002c578,220
8002dc50,FUN_8002dc50,56
8002dcc8,FUN_8002dcc8,40
8002dd1c,FUN_8002dd1c,596
8002df70,FUN_8002df70,988
8002e34c,FUN_8002e34c,200
8002eddc,FUN_8002eddc,116
8002ef20,FUN_8002ef20,320
8002f16c,FUN_8002f16c,536
8002f384,FUN_8002f384,348
8002f4e0,FUN_8002f4e0,1152
8002f960,FUN_8002f960,616
8002fc98,FUN_8002fc98,480
80030f38,FUN_80030f38,148
800310d0,FUN_800310d0,388
80031254,FUN_80031254,148
800312e8,FUN_800312e8,224
800313c8,FUN_800313c8,224
800314a8,FUN_800314a8,224
80031588,FUN_80031588,220
80031664,FUN_80031664,348
800317c0,FUN_800317c0,6188
800331c4,FUN_800331c4,932
800335d4,FUN_800335d4,100
80033638,FUN_80033638,392
80033834,FUN_80033834,296
800339a4,FUN_800339a4,416
80033b44,FUN_80033b44,5056
8003509c,FUN_8003509c,128
80035198,FUN_80035198,348
800352f4,FUN_800352f4,308
80035428,FUN_80035428,580
8003566c,FUN_8003566c,5708
80036cb8,FUN_80036cb8,516
80036f30,FUN_80036f30,372
800371c0,FUN_800371c0,660
80037454,FUN_80037454,2092
80037c80,FUN_80037c80,320
80037e74,FUN_80037e74,328
80037fbc,FUN_80037fbc,104
80038024,FUN_80038024,40
800382fc,FUN_800382fc,272
8003840c,FUN_8003840c,264
800386f4,FUN_800386f4,236
800387e0,FUN_800387e0,244
800388d4,FUN_800388d4,496
80038cd0,FUN_80038cd0,1152
80039338,FUN_80039338,584
80039580,FUN_80039580,1092
800399c4,FUN_800399c4,716
80039e54,FUN_80039e54,848
8003a89c,FUN_8003a89c,416
8003afb4,FUN_8003afb4,2888
8003bafc,FUN_8003bafc,396
8003bd80,FUN_8003bd80,148
8003be14,FUN_8003be14,364
8003c338,FUN_8003c338,536
8003c980,FUN_8003c980,696
8003e300,FUN_8003e300,60
8003e33c,FUN_8003e33c,60
8003e378,FUN_8003e378,84
8003e3cc,FUN_8003e3cc,84
8003e420,FUN_8003e420,84
8003e474,FUN_8003e474,60
8003e4b0,FUN_8003e4b0,60
8003e4ec,FUN_8003e4ec,996
8003f200,FUN_8003f200,804
8003ff48,FUN_8003ff48,816
80040278,FUN_80040278,116
800402ec,FUN_800402ec,880
8004065c,FUN_8004065c,140
8004094c,FUN_8004094c,372
80040ac0,FUN_80040ac0,316
80040bfc,FUN_80040bfc,308
80040d30,FUN_80040d30,376
80040f78,FUN_80040f78,596
800411cc,FUN_800411cc,116
80041ebc,FUN_80041ebc,608
800425c4,FUN_800425c4,764
80042b98,FUN_80042b98,216
80042c70,FUN_80042c70,236
8004306c,FUN_8004306c,500
80043260,FUN_80043260,516
80043c74,FUN_80043c74,268
80043d80,FUN_80043d80,316
80043ebc,FUN_80043ebc,544
8004432c,FUN_8004432c,248
800447c0,FUN_800447c0,480
800449a0,FUN_800449a0,480
80044b80,FUN_80044b80,468
80044d54,FUN_80044d54,452
80044f18,FUN_80044f18,464
800450e8,FUN_800450e8,452
80045344,FUN_80045344,572
80045684,FUN_80045684,380
80045800,FUN_80045800,472
80045bac,FUN_80045bac,352
80045d98,FUN_80045d98,360
80045f00,FUN_80045f00,1808
80046610,FUN_80046610,1864
80046d58,FUN_80046d58,1836
80047484,FUN_80047484,1464
80047af0,FUN_80047af0,900
80047f3c,FUN_80047f3c,408
800482ec,FUN_800482ec,532
80048500,FUN_80048500,588
8004874c,FUN_8004874c,288
800489d8,FUN_800489d8,588
80048e68,FUN_80048e68,404
800490ac,FUN_800490ac,324
800491f0,FUN_800491f0,820
80049524,FUN_80049524,824
80049cdc,FUN_80049cdc,1096
8004a124,FUN_8004a124,936
8004a4cc,FUN_8004a4cc,1276
8004a9c8,FUN_8004a9c8,1204
8004b454,FUN_8004b454,296
8004b7c4,FUN_8004b7c4,740
8004bfe4,FUN_8004bfe4,248
8004c0dc,FUN_8004c0dc,148
8004c418,FUN_8004c418,344
8004c570,FUN_8004c570,344
8004c6c8,FUN_8004c6c8,384
8004c848,FUN_8004c848,696
8004cb00,FUN_8004cb00,1240
8004d260,FUN_8004d260,344
8004d620,FUN_8004d620,1324
8004db4c,FUN_8004db4c,196
8004dc10,FUN_8004dc10,380
8004df00,FUN_8004df00,768
8004e200,FUN_8004e200,212
8004e2d4,FUN_8004e2d4,328
8004e41c,FUN_8004e41c,1272
8004e914,FUN_8004e914,500
8004f38c,FUN_8004f38c,48
8004f3bc,FUN_8004f3bc,48
8004f3ec,FUN_8004f3ec,164
8004f490,FUN_8004f490,168
8004f538,FUN_8004f538,1352
8004fa80,FUN_8004fa80,232
8004fb68,FUN_8004fb68,64
8004fed4,FUN_8004fed4,496
800500c4,FUN_800500c4,872
8005042c,FUN_8005042c,280
80050544,FUN_80050544,172
800505f0,FUN_800505f0,2228
80050ea4,FUN_80050ea4,484
80051088,FUN_80051088,4360
80052190,FUN_80052190,2012
8005296c,FUN_8005296c,1100
80052db8,FUN_80052db8,1348
800532fc,FUN_800532fc,2144
80053b5c,FUN_80053b5c,2412
800544c8,FUN_800544c8,928
80054868,FUN_80054868,976
80054c38,FUN_80054c38,796
80054f54,FUN_80054f54,544
80055174,FUN_80055174,1188
80055618,FUN_80055618,1696
80055cb8,FUN_80055cb8,756
80055fac,FUN_80055fac,1024
800563ac,FUN_800563ac,116
80056420,FUN_80056420,2604
80056e4c,FUN_80056e4c,860
800571a8,FUN_800571a8,224
80057288,FUN_80057288,224
80057368,FUN_80057368,264
80057470,FUN_80057470,416
80057610,FUN_80057610,424
800577b8,FUN_800577b8,496
800579a8,FUN_800579a8,316
80057ae4,FUN_80057ae4,268
80057bf0,FUN_80057bf0,276
80057d04,FUN_80057d04,248
80057dfc,FUN_80057dfc,224
80057edc,FUN_80057edc,652
80058168,FUN_80058168,676
8005840c,FUN_8005840c,504
80058604,FUN_80058604,124
80058680,FUN_80058680,296
800587a8,FUN_800587a8,388
8005892c,FUN_8005892c,492
80058b18,FUN_80058b18,528
80058d28,FUN_80058d28,624
80058f98,FUN_80058f98,552
800591c0,FUN_800591c0,676
80059464,FUN_80059464,128
800594e4,FUN_800594e4,272
800595f4,FUN_800595f4,308
80059728,FUN_80059728,148
800597bc,FUN_800597bc,1416
80059d44,FUN_80059d44,468
8005a014,FUN_8005a014,1932
8005a7a0,FUN_8005a7a0,264
8005a8a8,FUN_8005a8a8,252
8005a9a4,FUN_8005a9a4,188
8005aa74,FUN_8005aa74,2328
8005b38c,FUN_8005b38c,664
8005b624,FUN_8005b624,784
8005b934,FlushCache,12
8005b944,_bu_init,12
8005b954,OpenEvent,12
8005b964,CloseEvent,12
8005b974,TestEvent,12
8005b984,EnableEvent,12
8005b994,OpenTh,12
8005b9a4,CloseTh,12
8005b9b4,ChangeTh,12
8005b9c4,FUN_8005b9c4,16
8005b9d4,FUN_8005b9d4,16
8005b9e4,open,12
8005b9f4,lseek,12
8005ba04,read,12
8005ba14,write,12
8005ba24,close,12
8005ba34,format,12
8005ba44,nextfile,12
8005ba54,erase,12
8005ba64,FUN_8005ba64,8
8005bd14,firstfile,12
8005bd24,bcopy,52
8005bd58,bzero,40
8005bd80,BZERO_OBJ_28,8
8005bd88,memcpy,52
8005bdbc,memset,40
8005bde4,MEMSET_OBJ_28,8
8005bdec,rand,48
8005be1c,srand,16
8005be2c,strcat,140
8005beb8,STRCAT_OBJ_8C,28
8005bed4,strcmp,92
8005bf30,STRCMP_OBJ_5C,8
8005bf38,strcpy,68
8005bf7c,strlen,40
8005bfa4,STRLEN_OBJ_28,8
8005bfac,strncat,84
8005c000,STRNCAT_OBJ_54,20
8005c014,STRNCAT_OBJ_68,4
8005c018,STRNCAT_OBJ_6C,8
8005c020,strncpy,68
8005c064,STRNCPY_OBJ_44,20
8005c08c,STRNCPY_OBJ_6C,12
8005c098,strstr,84
8005c0ec,STRSTR_OBJ_54,32
8005c10c,printf,60
8005c148,prnt,80
8005c198,PRNT_OBJ_50,16
8005c1a8,PRNT_OBJ_60,12
8005c1d0,PRNT_OBJ_88,48
8005c200,PRNT_OBJ_B8,16
8005c210,PRNT_OBJ_C8,8
8005c218,PRNT_OBJ_D0,28
8005c234,PRNT_OBJ_EC,8
8005c23c,PRNT_OBJ_F4,8
8005c244,PRNT_OBJ_FC,124
8005c2c0,PRNT_OBJ_178,16
8005c2d0,PRNT_OBJ_188,8
8005c2d8,PRNT_OBJ_190,88
8005c330,PRNT_OBJ_1E8,8
8005c338,PRNT_OBJ_1F0,8
8005c340,PRNT_OBJ_1F8,8
8005c348,PRNT_OBJ_200,28
8005c364,PRNT_OBJ_21C,4
8005c368,PRNT_OBJ_220,44
8005c394,PRNT_OBJ_24C,24
8005c3ac,PRNT_OBJ_264,60
8005c3e8,PRNT_OBJ_2A0,4
8005c3ec,PRNT_OBJ_2A4,52
8005c420,PRNT_OBJ_2D8,16
8005c430,PRNT_OBJ_2E8,88
8005c488,PRNT_OBJ_340,8
8005c490,PRNT_OBJ_348,4
8005c494,PRNT_OBJ_34C,52
8005c4c8,PRNT_OBJ_380,12
8005c4d4,PRNT_OBJ_38C,48
8005c504,PRNT_OBJ_3BC,20
8005c518,PRNT_OBJ_3D0,4
8005c51c,PRNT_OBJ_3D4,156
8005c5b8,PRNT_OBJ_470,288
8005c6d8,PRNT_OBJ_590,164
8005c77c,PRNT_OBJ_634,24
8005c794,PRNT_OBJ_64C,8
8005c79c,PRNT_OBJ_654,52
8005c7d0,toupper,48
8005c800,tolower,48
8005c830,memchr,32
8005c850,MEMCHR_OBJ_20,40
8005c878,MEMCHR_OBJ_48,8
8005c880,putchar,60
8005c8bc,PUTCHAR_OBJ_3C,40
8005c918,PUTCHAR_OBJ_98,28
8005c934,sprintf,144
8005c9c4,SPRINTF_OBJ_90,304
8005caf4,SPRINTF_OBJ_1C0,160
8005cb94,SPRINTF_OBJ_260,68
8005cbd8,SPRINTF_OBJ_2A4,36
8005cbfc,SPRINTF_OBJ_2C8,12
8005cc08,SPRINTF_OBJ_2D4,12
8005cc14,SPRINTF_OBJ_2E0,12
8005cc20,SPRINTF_OBJ_2EC,32
8005cc40,SPRINTF_OBJ_30C,80
8005cc90,SPRINTF_OBJ_35C,48
8005ccc0,SPRINTF_OBJ_38C,232
8005cda8,SPRINTF_OBJ_474,240
8005ce98,SPRINTF_OBJ_564,20
8005ceac,SPRINTF_OBJ_578,16
8005cebc,SPRINTF_OBJ_588,8
8005cec4,SPRINTF_OBJ_590,240
8005cfb4,SPRINTF_OBJ_680,32
8005cfd4,SPRINTF_OBJ_6A0,132
8005d058,SPRINTF_OBJ_724,52
8005d08c,SPRINTF_OBJ_758,24
8005d0a4,SPRINTF_OBJ_770,148
8005d138,SPRINTF_OBJ_804,88
8005d190,memmove,100
8005d1f4,MEMMOVE_OBJ_64,8
8005d1fc,_card_info,12
8005d20c,_card_load,12
8005d21c,_card_clear,56
8005d254,_card_write,12
8005d264,_new_card,12
8005d274,FUN_8005d274,84
8005d2c8,FUN_8005d2c8,56
8005d330,ChangeClearPAD,12
8005d340,InitCARD2,12
8005d350,StartCARD2,12
8005d360,StopCARD2,12
8005d384,PATCH_OBJ_14,68
8005d3c8,_patch_card,136
8005d464,PATCH_OBJ_F4,28
8005d480,_patch_card2,108
8005d590,DecDCTReset,56
8005d5c8,DecDCTGetEnv,140
8005d654,DecDCTPutEnv,156
8005d6f0,DecDCTBufSize,12
8005d6fc,DecDCTin,48
8005d72c,LIBPRESS_OBJ_19C,44
8005d758,LIBPRESS_OBJ_1C8,32
8005d778,DecDCTout,32
8005d798,DecDCTinSync,44
8005d7c4,LIBPRESS_OBJ_234,16
8005d7d4,DecDCToutSync,44
8005d800,LIBPRESS_OBJ_270,16
8005d810,DecDCTinCallback,36
8005d834,DecDCToutCallback,36
8005d858,MDEC_reset,220
8005d934,LIBPRESS_OBJ_3A4,16
8005d944,LIBPRESS_OBJ_3B4,16
8005d954,MDEC_in,148
8005d9e8,MDEC_out,144
8005da78,MDEC_in_sync,136
8005db00,LIBPRESS_OBJ_570,16
8005db10,MDEC_out_sync,136
8005db98,LIBPRESS_OBJ_608,16
8005dba8,MDEC_status,24
8005dbc0,timeout,304
8005dcf4,DecDCTvlcSize,48
8005dd24,DecDCTvlc,832
8005e088,LoadTPage,168
8005e130,EXT_OBJ_A8,4
8005e134,EXT_OBJ_AC,64
8005e174,LoadClut,104
8005e1dc,LoadClut2,104
8005e244,SetDefDrawEnv,120
8005e2bc,EXT_OBJ_234,88
8005e314,SetDefDispEnv,60
8005e350,GetTPage,176
8005e400,PRIM_OBJ_B0,32
8005e420,GetClut,24
8005e438,DumpTPage,188
8005e4f4,PRIM_OBJ_1A4,20
8005e508,DumpClut,64
8005e548,NextPrim,28
8005e564,IsEndPrim,28
8005e580,AddPrim,60
8005e5bc,AddPrims,60
8005e5f8,CatPrim,36
8005e61c,TermPrim,24
8005e634,SetSemiTrans,32
8005e654,PRIM_OBJ_304,8
8005e65c,SetShadeTex,32
8005e67c,PRIM_OBJ_32C,8
8005e684,SetPolyF3,20
8005e698,SetPolyFT3,20
8005e6ac,SetPolyG3,20
8005e6c0,SetPolyGT3,20
8005e6d4,SetPolyF4,20
8005e6e8,SetPolyFT4,20
8005e6fc,SetPolyG4,20
8005e710,SetPolyGT4,20
8005e724,SetSprt8,20
8005e738,SetSprt16,20
8005e74c,SetSprt,20
8005e760,SetTile1,20
8005e774,SetTile8,20
8005e788,SetTile16,20
8005e79c,SetTile,20
8005e7b0,SetLineF2,20
8005e7c4,SetLineG2,20
8005e7d8,SetLineF3,32
8005e7f8,SetLineG3,32
8005e818,SetLineF4,32
8005e838,SetLineG4,32
8005e858,SetDrawTPage,144
8005e8e8,PRIM_OBJ_598,36
8005e90c,SetDrawMove,96
8005e96c,SetDrawLoad,108
8005e9d8,MargePrim,48
8005ea08,PRIM_OBJ_6B8,8
8005ea10,DumpDrawEnv,364
8005eb7c,PRIM_OBJ_82C,20
8005eb90,DumpDispEnv,172
8005ec3c,ResetGraph,284
8005ed58,SYS_OBJ_11C,80
8005eda8,SYS_OBJ_16C,24
8005edc0,SetGraphReverse,140
8005ee4c,SYS_OBJ_210,136
8005eed4,SetGraphDebug,100
8005ef38,SetGraphQueue,172
8005efe4,GetGraphType,16
8005eff4,GetGraphDebug,16
8005f004,DrawSyncCallback,92
8005f060,SetDispMask,156
8005f0fc,DrawSync,108
8005f168,checkRECT,216
8005f240,SYS_OBJ_604,60
8005f27c,SYS_OBJ_640,20
8005f290,ClearImage,148
8005f324,ClearImage2,156
8005f3c0,LoadImage,100
8005f424,StoreImage,100
8005f488,MoveImage,168
8005f530,SYS_OBJ_8F4,28
8005f54c,ClearOTag,184
8005f604,ClearOTagR,152
8005f69c,DrawPrim,96
8005f6fc,DrawOTag,116
8005f770,PutDrawEnv,260
8005f874,DrawOTagEnv,284
8005f990,GetDrawEnv,56
8005f9c8,PutDispEnv,168
8005fa70,SYS_OBJ_E34,204
8005fb3c,SYS_OBJ_F00,36
8005fb60,SYS_OBJ_F24,52
8005fb94,SYS_OBJ_F58,128
8005fc14,SYS_OBJ_FD8,92
8005fc70,SYS_OBJ_1034,396
8005fdfc,SYS_OBJ_11C0,116
8005fe70,GetDispEnv,56
8005fea8,GetODE,48
8005fed8,SetTexWindow,60
8005ff14,SetDrawArea,132
8005ff98,SetDrawOffset,68
8005ffdc,SetPriority,44
80060008,SetDrawMode,88
80060060,SetDrawEnv,340
800601b4,SYS_OBJ_1578,196
80060278,SetDrawEnv2,340
800603cc,SYS_OBJ_1790,284
800604e8,SYS_OBJ_18AC,32
80060508,get_mode,80
80060558,SYS_OBJ_191C,8
80060560,get_cs,64
800605a0,SYS_OBJ_1964,64
800605e0,SYS_OBJ_19A4,52
80060614,SYS_OBJ_19D8,24
8006062c,get_ce,64
8006066c,SYS_OBJ_1A30,64
800606ac,SYS_OBJ_1A70,52
800606e0,SYS_OBJ_1AA4,24
800606f8,get_ofs,52
8006072c,SYS_OBJ_1AF0,16
8006073c,get_tw,120
800607b4,SYS_OBJ_1B78,12
800607c0,get_dx,64
80060800,SYS_OBJ_1BC4,12
80060864,SYS_OBJ_1C28,4
80060868,SYS_OBJ_1C2C,8
80060870,_status,24
80060888,_otc,232
80060970,_clr,80
800609c0,SYS_OBJ_1D84,60
800609fc,SYS_OBJ_1DC0,420
80060ba0,SYS_OBJ_1F64,44
80060bcc,_dws,100
80060c30,SYS_OBJ_1FF4,56
80060c68,SYS_OBJ_202C,376
80060de0,SYS_OBJ_21A4,40
80060e08,_drs,96
80060e68,SYS_OBJ_222C,56
80060ea0,SYS_OBJ_2264,456
80061068,SYS_OBJ_242C,36
8006108c,_ctl,40
800610b4,_getctl,20
800610c8,_cwb,80
80061118,_cwc,76
80061164,_param,48
80061194,_addque,36
800611b8,_addque2,76
80061204,SYS_OBJ_25C8,292
80061328,SYS_OBJ_26EC,152
800613e4,SYS_OBJ_27A8,148
80061478,SYS_OBJ_283C,32
80061498,_exeque,748
80061784,_reset,292
800618a8,SYS_OBJ_2C6C,56
800618e0,_sync,32
80061900,SYS_OBJ_2CC4,24
80061918,SYS_OBJ_2CDC,124
80061a14,SYS_OBJ_2DD8,20
80061a28,set_alarm,52
80061a5c,get_alarm,348
80061bb8,SYS_OBJ_2F7C,16
80061bc8,_version,212
80061c9c,SYS_OBJ_3060,8
80061ca4,memset,44
80061cd0,GPU_cw,12
80061ce0,OpenTIM,16
80061cf0,ReadTIM,84
80061d44,TMD_OBJ_64,20
80061d58,OpenTMD,64
80061d98,ReadTMD,684
80062044,get_tim_addr,228
80062128,TMD_OBJ_448,32
80062148,TMD_OBJ_468,28
80062164,get_tmd_addr,408
800622fc,unpack_packet,4428
80063448,TMD_OBJ_1768,28
80063464,TMD_OBJ_1784,24
8006347c,rsin,44
800634a8,GEO_00_OBJ_2C,16
800634b8,sin_1,136
80063540,GEO_00_OBJ_C4,8
80063548,rcos,152
800635e0,GEO_01_OBJ_98,8
800635e8,SetFogNear,100
8006364c,csqrt_1,304
8006377c,COR_05_OBJ_130,4
80063780,COR_05_OBJ_134,32
800637a0,csqrt,88
800637f8,COR_05_OBJ_1AC,44
80063824,COR_05_OBJ_1D8,24
80063844,FUN_80063844,128
800638cc,SquareRoot0,124
8006395c,MulMatrix0,268
80063a6c,ApplyMatrixLV,340
80063bcc,ApplyRotMatrix,48
80063bfc,ApplyMatrix,80
80063c4c,ApplyMatrixSV,92
80063cac,ScaleMatrix,292
80063ddc,SetRotMatrix,48
80063e0c,SetLightMatrix,48
80063e3c,SetColorMatrix,48
80063e6c,SetTransMatrix,32
80063e8c,SetVertex0,16
80063e9c,SetVertex1,16
80063eac,SetVertex2,16
80063ebc,SetVertexTri,32
80063edc,SetRGBfifo,20
80063ef0,SetIR123,20
80063f04,SetIR0,12
80063f10,SetSZfifo3,20
80063f24,SetSZfifo4,24
80063f3c,SetSXSYfifo,20
80063f50,SetRii,20
80063f64,SetMAC123,20
80063f78,SetData32,12
80063f84,SetDQA,12
80063f90,SetDQB,12
80063f9c,SetBackColor,32
80063fbc,SetFarColor,32
80063fdc,FUN_80063fdc,24
80063ffc,FUN_80063ffc,12
8006400c,LightColor,40
80064034,DpqColorLight,40
8006405c,DpqColor3,60
80064098,Intpl,36
800640bc,Square12,40
800640e4,Square0,40
8006410c,AverageZ3,32
8006412c,AverageZ4,36
80064150,OuterProduct12,88
800641a8,OuterProduct0,88
80064200,Lzc,24
8006421c,RotTransPers,44
8006424c,RotMatrix,100
800642b0,FGO_01_OBJ_64,104
80064318,FGO_01_OBJ_CC,148
800643ac,FGO_01_OBJ_160,300
800644dc,RotMatrixX,100
80064540,FGO_04_OBJ_64,308
8006467c,RotMatrixY,100
800646e0,FGO_05_OBJ_64,308
8006481c,RotMatrixZ,100
80064880,FGO_06_OBJ_64,308
800649bc,ratan2,188
80064a78,RATAN_OBJ_BC,20
80064b04,RATAN_OBJ_148,20
80064b18,RATAN_OBJ_15C,28
80064b34,RATAN_OBJ_178,8
80064b3c,_patch_gte,104
80064bdc,StSetRing,48
80064c0c,CdInit,124
80064c88,EVENT_OBJ_7C,20
80064c9c,def_cbsync,40
80064cc4,def_cbready,40
80064cec,def_cbread,40
80064d14,DeliverEvent,12
80064d24,CdStatus,16
80064d34,CdMode,16
80064d44,CdLastCom,16
80064d54,CdLastPos,16
80064d64,CdReset,88
80064dbc,SYS_OBJ_98,20
80064dd0,CdFlush,32
80064df0,CdSetDebug,24
80064e08,CdComstr,44
80064e34,SYS_OBJ_110,8
80064e3c,CdIntstr,44
80064e68,SYS_OBJ_144,8
80064e70,CdSync,32
80064e90,CdReady,32
80064eb0,CdSyncCallback,24
80064ec8,CdReadyCallback,24
80064ee0,CdControl,312
80065018,CdControlF,300
80065144,CdControlB,280
8006525c,SYS_OBJ_538,44
80065288,CdMix,32
800652a8,CdGetSector,32
800652c8,CdDataCallback,36
800652ec,CdDataSync,32
8006530c,CdIntToPos,260
80065410,CdPosToInt,128
80065490,getintr,100
800654f4,BIOS_OBJ_64,520
800656fc,BIOS_OBJ_26C,256
800657fc,BIOS_OBJ_36C,76
80065848,BIOS_OBJ_3B8,132
800658cc,BIOS_OBJ_43C,132
80065950,BIOS_OBJ_4C0,136
80065a00,BIOS_OBJ_570,24
80065a18,CD_sync,300
80065b44,BIOS_OBJ_6B4,48
80065b74,BIOS_OBJ_6E4,248
80065c6c,BIOS_OBJ_7DC,44
80065c98,CD_ready,308
80065dcc,BIOS_OBJ_93C,48
80065dfc,BIOS_OBJ_96C,312
80065f34,BIOS_OBJ_AA4,48
80065f64,CD_cw,728
8006623c,BIOS_OBJ_DAC,48
8006626c,BIOS_OBJ_DDC,236
80066358,BIOS_OBJ_EC8,40
80066380,CD_vol,136
80066408,CD_flush,224
800664e8,CD_initvol,244
800665dc,CD_initintr,80
8006662c,CD_init,492
80066818,CD_datasync,284
80066934,BIOS_OBJ_14A4,80
80066984,CD_getsector,256
80066a84,CD_set_test_parmnum,16
80066a94,callback,52
80066ac8,BIOS_OBJ_1638,176
80066b78,puts,44
80066ba4,PUTS_OBJ_2C,36
80066bc8,cb_read,264
80066cd0,CDREAD_OBJ_108,268
80066ddc,cd_read_retry,428
80066f88,CDREAD_OBJ_3C0,32
80066fa8,CdReadBreak,80
80066ff8,CdRead,60
80067034,CDREAD_OBJ_46C,164
800670d8,CdReadSync,144
80067168,CDREAD_OBJ_5A0,60
800671a4,CdReadCallback,24
800671bc,CdRead2,80
8006720c,CDREAD2_OBJ_50,68
80067250,StCdInterrupt2,32
80067270,StClearRing,96
800672d0,FUN_800672d0,88
80067328,data_ready_callback,144
800673b8,StGetBackloc,76
80067404,C_004_OBJ_DC,20
80067418,StSetStream,136
800674a0,StFreeRing,172
8006754c,C_007_OBJ_AC,12
80067558,init_ring_status,60
80067594,StGetNext,196
80067658,FUN_80067658,32
80067678,StCdInterrupt,624
800678e8,C_011_OBJ_270,352
80067a48,C_011_OBJ_3D0,32
80067e34,C_011_OBJ_7BC,160
80067ed4,C_011_OBJ_85C,40
80067f78,C_011_OBJ_900,96
80067fd8,C_011_OBJ_960,16
80067fe8,mem2mem,52
8006801c,dma_execute,140
800680a8,C_011_OBJ_A30,60
80068108,C_011_OBJ_A90,208
800681d8,VSync,132
8006825c,VSYNC_OBJ_84,172
80068308,VSYNC_OBJ_130,24
80068320,v_wait,140
800683ac,VSYNC_OBJ_1D4,16
800683bc,ChangeClearRCnt,12
800683cc,ResetCallback,48
800683fc,InterruptCallback,48
8006842c,DMACallback,48
8006845c,VSyncCallback,52
80068490,VSyncCallbacks,48
800684c0,StopCallback,48
800684f0,RestartCallback,48
80068520,CheckCallback,16
80068530,GetIntrMask,24
80068548,SetIntrMask,28
80068564,startIntr,220
80068640,trapIntr,436
800687f4,INTR_OBJ_428,52
80068828,setIntr,184
800688e0,INTR_OBJ_514,156
8006897c,stopIntr,172
80068a28,restartIntr,116
80068a9c,INTR_OBJ_6D0,20
80068ab0,memclr,44
80068ae4,FUN_80068ae4,12
80068afc,ReturnFromException,12
80068b0c,ResetEntryInt,12
80068b1c,HookEntryInt,12
80068b2c,setjmp,60
80068b68,longjmp,60
80068bac,startIntrVSync,88
80068c04,trapIntrVSync,120
80068c7c,setIntrVSync,44
80068ca8,memclr,44
80068cd4,startIntrDMA,80
80068d24,trapIntrDMA,388
80068ea8,setIntrDMA,160
80068f48,INTR_DMA_OBJ_274,8
80068f50,memclr,44
80068f7c,FUN_80068f7c,24
80068f94,FUN_80068f94,16
80068fc4,FUN_80068fc4,32
80069050,FUN_80069050,204
8006911c,FUN_8006911c,248
80069390,FUN_80069390,56
800693c8,FUN_800693c8,72
80069410,FUN_80069410,72
8006957c,FUN_8006957c,44
800697b4,FUN_800697b4,204
800698c4,FUN_800698c4,820
80069bf8,FUN_80069bf8,240
80069ce8,FUN_80069ce8,528
80069ef8,FUN_80069ef8,632
8006a170,FUN_8006a170,144
8006a200,FUN_8006a200,40
8006a234,SysEnqIntRP,12
8006a244,SysDeqIntRP,12
8006a254,FUN_8006a254,12
8006a270,FUN_8006a270,132
8006a2f4,FUN_8006a2f4,624
8006a564,FUN_8006a564,56
8006a59c,FUN_8006a59c,212
8006ab10,FUN_8006ab10,104
8006ac5c,FUN_8006ac5c,152
8006ada8,FUN_8006ada8,32
8006adc8,FUN_8006adc8,20
8006addc,FUN_8006addc,32
8006adfc,FUN_8006adfc,32
8006ae1c,FUN_8006ae1c,32
8006ae3c,FUN_8006ae3c,20
8006b464,FUN_8006b464,352
8006b720,FUN_8006b720,16
8006bac4,FUN_8006bac4,52
8006be6c,FUN_8006be6c,224
8006bf84,FUN_8006bf84,32
8006bfa4,FUN_8006bfa4,160
8006c044,start,168
8006c0ec,__main,112
8006c15c,__do_global_dtors,104
8006c1c4,InitHeap,12
8006c1d4,_SsClose,380
8006c350,SsSeqClose,36
8006c374,SsSepClose,36
8006c398,SsEnd,160
8006c438,SSEND_OBJ_A0,36
8006c45c,_SsInit,232
8006c544,FUN_8006c544,48
8006c574,SsSetLoop,72
8006c5bc,SsIsEos,72
8006c604,SsSeqOpen,764
8006c900,SSOPENQ_OBJ_2FC,20
8006c914,_SsContBankChange,128
8006c994,_SsContDataEntry,428
8006cb40,CC_6_OBJ_1AC,24
8006cb58,CC_6_OBJ_1C4,4
8006cb5c,CC_6_OBJ_1C8,76
8006cd5c,CC_6_OBJ_3C8,28
8006cd84,CC_6_OBJ_3F0,12
8006cd90,CC_6_OBJ_3FC,52
8006cdc4,_SsContMainVol,216
8006ce9c,_SsContPanpot,208
8006cf6c,_SsContDamper,128
8006cfec,CC_64_OBJ_80,48
8006d01c,_SsContExternal,144
8006d0ac,_SsContNrpn1,180
8006d160,CC_98_OBJ_B4,132
8006d1e4,_SsContNrpn2,256
8006d2e4,CC_99_OBJ_100,28
8006d300,CC_99_OBJ_11C,12
8006d30c,CC_99_OBJ_128,20
8006d320,_SsContRpn1,120
8006d398,_SsContRpn2,120
8006d410,_SsContResetAll,196
8006d4d4,_SsSetNrpnVabAttr0,144
8006d564,_SsSetNrpnVabAttr1,152
8006d5fc,DE_1_OBJ_98,36
8006d620,_SsSetNrpnVabAttr2,144
8006d6b0,_SsSetNrpnVabAttr3,144
8006d740,_SsSetNrpnVabAttr4,180
8006d7f4,_SsUtResolveADSR,92
8006d850,_SsUtBuildADSR,140
8006d8dc,_SsSetNrpnVabAttr5,184
8006d994,_SsSetNrpnVabAttr6,176
8006da44,_SsSetNrpnVabAttr7,176
8006daf4,_SsSetNrpnVabAttr8,180
8006dba8,_SsSetNrpnVabAttr9,184
8006dc60,_SsSetNrpnVabAttr10,180
8006dd14,_SsSetNrpnVabAttr11,168
8006ddbc,_SsSetNrpnVabAttr12,136
8006de44,DE_12_OBJ_88,84
8006de98,_SsSetNrpnVabAttr13,160
8006df38,_SsSetNrpnVabAttr14,160
8006dfd8,_SsSetNrpnVabAttr15,36
8006dffc,_SsSetNrpnVabAttr16,40
8006e090,_SsSetPitchBend,184
8006e148,_SsSetControlChange,480
8006e328,MIDICC_OBJ_1E0,20
8006e35c,MIDICC_OBJ_214,12
8006e368,MIDICC_OBJ_220,12
8006e374,MIDICC_OBJ_22C,20
8006e388,_SsGetMetaEvent,424
8006e530,MIDIMETA_OBJ_1A8,48
8006e560,_SsNoteOn,216
8006e638,MIDINOTE_OBJ_D8,16
8006e648,_SsSetProgramChange,120
8006e6c0,_SsReadDeltaValue,176
8006e770,MIDITIME_OBJ_B0,8
8006e778,_SsInitSoundSeq,456
8006e940,SEQINIT_OBJ_1C8,300
8006ea6c,SEQINIT_OBJ_2F4,16
8006ea7c,SEQINIT_OBJ_304,20
8006ea90,SsSeqPlay,56
8006eac8,SsSepPlay,56
8006eb00,FUN_8006eb00,32
8006eb20,Snd_SetPlayMode,240
8006ec10,PLAYMODE_OBJ_F0,16
8006ec20,SsSetMVol,80
8006ec70,_SsStart,220
8006ed4c,SSSTART_OBJ_DC,176
8006edfc,SSSTART_OBJ_18C,180
8006eeb0,SSSTART_OBJ_240,8
8006eeb8,SSSTART_OBJ_248,8
8006eec0,SSSTART_OBJ_250,24
8006eed8,SsStart,32
8006eef8,SsStart2,32
8006ef18,_SsTrapIntrVSync,64
8006ef58,_SsSeqCalledTbyT_1per2,64
8006ef98,SSSTART_OBJ_328,16
8006efa8,FUN_8006efa8,156
8006f0e0,FUN_8006f0e0,52
8006f118,SsSeqCalledTbyT,628
8006f38c,_SsSndCrescendo,488
8006f574,CRES_OBJ_1E8,16
8006f5c0,CRES_OBJ_234,172
8006f66c,_SsSndDecrescendo,460
8006f838,DECRES_OBJ_1CC,16
8006f864,DECRES_OBJ_1F8,168
8006f90c,_SsSndPause,164
8006f9b0,_SsSndPlay,44
8006f9dc,_SsSeqPlay,236
8006fac8,MIDIREAD_OBJ_EC,4
8006facc,MIDIREAD_OBJ_F0,32
8006faec,_SsSeqGetEof,424
8006fc94,MIDIREAD_OBJ_2B8,28
8006fcb0,_SsGetSeqData,556
8006fedc,MIDIREAD_OBJ_500,20
8006ff20,MIDIREAD_OBJ_544,28
8006ff5c,MIDIREAD_OBJ_580,8
8006ff64,MIDIREAD_OBJ_588,4
8006ff68,MIDIREAD_OBJ_58C,8
8006ff70,MIDIREAD_OBJ_594,36
8006ff94,_SsSndNextSep,264
8007009c,_SsSndReplay,104
80070104,_SsSndStop,360
8007026c,SsSeqStop,40
80070294,SsSepStop,44
800702c0,SsSetTableSize,480
800704a0,SsSetTickMode,80
800704f0,SSTICK_OBJ_50,56
80070528,SSTICK_OBJ_88,40
80070550,SSTICK_OBJ_B0,40
80070578,SSTICK_OBJ_D8,20
8007058c,SSTICK_OBJ_EC,20
800705a0,SSTICK_OBJ_100,24
800705b8,SSTICK_OBJ_118,40
800705e0,SSTICK_OBJ_140,16
800705f8,SSTICK_OBJ_158,20
8007060c,_SsSndSetVol,56
80070644,SsSeqSetVol,48
80070674,SsSepSetVol,56
800706ac,SsSeqGetVol,52
800706e0,_SsSndTempo,220
800707bc,TEMPO_OBJ_DC,12
800707c8,TEMPO_OBJ_E8,248
800708c0,SsUtChangePitch,284
800709dc,UT_CP_OBJ_11C,36
80070a00,SsUtGetProgAtr,240
80070af0,UT_GPA_OBJ_F0,24
80070b08,SsUtGetVagAtr,548
80070d2c,UT_GVA_OBJ_224,24
80070d44,SsUtKeyOnV,372
80070eb8,UT_KEYV_OBJ_174,12
80070ec4,UT_KEYV_OBJ_180,464
80071094,UT_KEYV_OBJ_350,16
800710a4,UT_KEYV_OBJ_360,52
800710d8,SsUtKeyOffV,104
80071140,UT_KEYV_OBJ_3FC,16
80071150,SsUtSetReverbDelay,64
80071190,SsUtSetReverbDepth,152
80071228,SsUtSetReverbType,80
80071278,UT_REV_OBJ_50,60
800712b8,UT_REV_OBJ_90,20
800712cc,SsUtGetReverbType,16
800712dc,SsUtSetReverbFeedback,64
8007131c,FUN_8007131c,32
8007133c,FUN_8007133c,32
8007135c,SsUtSetVagAtr,432
8007150c,UT_SVA_OBJ_1B0,24
80071524,_SsVmDoAllocate,288
80071644,VM_ALOC2_OBJ_120,244
80071738,FUN_80071738,16
80071748,FUN_80071748,20
8007175c,_SsVmFlush,948
80071b10,_SsVmInit,228
80071bf4,VM_INIT_OBJ_E4,556
80071e20,_SsVmKeyOn,296
80071f48,VM_KEY_OBJ_128,956
80072304,VM_KEY_OBJ_4E4,28
80072320,VM_KEY_OBJ_500,24
80072338,VM_KEY_OBJ_518,56
80072370,_SsVmKeyOff,264
80072478,VM_KEY_OBJ_658,68
800724bc,_SsVmSeKeyOn,176
8007256c,VM_KEY_OBJ_74C,60
800725a8,_SsVmSeKeyOff,52
800725dc,KeyOnCheck,8
800725e4,_SsVmAlloc,332
80072730,VM_ALOC1_OBJ_14C,4
80072734,VM_ALOC1_OBJ_150,20
80072748,VM_ALOC1_OBJ_164,264
80072850,note2pitch,188
8007290c,VM_N2P_OBJ_BC,8
80072914,note2pitch2,244
80072a08,VM_N2P_OBJ_1B8,8
80072a10,vmNoiseOn,396
80072b9c,VM_NO1_OBJ_18C,112
80072c0c,VM_NO1_OBJ_1FC,112
80072c7c,VM_NO1_OBJ_26C,40
80072ca4,VM_NO1_OBJ_294,144
80072d34,VM_NO1_OBJ_324,392
80072ebc,VM_NO1_OBJ_4AC,32
80072edc,vmNoiseOff,68
80072f20,_SsVmKeyOffNow,56
80072f58,VM_NOWOF_OBJ_38,152
80072ff0,_SsVmKeyOnNow,456
800731b8,VM_NOWON_OBJ_1C8,112
80073228,VM_NOWON_OBJ_238,112
80073298,VM_NOWON_OBJ_2A8,40
800732c0,VM_NOWON_OBJ_2D0,312
800733f8,VM_NOWON_OBJ_408,120
80073470,VM_NOWON_OBJ_480,100
800734d4,_SsVmPBVoice,372
80073648,VM_PB_OBJ_174,140
800736d4,_SsVmPitchBend,240
800737c4,_SsVmSetSeqVol,780
80073ad0,VM_SEQ_OBJ_30C,160
80073b70,VM_SEQ_OBJ_3AC,140
80073bfc,VM_SEQ_OBJ_438,48
80073c2c,VM_SEQ_OBJ_468,216
80073d04,_SsVmGetSeqVol,108
80073d70,_SsVmGetSeqLVol,80
80073dc0,_SsVmGetSeqRVol,80
80073e10,_SsVmSeqKeyOff,156
80073eac,_SsVmSelectToneAndVag,180
80073f60,_SsVmSetVol,880
800742d0,VM_VOL_OBJ_370,160
80074370,VM_VOL_OBJ_410,100
800743d4,VM_VOL_OBJ_474,40
800743fc,VM_VOL_OBJ_49C,232
800744e4,_SsVmVSetUp,188
800745a0,VM_VSU_OBJ_BC,8
800745a8,FUN_800745a8,16
800745dc,SsSetReservedVoice,40
80074604,VS_SRV_OBJ_28,8
8007460c,SsVabClose,132
80074690,SsVabFakeBody,92
800746ec,VS_VFB_OBJ_5C,20
80074700,SsVabOpenHead,48
80074730,SsVabOpenHeadSticky,48
80074760,SsVabFakeHead,48
80074790,SsVabOpenHeadWithMode,240
80074880,VS_VH_OBJ_180,16
80074890,VS_VH_OBJ_190,448
80074a50,VS_VH_OBJ_350,20
80074a64,VS_VH_OBJ_364,40
80074b0c,VS_VH_OBJ_40C,140
80074b44,VS_VH_OBJ_444,40
80074b6c,FUN_80074b6c,32
80074b8c,_SpuInit,248
80074c84,SpuStart,124
80074d00,_spu_init,220
80074ddc,SPU_OBJ_DC,440
80074f94,_spu_writeByIO,280
800750ac,SPU_OBJ_3AC,148
80075140,SPU_OBJ_440,32
80075160,_spu_FiDMA,192
80075220,SPU_OBJ_520,16
80075230,_spu_r_,188
800752ec,_spu_t,500
800754e0,SPU_OBJ_7E0,136
80075568,SPU_OBJ_868,20
8007557c,_spu_write,112
800755ec,SPU_OBJ_8EC,24
80075604,_spu_read,104
8007566c,_spu_FsetRXX,64
800756ac,SPU_OBJ_9AC,8
800756b4,_spu_FsetRXXa,156
80075750,SPU_OBJ_A50,8
80075758,_spu_FgetRXXa,52
8007578c,SPU_OBJ_A8C,8
80075794,_spu_FsetPCR,80
800757e4,SPU_OBJ_AE4,16
800757f4,_spu_FsetDelayW,44
80075820,_spu_FsetDelayR,44
8007584c,_spu_FwaitFs,64
8007588c,SPU_OBJ_B8C,32
800758ac,_SpuDataCallback,36
800758d0,FUN_800758d0,124
8007594c,DisableEvent,12
8007595c,SpuInitMalloc,76
800759a8,S_M_INIT_OBJ_4C,8
800759b0,SpuMalloc,84
80075a04,S_M_M_OBJ_54,216
80075adc,S_M_M_OBJ_12C,380
80075c58,S_M_M_OBJ_2A8,32
80075c78,_spu_gcSPU,80
80075cc8,S_M_INT_OBJ_50,112
80075d38,S_M_INT_OBJ_C0,440
80075ef0,S_M_INT_OBJ_278,144
80075f80,SpuFree,100
80075fe4,S_M_F_OBJ_64,24
80075ffc,SpuSetNoiseVoice,36
80076020,_SpuSetAnyVoice,56
80076058,S_SAV_OBJ_38,220
80076134,S_SAV_OBJ_114,16
80076208,S_SAV_OBJ_1E8,16
80076218,S_SAV_OBJ_1F8,16
80076228,SpuSetReverb,176
800762d8,S_SR_OBJ_B0,4
800762dc,S_SR_OBJ_B4,28
800762f8,_SpuIsInAllocateArea,44
80076324,S_M_UTIL_OBJ_2C,76
80076370,S_M_UTIL_OBJ_78,8
80076378,_SpuIsInAllocateArea_,56
800763b0,S_M_UTIL_OBJ_B8,76
800763fc,S_M_UTIL_OBJ_104,8
80076404,SpuSetReverbModeParam,368
80076574,S_SRMP_OBJ_170,16
80076584,S_SRMP_OBJ_180,436
80076738,S_SRMP_OBJ_334,236
80076824,S_SRMP_OBJ_420,36
80076848,S_SRMP_OBJ_444,128
800768c8,S_SRMP_OBJ_4C4,52
800768fc,_spu_setReverbAttr,1232
80076dcc,SpuReserveReverbWorkArea,64
80076e0c,S_RRWA_OBJ_40,16
80076e1c,SpuSetReverbDepth,120
80076e94,SpuSetReverbVoice,36
80076eb8,SpuClearReverbWorkArea,156
80076f54,S_CRWA_OBJ_9C,100
80076fb8,S_CRWA_OBJ_100,116
8007702c,S_CRWA_OBJ_174,40
80077054,WaitEvent,12
80077064,SpuSetKey,492
80077250,S_SK_OBJ_1EC,8
80077258,S_SK_OBJ_1F4,8
80077260,SpuRead,96
800772c0,SpuSetTransferStartAddr,72
80077308,S_STSA_OBJ_48,16
80077318,SpuIsTransferCompleted,136
800773a0,S_ITC_OBJ_88,8
800773a8,S_ITC_OBJ_90,24
800773c0,FUN_800773c0,44
800773ec,FUN_800773ec,24
80077404,SpuSetCommonAttr,92
80077460,S_SCA_OBJ_5C,8
80077468,S_SCA_OBJ_64,8
80077470,S_SCA_OBJ_6C,8
80077478,S_SCA_OBJ_74,8
80077480,S_SCA_OBJ_7C,8
80077488,S_SCA_OBJ_84,8
80077490,S_SCA_OBJ_8C,8
80077498,S_SCA_OBJ_94,8
800774a0,S_SCA_OBJ_9C,48
800774d0,S_SCA_OBJ_CC,88
80077528,S_SCA_OBJ_124,8
80077530,S_SCA_OBJ_12C,8
80077538,S_SCA_OBJ_134,8
80077540,S_SCA_OBJ_13C,8
80077548,S_SCA_OBJ_144,8
80077550,S_SCA_OBJ_14C,8
80077558,S_SCA_OBJ_154,8
80077560,S_SCA_OBJ_15C,8
80077568,S_SCA_OBJ_164,48
80077598,S_SCA_OBJ_194,244
8007768c,S_SCA_OBJ_288,84
800776e0,S_SCA_OBJ_2DC,84
80077734,S_SCA_OBJ_330,84
80077788,S_SCA_OBJ_384,16
80077798,SpuRGetAllKeysStatus,180
8007784c,SR_GAKS_OBJ_B4,20
80077860,SR_GAKS_OBJ_C8,8
80077868,SpuGetAllKeysStatus,112
800778d8,SR_GAKS_OBJ_140,24
800e8214,FUN_800e8214,1
800e827c,FUN_800e827c,1
800e8284,FUN_800e8284,1
800e8348,FUN_800e8348,1
800e8618,FUN_800e8618,1
800e86ac,FUN_800e86ac,1
800e8700,FUN_800e8700,1
800e897c,FUN_800e897c,1
800e8a14,FUN_800e8a14,1
800e8a2c,FUN_800e8a2c,1
800e8a5c,FUN_800e8a5c,1
800e8a94,FUN_800e8a94,1
800e8a98,FUN_800e8a98,1
800e8b08,FUN_800e8b08,1
800e8b28,FUN_800e8b28,1
800e8c98,FUN_800e8c98,1
800e8d98,FUN_800e8d98,1
800e8da4,FUN_800e8da4,1
800e8ed4,FUN_800e8ed4,1
800e9040,FUN_800e9040,1
800e9174,FUN_800e9174,1
800e940c,FUN_800e940c,1
800e96e8,FUN_800e96e8,1
800e972c,FUN_800e972c,1
800e9888,FUN_800e9888,1
800e9d08,FUN_800e9d08,1
800e9f60,FUN_800e9f60,1
800e9f74,FUN_800e9f74,1
800ea124,FUN_800ea124,1
800ea37c,FUN_800ea37c,1
800ea544,FUN_800ea544,1
800eab58,FUN_800eab58,1
800eab84,FUN_800eab84,1
800ead48,FUN_800ead48,1
800eaffc,FUN_800eaffc,1
800eb044,FUN_800eb044,1
800eb550,FUN_800eb550,1
800eb714,FUN_800eb714,1
800eb77c,FUN_800eb77c,1
800ebc30,FUN_800ebc30,1
800ec148,FUN_800ec148,1
800ec26c,FUN_800ec26c,1
800ec5e8,FUN_800ec5e8,1
800ec710,FUN_800ec710,1
800ecb40,FUN_800ecb40,1
800ecbbc,FUN_800ecbbc,1
800ecd88,FUN_800ecd88,1
800ed4d0,FUN_800ed4d0,1
800edd28,FUN_800edd28,1
800edeec,FUN_800edeec,1
800edf08,FUN_800edf08,1
800edfb8,FUN_800edfb8,1
800eea7c,FUN_800eea7c,1
800eeae4,FUN_800eeae4,1
800efa80,FUN_800efa80,1
800efaa4,FUN_800efaa4,1
800efc04,FUN_800efc04,1
800efd6c,FUN_800efd6c,1
800f05b0,FUN_800f05b0,1
800f07c0,FUN_800f07c0,1
800f0c0c,FUN_800f0c0c,1
800f126c,FUN_800f126c,1
800f1590,FUN_800f1590,1
800f18c0,FUN_800f18c0,1
800f1a60,FUN_800f1a60,1
800f2ca8,FUN_800f2ca8,1
800f3d84,FUN_800f3d84,1
800f528c,FUN_800f528c,1
800f548c,FUN_800f548c,1
800f6b4c,FUN_800f6b4c,1
800f6d5c,FUN_800f6d5c,1
80102214,FUN_80102214,1
80113754,FUN_80113754,1
80115ea8,FUN_80115ea8,1
80115ee4,FUN_80115ee4,1
80115f88,FUN_80115f88,1
80115fc0,FUN_80115fc0,1
8011611c,FUN_8011611c,1
80116234,FUN_80116234,1
801162d8,FUN_801162d8,1
80116358,FUN_80116358,1
80116398,FUN_80116398,1
801163d4,FUN_801163d4,1
801165c0,FUN_801165c0,1
80116758,FUN_80116758,1
801169d0,FUN_801169d0,1
80116a60,FUN_80116a60,1
80116cdc,FUN_80116cdc,1
80116f74,FUN_80116f74,1
80116fb8,FUN_80116fb8,1
801170f4,FUN_801170f4,1
801171a4,FUN_801171a4,1
801178f4,FUN_801178f4,1
80117f60,FUN_80117f60,1
80118014,FUN_80118014,1
801184fc,FUN_801184fc,1
80118534,FUN_80118534,1
80118558,FUN_80118558,1
801189ec,FUN_801189ec,1
80118ae8,FUN_80118ae8,1
80118ddc,FUN_80118ddc,1
80119940,FUN_80119940,1
8011a32c,FUN_8011a32c,1
8011a544,FUN_8011a544,1
8011a778,FUN_8011a778,1
8011a874,FUN_8011a874,1
8011a87c,FUN_8011a87c,1
8011ab44,FUN_8011ab44,1
8011b6bc,FUN_8011b6bc,1
8011b7c4,FUN_8011b7c4,1
8011b830,FUN_8011b830,1
8011bbfc,FUN_8011bbfc,1
8011bc34,FUN_8011bc34,1
8011bd84,FUN_8011bd84,1
8011c00c,FUN_8011c00c,1
8011c804,FUN_8011c804,1
8011c80c,FUN_8011c80c,1
8011c8c0,FUN_8011c8c0,1
8011c99c,FUN_8011c99c,1
8011ca60,FUN_8011ca60,1
8011cba0,FUN_8011cba0,1
8011cc1c,FUN_8011cc1c,1
8011cd6c,FUN_8011cd6c,1
8011cd84,FUN_8011cd84,1
8011ce64,FUN_8011ce64,1
8011cec0,FUN_8011cec0,1
8011cef0,FUN_8011cef0,1
8011cf2c,FUN_8011cf2c,1
8011cff0,FUN_8011cff0,1
8011d040,FUN_8011d040,1
8011d138,FUN_8011d138,1
8011d1bc,FUN_8011d1bc,1
8011d2dc,FUN_8011d2dc,1
8011d370,FUN_8011d370,1
8011d3f8,FUN_8011d3f8,1
8011d4e0,FUN_8011d4e0,1
8011d4fc,FUN_8011d4fc,1
8011d84c,FUN_8011d84c,1
8011da50,FUN_8011da50,1
8011dbf4,FUN_8011dbf4,1
8011dc34,FUN_8011dc34,1
8011ddc0,FUN_8011ddc0,1
8011de58,FUN_8011de58,1
8011dee8,FUN_8011dee8,1
8011df1c,FUN_8011df1c,1
8011df3c,FUN_8011df3c,1
8011df8c,FUN_8011df8c,1
8011e154,FUN_8011e154,1
8011e30c,FUN_8011e30c,1
8011e3b4,FUN_8011e3b4,1
8011e514,FUN_8011e514,1
8011e594,FUN_8011e594,1
8011e778,FUN_8011e778,1
8011e8e4,FUN_8011e8e4,1
8011ebc0,FUN_8011ebc0,1
8011eec0,FUN_8011eec0,1
8011ef98,FUN_8011ef98,1
8011efa4,FUN_8011efa4,1
8011f134,FUN_8011f134,1
8011f240,FUN_8011f240,1
8011f310,FUN_8011f310,1
8011f330,FUN_8011f330,1
8011f38c,FUN_8011f38c,1
8011f3cc,FUN_8011f3cc,1
8011f3f8,FUN_8011f3f8,1
8011f418,FUN_8011f418,1
8011f41c,FUN_8011f41c,1
8011f474,FUN_8011f474,1
8011f4dc,FUN_8011f4dc,1
8011f508,FUN_8011f508,1
8011f518,FUN_8011f518,1
8011f568,FUN_8011f568,1
8011f5b4,FUN_8011f5b4,1
8011f5b8,FUN_8011f5b8,1
8011f5d8,FUN_8011f5d8,1
8011f634,FUN_8011f634,1
8011f644,FUN_8011f644,1
8011f6c8,FUN_8011f6c8,1
8011f7ec,FUN_8011f7ec,1
8011f844,FUN_8011f844,1
8011f8cc,FUN_8011f8cc,1
8011f978,FUN_8011f978,1
8011f9e0,FUN_8011f9e0,1
8011fa6c,FUN_8011fa6c,1
8011fa74,FUN_8011fa74,1
8011fad4,FUN_8011fad4,1
8011fae8,FUN_8011fae8,1
8011fb10,FUN_8011fb10,1
8011fbb8,FUN_8011fbb8,1
8011fc84,FUN_8011fc84,1
8011fd20,FUN_8011fd20,1
8011fe08,FUN_8011fe08,1
8011fe38,FUN_8011fe38,1
8011fec8,FUN_8011fec8,1
8011ff64,FUN_8011ff64,1
80120140,FUN_80120140,1
80120280,FUN_80120280,1
801202e4,FUN_801202e4,1
8012030c,FUN_8012030c,1
8012032c,FUN_8012032c,1
8012038c,FUN_8012038c,1
801203cc,FUN_801203cc,1
801203d0,FUN_801203d0,1
8012047c,FUN_8012047c,1
80120564,FUN_80120564,1
801206f4,FUN_801206f4,1
801208c4,FUN_801208c4,1
8012095c,FUN_8012095c,1
80120a2c,FUN_80120a2c,1
80120ba0,FUN_80120ba0,1
80120c68,FUN_80120c68,1
80120c88,FUN_80120c88,1
80120d04,FUN_80120d04,1
80120f34,FUN_80120f34,1
80120fc0,FUN_80120fc0,1
801210b4,FUN_801210b4,1
801210e4,FUN_801210e4,1
80121180,FUN_80121180,1
80121254,FUN_80121254,1
801212c4,FUN_801212c4,1
801212d4,FUN_801212d4,1
801213f0,FUN_801213f0,1
801216a0,FUN_801216a0,1
801217f8,FUN_801217f8,1
80121934,FUN_80121934,1
80121994,FUN_80121994,1
80121a40,FUN_80121a40,1
80123344,FUN_80123344,1
80123750,FUN_80123750,1
80123c20,FUN_80123c20,1
80123e04,FUN_80123e04,1
80123e50,FUN_80123e50,1
80123fd0,FUN_80123fd0,1
80124058,FUN_80124058,1
801240a8,FUN_801240a8,1
801242c0,FUN_801242c0,1
80124348,FUN_80124348,1
801243d4,FUN_801243d4,1
80124410,FUN_80124410,1
80124780,FUN_80124780,1
801249e0,FUN_801249e0,1
80124b78,FUN_80124b78,1
80124ba8,FUN_80124ba8,1
80124d10,FUN_80124d10,1
80124ebc,FUN_80124ebc,1
80124efc,FUN_80124efc,1
80124f1c,FUN_80124f1c,1
80124f3c,FUN_80124f3c,1
80124fa4,FUN_80124fa4,1
80124fd4,FUN_80124fd4,1
80125044,FUN_80125044,1
80125074,FUN_80125074,1
801250a4,FUN_801250a4,1
801251b0,FUN_801251b0,1
801252b8,FUN_801252b8,1
8012538c,FUN_8012538c,1
8012555c,FUN_8012555c,1
801257f4,FUN_801257f4,1
80125868,FUN_80125868,1
801258e4,FUN_801258e4,1
8012593c,FUN_8012593c,1
80125984,FUN_80125984,1
80125994,FUN_80125994,1
80125a28,FUN_80125a28,1
80125aac,FUN_80125aac,1
80125ae4,FUN_80125ae4,1
80125b88,FUN_80125b88,1
80125c1c,FUN_80125c1c,1
80125c50,FUN_80125c50,1
80125c84,FUN_80125c84,1
80125da4,FUN_80125da4,1
80125f04,FUN_80125f04,1
80125f30,FUN_80125f30,1
80125fbc,FUN_80125fbc,1
80126004,FUN_80126004,1
80126010,FUN_80126010,1
801260f8,FUN_801260f8,1
80126198,FUN_80126198,1
80126240,FUN_80126240,1
801262f8,FUN_801262f8,1
80126464,FUN_80126464,1
80126564,FUN_80126564,1
80126698,FUN_80126698,1
80126770,FUN_80126770,1
8012687c,FUN_8012687c,1
80126940,FUN_80126940,1
801269d0,FUN_801269d0,1
80126a64,FUN_80126a64,1
80126a70,FUN_80126a70,1
80126b50,FUN_80126b50,1
80126bbc,FUN_80126bbc,1
80126c60,FUN_80126c60,1
80126ca4,FUN_80126ca4,1
80126cc4,FUN_80126cc4,1
80126d04,FUN_80126d04,1
80126d2c,FUN_80126d2c,1
80126d48,FUN_80126d48,1
80126d7c,FUN_80126d7c,1
80126e8c,FUN_80126e8c,1
80126f64,FUN_80126f64,1
80126f68,FUN_80126f68,1
80126fe4,FUN_80126fe4,1
801270ac,FUN_801270ac,1
801274b0,FUN_801274b0,1
8012767c,FUN_8012767c,1
8012788c,FUN_8012788c,1
80127fdc,FUN_80127fdc,1
80128054,FUN_80128054,1
801280dc,FUN_801280dc,1
801294b4,FUN_801294b4,1
80129524,FUN_80129524,1
80129a9c,FUN_80129a9c,1
80129be4,FUN_80129be4,1
8012a124,FUN_8012a124,1
8012a890,FUN_8012a890,1
8012a8b8,FUN_8012a8b8,1
8012b454,FUN_8012b454,1
8012bedc,FUN_8012bedc,1
8012c858,FUN_8012c858,1
8012ccf8,FUN_8012ccf8,1
8012e010,FUN_8012e010,1
8012efc4,FUN_8012efc4,1
8012fb4c,FUN_8012fb4c,1
80130320,FUN_80130320,1
801306f0,FUN_801306f0,1
80134e60,FUN_80134e60,1
