address,size,name
800e9f74,500,FUN_800e9f74
800ea168,184,FUN_800ea168
800ea220,100,FUN_800ea220
800ea284,704,func_800EA284
800ea544,312,FUN_800ea544
800ea67c,1936,FUN_800ea67c
800eae0c,496,FUN_800eae0c
800eaffc,204,FUN_800eaffc
800eb0c8,468,FUN_800eb0c8
800eb29c,248,FUN_800eb29c
800eb394,376,FUN_800eb394
800eb50c,416,FUN_800eb50c
800eb6ac,580,FUN_800eb6ac
800eb8f0,256,FUN_800eb8f0
800eb9f0,344,FUN_800eb9f0
800ebb48,284,FUN_800ebb48
800ebc64,220,FUN_800ebc64
800ebd40,552,FUN_800ebd40
800ebf68,1040,FUN_800ebf68
800ec378,168,FUN_800ec378
800ec420,468,FUN_800ec420
800ec5f4,284,FUN_800ec5f4
800ec710,316,FUN_800ec710
800ec84c,372,FUN_800ec84c
800ec9c0,968,FUN_800ec9c0
800ecd88,668,FUN_800ecd88
800ed024,564,FUN_800ed024
800ed258,1272,FUN_800ed258
800ed750,1212,FUN_800ed750
800edc0c,8,func_800EDC0C
800edc14,488,FUN_800edc14
800eddfc,408,func_800EDDFC
800edf94,504,FUN_800edf94
800ee18c,208,FUN_800ee18c
800ee25c,72,func_800EE25C
800ee2a4,304,FUN_800ee2a4
800ee3d4,84,func_800EE3D4
800ee428,44,FUN_800ee428
800ee454,140,func_800EE454
800ee4e0,60,FUN_800ee4e0
800ee51c,68,func_800EE51C
800ee560,104,FUN_800ee560
800ee5c8,184,func_800EE5C8
800ee680,80,ObjMotionStep
800ee6d0,272,FUN_800ee6d0
800ee7e0,172,FUN_800ee7e0
800ee88c,148,FUN_800ee88c
800ee920,40,func_800EE920
800ee948,132,FUN_800ee948
800ee9cc,112,FUN_800ee9cc
800eea3c,64,func_800EEA3C
800eea7c,104,FUN_800eea7c
800eeae4,120,FUN_800eeae4
800eeb5c,104,PlayerSetAnimIfChanged
800eebc4,124,FUN_800eebc4
800eec40,512,func_800EEC40
800eee40,80,func_800EEE40
800eee90,124,FUN_800eee90
800eef0c,336,FUN_800eef0c
800ef05c,244,FUN_800ef05c
800ef150,92,FUN_800ef150
800ef1ac,476,FUN_800ef1ac
800ef388,216,FUN_800ef388
800ef460,48,func_800EF460
800ef490,84,FUN_800ef490
800ef4e4,164,FUN_800ef4e4
800ef588,164,func_800EF588
800ef62c,172,func_800EF62C
800ef6d8,136,FUN_800ef6d8
800ef760,800,func_800EF760
800efa80,388,FUN_800efa80
800efc04,136,ObjSetAnimFromTable
800efc8c,656,func_800EFC8C
800eff1c,400,FUN_800eff1c
800f00ac,712,FUN_800f00ac
800f0374,220,FUN_800f0374
800f0450,64,FUN_800f0450
800f0490,1740,FUN_800f0490
800f0b5c,204,FUN_800f0b5c
800f0c28,596,FUN_800f0c28
800f0e7c,1164,func_800F0E7C
800f1308,368,FUN_800f1308
800f1478,2252,FUN_800f1478
800f1d44,2280,func_800F1D44
800f262c,248,FUN_800f262c
800f2724,380,FUN_800f2724
800f28a0,316,FUN_800f28a0
800f29dc,84,func_800F29DC
800f2a30,360,func_800F2A30
800f2b98,2632,FUN_800f2b98
800f35e0,188,FUN_800f35e0
800f369c,68,func_800F369C
800f36e0,2060,FUN_800f36e0
800f3eec,80,func_800F3EEC
800f3f3c,1040,func_800F3F3C
800f434c,132,FUN_800f434c
800f43d0,224,func_800F43D0
800f44b0,2488,FUN_800f44b0
800f4e68,52,func_800F4E68
800f4e9c,52,func_800F4E9C
800f4ed0,324,FUN_800f4ed0
800f5014,100,FUN_800f5014
800f5078,5740,func_800F5078
800f66e4,216,FUN_800f66e4
800f67bc,1144,func_800F67BC
800f6c34,332,FUN_800f6c34
800f6d80,168,func_800F6D80
800f6e28,272,FUN_800f6e28
800f6f38,292,FUN_800f6f38
800f705c,2524,func_800F705C
800f7a38,116,FUN_800f7a38
800f7aac,1408,func_800F7AAC
800f802c,112,FUN_800f802c
800f809c,148,FUN_800f809c
800f8130,1328,FUN_800f8130
800f8660,136,FUN_800f8660
800f86e8,1172,func_800F86E8
800f8b7c,432,FUN_800f8b7c
800f8d2c,2076,FUN_800f8d2c
800f9548,316,FUN_800f9548
800f9684,548,FUN_800f9684
800f98a8,1908,func_800F98A8
800fa01c,832,func_800FA01C
800fa35c,1472,FUN_800fa35c
800fa91c,1232,func_800FA91C
800fadec,680,func_800FADEC
800fb094,44,func_800FB094
800fb0c0,448,FUN_800fb0c0
800fb280,240,FUN_800fb280
800fb370,164,FUN_800fb370
800fb414,12,func_800FB414
800fb420,2252,FUN_800fb420
800fbcec,200,func_800FBCEC
800fbdb4,632,func_800FBDB4
800fc02c,216,FUN_800fc02c
800fc104,136,func_800FC104
800fc18c,180,func_800FC18C
800fc240,468,func_800FC240
800fc414,3908,FUN_800fc414
800fd358,2084,FUN_800fd358
800fdb7c,1472,FUN_800fdb7c
800fe13c,1568,FUN_800fe13c
800fe75c,304,FUN_800fe75c
800fe88c,108,func_800FE88C
800fe8f8,148,func_800FE8F8
800fe98c,1768,FUN_800fe98c
800ff074,116,func_800FF074
800ff0e8,796,func_800FF0E8
800ff404,524,func_800FF404
800ff610,2228,FUN_800ff610
800ffec4,2244,FUN_800ffec4
80100788,4088,func_80100788
80101780,236,FUN_80101780
8010186c,204,FUN_8010186c
80101938,1084,func_80101938
80101d74,924,func_80101D74
80102110,260,FUN_80102110
80102214,2036,FUN_80102214
80102a08,84,FUN_80102a08
80102a5c,100,FUN_80102a5c
80102ac0,1012,func_80102AC0
80102eb4,140,FUN_80102eb4
80102f40,700,func_80102F40
801031fc,148,FUN_801031fc
80103290,920,func_80103290
80103628,332,FUN_80103628
80103774,100,FUN_80103774
801037d8,1252,FUN_801037d8
80103cbc,132,FUN_80103cbc
80103d40,768,FUN_80103d40
80104040,144,FUN_80104040
801040d0,804,func_801040D0
801043f4,96,FUN_801043f4
80104454,580,FUN_80104454
80104698,808,func_80104698
801049c0,68,func_801049C0
80104a04,724,func_80104A04
80104cd8,240,FUN_80104cd8
80104dc8,216,FUN_80104dc8
80104ea0,140,func_80104EA0
80104f2c,92,func_80104F2C
80104f88,1804,func_80104F88
80105694,928,func_80105694
80105a34,176,func_80105A34
80105ae4,232,FUN_80105ae4
80105bcc,2308,FUN_80105bcc
801064d0,500,FUN_801064d0
801066c4,852,func_801066C4
80106a18,312,FUN_80106a18
80106b50,608,FUN_80106b50
80106db0,488,FUN_80106db0
80106f98,84,FUN_80106f98
80106fec,784,func_80106FEC
801072fc,196,func_801072FC
801073c0,464,FUN_801073c0
80107590,72,func_80107590
801075d8,1576,FUN_801075d8
80107c00,972,func_80107C00
80107fcc,412,func_80107FCC
80108168,464,func_80108168
80108338,976,func_80108338
80108708,968,func_80108708
80108ad0,748,func_80108AD0
80108dbc,420,FUN_80108dbc
80108f60,128,FUN_80108f60
80108fe0,88,func_80108FE0
80109038,1116,func_80109038
80109494,856,FUN_80109494
801097ec,308,FUN_801097ec
80109920,152,FUN_80109920
801099b8,1176,FUN_801099b8
80109e50,792,FUN_80109e50
8010a168,944,func_8010A168
8010a518,1244,FUN_8010a518
8010a9f4,668,func_8010A9F4
8010ac90,516,FUN_8010ac90
8010ae94,304,FUN_8010ae94
8010afc4,140,FUN_8010afc4
8010b050,872,func_8010B050
8010b3b8,140,FUN_8010b3b8
8010b444,832,func_8010B444
8010b784,252,func_8010B784
8010b880,1160,func_8010B880
8010bd08,432,func_8010BD08
8010beb8,184,func_8010BEB8
8010bf70,196,FUN_8010bf70
8010c034,1916,FUN_8010c034
8010c7b0,292,FUN_8010c7b0
8010c8d4,324,FUN_8010c8d4
8010ca18,912,FUN_8010ca18
8010cda8,520,FUN_8010cda8
8010cfb0,152,func_8010CFB0
8010d048,568,FUN_8010d048
8010d280,272,FUN_8010d280
8010d390,1120,FUN_8010d390
8010d7f0,152,func_8010D7F0
8010d888,644,func_8010D888
8010db0c,568,FUN_8010db0c
8010dd44,72,FUN_8010dd44
8010dd8c,504,FUN_8010dd8c
8010df84,400,FUN_8010df84
8010e114,532,func_8010E114
8010e328,700,func_8010E328
8010e5e4,68,func_8010E5E4
8010e628,68,func_8010E628
8010e66c,684,func_8010E66C
8010e918,100,func_8010E918
8010e97c,380,func_8010E97C
8010eaf8,1532,FUN_8010eaf8
8010f0f4,352,ObjGravityStep
8010f254,212,func_8010F254
8010f328,216,FUN_8010f328
8010f400,2672,FUN_8010f400
8010fe70,1092,FUN_8010fe70
801102b4,1196,func_801102B4
80110760,1356,FUN_80110760
80110cac,576,func_80110CAC
80110eec,240,FUN_80110eec
80110fdc,400,func_80110FDC
8011116c,464,FUN_8011116c
8011133c,128,FUN_8011133c
801113bc,160,FUN_801113bc
8011145c,308,FUN_8011145c
80111590,388,FUN_80111590
80111714,364,FUN_80111714
80111880,156,FUN_80111880
8011191c,308,FUN_8011191c
80111a50,144,FUN_80111a50
80111ae0,96,func_80111AE0
80111b40,648,FUN_80111b40
80111dc8,400,func_80111DC8
80111f58,684,FUN_80111f58
80112204,796,func_80112204
80112520,200,FUN_80112520
801125e8,636,FUN_801125e8
80112864,24,func_80112864
8011287c,28,func_8011287C
80112898,88,func_80112898
801128f0,8,func_801128F0
801128f8,32,FUN_801128f8
80112918,184,FUN_80112918
801129d0,528,FUN_801129d0
80112be0,68,FUN_80112be0
80112c24,1040,func_80112C24
80113034,900,func_80113034
801133b8,204,FUN_801133b8
80113484,720,FUN_80113484
80113754,72,FUN_80113754
8011379c,32,FUN_8011379c
801137bc,204,FUN_801137bc
80113888,300,FUN_80113888
801139b4,216,FUN_801139b4
80113a8c,224,FUN_80113a8c
80113b6c,340,FUN_80113b6c
80113cc0,8,func_80113CC0
80113cc8,624,FUN_80113cc8
80113f38,904,func_80113F38
801142c0,924,func_801142C0
8011465c,48,FUN_8011465c
8011468c,516,FUN_8011468c
80114890,64,FUN_80114890
801148d0,152,FUN_801148d0
80114968,160,FUN_80114968
80114a08,64,FUN_80114a08
80116258,96,func_80116258
801162b8,260,func_801162B8
801163bc,464,func_801163BC
8011658c,788,func_8011658C
801168a0,32,FUN_801168a0
801168c0,64,func_801168C0
80116900,32,func_80116900
80116920,156,func_80116920
801169bc,84,func_801169BC
80116a10,512,func_80116A10
80116c10,8,func_80116C10
80116c18,132,func_80116C18
80116c9c,8,func_80116C9C
80116ca4,120,func_80116CA4
80116d50,8,func_80116D50
80116d58,360,func_80116D58
80116ec0,476,func_80116EC0
8011709c,120,func_8011709C
80117114,456,func_80117114
801172dc,332,func_801172DC
80117428,8,func_80117428
80117430,96,func_80117430
801174c4,8,func_801174C4
801174cc,212,func_801174CC
801175a0,368,func_801175A0
80117710,180,func_80117710
801177c4,264,func_801177C4
801178cc,92,func_801178CC
80117928,384,func_80117928
80117aa8,424,func_80117AA8
80117c50,92,func_80117C50
80117cac,16,func_80117CAC
80117cbc,216,func_80117CBC
80117d94,516,func_80117D94
80117f98,168,func_80117F98
80118040,8,func_80118040
80118048,100,func_80118048
801180ac,616,func_801180AC
80118314,24,func_80118314
8011832c,100,func_8011832C
80118390,16,func_80118390
80118440,140,func_80118440
801184cc,120,func_801184CC
80118544,36,func_80118544
80118568,504,func_80118568
80118760,412,func_80118760
801188fc,20,func_801188FC
80118910,220,func_80118910
801189ec,1008,func_801189EC
80118ddc,756,func_80118DDC
801190d0,316,func_801190D0
8011920c,312,func_8011920C
80119344,716,func_80119344
80119610,148,func_80119610
801196a4,624,func_801196A4
80119914,312,func_80119914
80119a4c,268,func_80119A4C
80119b58,1372,func_80119B58
8011a0b4,916,func_8011A0B4
8011a448,80,func_8011A448
8011a498,356,func_8011A498
8011a5fc,996,func_8011A5FC
8011a9e0,700,func_8011A9E0
8011ac9c,220,func_8011AC9C
8011ad78,356,func_8011AD78
8011aedc,352,func_8011AEDC
8011b03c,308,func_8011B03C
8011b170,16,func_8011B170
8011b330,332,func_8011B330
8011b47c,856,func_8011B47C
8011b7d4,92,func_8011B7D4
8011b830,1660,func_8011B830
8011beac,352,func_8011BEAC
8011c00c,1472,func_8011C00C
8011c5cc,396,func_8011C5CC
8011c758,180,func_8011C758
8011c80c,180,func_8011C80C
8011c8c0,220,func_8011C8C0
8011ca00,96,func_8011CA00
8011ca60,320,func_8011CA60
8011cba0,124,func_8011CBA0
8011cc1c,188,func_8011CC1C
8011ccd8,148,func_8011CCD8
8011cd6c,248,func_8011CD6C
8011ce64,200,func_8011CE64
8011cf2c,196,func_8011CF2C
8011cff0,80,func_8011CFF0
8011d040,248,func_8011D040
8011d138,420,func_8011D138
8011d334,60,func_8011D334
8011d370,124,func_8011D370
8011d3ec,12,func_8011D3EC
8011d3f8,260,func_8011D3F8
8011d5f4,16,func_8011D5F4
8011d604,184,func_8011D604
8011d6bc,244,func_8011D6BC
8011d7b0,16,func_8011D7B0
8011d7e0,172,func_8011D7E0
8011d88c,56,func_8011D88C
8011d8c4,52,func_8011D8C4
8011d8f8,80,func_8011D8F8
8011d948,92,func_8011D948
8011d9a4,44,func_8011D9A4
8011d9d0,272,func_8011D9D0
8011dae0,48,func_8011DAE0
8011db10,8,func_8011DB10
8011dc0c,64,func_8011DC0C
8011dc4c,16,func_8011DC4C
8011dc5c,236,func_8011DC5C
8011dd48,284,func_8011DD48
8011de64,628,func_8011DE64
8011e0d8,204,func_8011E0D8
8011e1a4,76,func_8011E1A4
8011e1f0,360,func_8011E1F0
8011e358,504,func_8011E358
8011e550,312,func_8011E550
8011e688,40,func_8011E688
8011e6b0,188,func_8011E6B0
8011e76c,16,func_8011E76C
8011eae8,32,func_8011EAE8
8011eb08,816,func_8011EB08
8011ee38,24,func_8011EE38
8011ee50,16,func_8011EE50
8011ee60,952,func_8011EE60
8011f218,712,func_8011F218
8011f4e0,880,func_8011F4E0
8011f850,56,func_8011F850
8011f888,56,func_8011F888
8011f8c0,16,func_8011F8C0
8011f8d0,356,func_8011F8D0
8011fa34,16,func_8011FA34
8011fa44,348,func_8011FA44
8011fba0,628,func_8011FBA0
8011fe14,16,func_8011FE14
8011fe24,348,func_8011FE24
8011ff80,480,func_8011FF80
80120160,464,func_80120160
80120330,16,func_80120330
80120340,348,func_80120340
8012049c,412,func_8012049C
80120638,8,func_80120638
80120640,128,func_80120640
801206c0,1428,func_801206C0
80120c54,332,func_80120C54
80120da0,976,func_80120DA0
80121170,8,func_80121170
80121178,120,func_80121178
801211f0,16,func_801211F0
801212a0,304,func_801212A0
801213d0,36,func_801213D0
801213f4,444,func_801213F4
801215b0,444,func_801215B0
8012176c,36,func_8012176C
80121790,204,func_80121790
8012185c,240,func_8012185C
8012194c,8,func_8012194C
80121954,504,func_80121954
80121b4c,12,func_80121B4C
80121b58,84,func_80121B58
80121bac,348,func_80121BAC
80121d08,100,func_80121D08
80121d6c,548,func_80121D6C
80121f90,16,func_80121F90
80122044,212,func_80122044
80122118,760,func_80122118
80122410,8,func_80122410
80122418,936,func_80122418
801227c0,8,func_801227C0
801227c8,132,func_801227C8
8012284c,112,func_8012284C
801228bc,212,func_801228BC
80122990,136,func_80122990
80122a18,148,func_80122A18
80122aac,356,func_80122AAC
80122c10,172,func_80122C10
80122cbc,300,func_80122CBC
80122de8,300,func_80122DE8
80122f14,4,func_80122F14
80122f18,8,func_80122F18
80122f54,76,func_80122F54
80122fa0,596,func_80122FA0
801231f4,1188,func_801231F4
80123698,8,func_80123698
801236a0,144,func_801236A0
80123730,180,func_80123730
801237e4,712,func_801237E4
80123aac,232,func_80123AAC
80123b94,388,func_80123B94
80123d18,76,func_80123D18
80123d64,1016,func_80123D64
8012415c,704,func_8012415C
8012441c,180,func_8012441C
801244d0,888,func_801244D0
80124848,212,func_80124848
8012491c,180,func_8012491C
801249d0,256,func_801249D0
80124ad0,1112,func_80124AD0
80124f28,16,func_80124F28
80124f38,636,func_80124F38
801251b4,1072,func_801251B4
