prog,address,size,name,parts
MAIN0,20000000,1,gte_ldv0,gte_ldv0
MAIN0,20000004,1,gte_ldv1,gte_ldv1
MAIN0,20000008,1,gte_ldv2,gte_ldv2
MAIN0,2000000c,1,gte_ldv3,gte_ldv3
MAIN0,20000010,1,gte_ldv3c,gte_ldv3c
MAIN0,20000014,1,gte_ldv3c_vertc,gte_ldv3c_vertc
MAIN0,20000018,1,gte_ldv01,gte_ldv01
MAIN0,2000001c,1,gte_ldv01c,gte_ldv01c
MAIN0,20000020,1,gte_ldrgb,gte_ldrgb
MAIN0,20000024,1,gte_ldrgb3,gte_ldrgb3
MAIN0,20000028,1,gte_ldrgb3c,gte_ldrgb3c
MAIN0,2000002c,1,gte_ldlv0,gte_ldlv0
MAIN0,20000030,1,gte_ldlvl,gte_ldlvl
MAIN0,20000034,1,gte_ldsv,gte_ldsv
MAIN0,20000038,1,gte_ldbv,gte_ldbv
MAIN0,2000003c,1,gte_ldcv,gte_ldcv
MAIN0,20000040,1,gte_ldclmv,gte_ldclmv
MAIN0,20000044,1,gte_lddp,gte_lddp
MAIN0,20000048,1,gte_ldsxy0,gte_ldsxy0
MAIN0,2000004c,1,gte_ldsxy1,gte_ldsxy1
MAIN0,20000050,1,gte_ldsxy2,gte_ldsxy2
MAIN0,20000054,1,gte_ldsxy3,gte_ldsxy3
MAIN0,20000058,1,gte_ldsxy3c,gte_ldsxy3c
MAIN0,2000005c,1,gte_ldsz3,gte_ldsz3
MAIN0,20000060,1,gte_ldsz4,gte_ldsz4
MAIN0,20000064,1,gte_ldopv1,gte_ldopv1
MAIN0,20000068,1,gte_ldopv2,gte_ldopv2
MAIN0,2000006c,1,gte_ldopv1SV,gte_ldopv1SV
MAIN0,20000070,1,gte_ldopv2SV,gte_ldopv2SV
MAIN0,20000074,1,gte_ldlzc,gte_ldlzc
MAIN0,20000078,1,gte_SetRGBcd,gte_SetRGBcd
MAIN0,2000007c,1,gte_ldbkdir,gte_ldbkdir
MAIN0,20000080,1,gte_SetBackColor,gte_SetBackColor
MAIN0,20000084,1,gte_ldfcdir,gte_ldfcdir
MAIN0,20000088,1,gte_SetFarColor,gte_SetFarColor
MAIN0,2000008c,1,gte_SetGeomOffset,gte_SetGeomOffset
MAIN0,20000090,1,gte_SetGeomScreen,gte_SetGeomScreen
MAIN0,20000094,1,gte_ldsvrtrow0,gte_ldsvrtrow0
MAIN0,20000098,1,gte_SetRotMatrix,gte_SetRotMatrix
MAIN0,2000009c,1,gte_ldsvllrow0,gte_ldsvllrow0
MAIN0,200000a0,1,gte_SetLightMatrix,gte_SetLightMatrix
MAIN0,200000a4,1,gte_ldsvlcrow0,gte_ldsvlcrow0
MAIN0,200000a8,1,gte_SetColorMatrix,gte_SetColorMatrix
MAIN0,200000ac,1,gte_SetTransMatrix,gte_SetTransMatrix
MAIN0,200000b0,1,gte_ldtr,gte_ldtr
MAIN0,200000b4,1,gte_SetTransVector,gte_SetTransVector
MAIN0,200000b8,1,gte_ld_intpol_uv0,gte_ld_intpol_uv0
MAIN0,200000bc,1,gte_ld_intpol_uv1,gte_ld_intpol_uv1
MAIN0,200000c0,1,gte_ld_intpol_bv0,gte_ld_intpol_bv0
MAIN0,200000c4,1,gte_ld_intpol_bv1,gte_ld_intpol_bv1
MAIN0,200000c8,1,gte_ld_intpol_sv0,gte_ld_intpol_sv0
MAIN0,200000cc,1,gte_ldfc,gte_ldfc
MAIN0,200000d0,1,gte_stsxy,gte_stsxy
MAIN0,200000d4,1,gte_stsxy3,gte_stsxy3
MAIN0,200000d8,1,gte_stsxy3c,gte_stsxy3c
MAIN0,200000dc,1,gte_stsxy2,gte_stsxy2
MAIN0,200000e0,1,gte_stsxy1,gte_stsxy1
MAIN0,200000e4,1,gte_stsxy0,gte_stsxy0
MAIN0,200000e8,1,gte_stsxy01,gte_stsxy01
MAIN0,200000ec,1,gte_stsxy01c,gte_stsxy01c
MAIN0,200000f0,1,gte_stsxy3_f3,gte_stsxy3_f3
MAIN0,200000f4,1,gte_stsxy3_g3,gte_stsxy3_g3
MAIN0,200000f8,1,gte_stsxy3_ft3,gte_stsxy3_ft3
MAIN0,200000fc,1,gte_stsxy3_gt3,gte_stsxy3_gt3
MAIN0,20000100,1,gte_stsxy3_f4,gte_stsxy3_f4
MAIN0,20000104,1,gte_stsxy3_g4,gte_stsxy3_g4
MAIN0,20000108,1,gte_stsxy3_ft4,gte_stsxy3_ft4
MAIN0,2000010c,1,gte_stsxy3_gt4,gte_stsxy3_gt4
MAIN0,20000110,1,gte_stdp,gte_stdp
MAIN0,20000114,1,gte_stflg,gte_stflg
MAIN0,20000118,1,gte_stflg_4,gte_stflg_4
MAIN0,2000011c,1,gte_stsz,gte_stsz
MAIN0,20000120,1,gte_stsz3,gte_stsz3
MAIN0,20000124,1,gte_stsz4,gte_stsz4
MAIN0,20000128,1,gte_stsz3c,gte_stsz3c
MAIN0,2000012c,1,gte_stsz4c,gte_stsz4c
MAIN0,20000130,1,gte_stszotz,gte_stszotz
MAIN0,20000134,1,gte_stotz,gte_stotz
MAIN0,20000138,1,gte_stopz,gte_stopz
MAIN0,2000013c,1,gte_stlvl,gte_stlvl
MAIN0,20000140,1,gte_stlvnl,gte_stlvnl
MAIN0,20000144,1,gte_stlvnl0,gte_stlvnl0
MAIN0,20000148,1,gte_stlvnl1,gte_stlvnl1
MAIN0,2000014c,1,gte_stlvnl2,gte_stlvnl2
MAIN0,20000150,1,gte_stsv,gte_stsv
MAIN0,20000154,1,gte_stclmv,gte_stclmv
MAIN0,20000158,1,gte_stbv,gte_stbv
MAIN0,2000015c,1,gte_stcv,gte_stcv
MAIN0,20000160,1,gte_strgb,gte_strgb
MAIN0,20000164,1,gte_strgb3,gte_strgb3
MAIN0,20000168,1,gte_strgb3_g3,gte_strgb3_g3
MAIN0,2000016c,1,gte_strgb3_gt3,gte_strgb3_gt3
MAIN0,20000170,1,gte_strgb3_g4,gte_strgb3_g4
MAIN0,20000174,1,gte_strgb3_gt4,gte_strgb3_gt4
MAIN0,20000178,1,gte_ReadGeomOffset,gte_ReadGeomOffset
MAIN0,2000017c,1,gte_ReadGeomScreen,gte_ReadGeomScreen
MAIN0,20000180,1,gte_ReadRotMatrix,gte_ReadRotMatrix
MAIN0,20000184,1,gte_sttr,gte_sttr
MAIN0,20000188,1,gte_ReadLightMatrix,gte_ReadLightMatrix
MAIN0,2000018c,1,gte_ReadColorMatrix,gte_ReadColorMatrix
MAIN0,20000190,1,gte_stlzc,gte_stlzc
MAIN0,20000194,1,gte_stfc,gte_stfc
MAIN0,20000198,1,gte_subdvl,gte_subdvl
MAIN0,2000019c,1,gte_subdvd,gte_subdvd
MAIN0,200001a0,1,gte_adddvl,gte_adddvl
MAIN0,200001a4,1,gte_adddvd,gte_adddvd
MAIN0,200001a8,1,gte_RotTransPers,gte_RotTransPers
MAIN0,200001ac,1,gte_RotTransPers3,gte_RotTransPers3
MAIN0,200001b0,1,gte_RotTrans,gte_RotTrans
MAIN0,200001b4,1,gte_LocalLight,gte_LocalLight
MAIN0,200001b8,1,gte_LightColor,gte_LightColor
MAIN0,200001bc,1,gte_DpqColorLight,gte_DpqColorLight
MAIN0,200001c0,1,gte_DpqColor,gte_DpqColor
MAIN0,200001c4,1,gte_DpqColor3,gte_DpqColor3
MAIN0,200001c8,1,gte_Intpl,gte_Intpl
MAIN0,200001cc,1,gte_Square12,gte_Square12
MAIN0,200001d0,1,gte_Square0,gte_Square0
MAIN0,200001d4,1,gte_NormalColor,gte_NormalColor
MAIN0,200001d8,1,gte_NormalColor3,gte_NormalColor3
MAIN0,200001dc,1,gte_NormalColorDpq,gte_NormalColorDpq
MAIN0,200001e0,1,gte_NormalColorDpq3,gte_NormalColorDpq3
MAIN0,200001e4,1,gte_NormalColorCol,gte_NormalColorCol
MAIN0,200001e8,1,gte_NormalColorCol3,gte_NormalColorCol3
MAIN0,200001ec,1,gte_ColorDpq,gte_ColorDpq
MAIN0,200001f0,1,gte_ColorCol,gte_ColorCol
MAIN0,200001f4,1,gte_NormalClip,gte_NormalClip
MAIN0,200001f8,1,gte_AverageZ3,gte_AverageZ3
MAIN0,200001fc,1,gte_AverageZ4,gte_AverageZ4
MAIN0,20000200,1,gte_OuterProduct12,gte_OuterProduct12
MAIN0,20000204,1,gte_OuterProduct0,gte_OuterProduct0
MAIN0,20000208,1,gte_OuterProduct12SVL,gte_OuterProduct12SVL
MAIN0,2000020c,1,gte_OuterProduct0SVL,gte_OuterProduct0SVL
MAIN0,20000210,1,gte_OuterProduct12SV,gte_OuterProduct12SV
MAIN0,20000214,1,gte_OuterProduct0SV,gte_OuterProduct0SV
MAIN0,20000218,1,gte_Lzc,gte_Lzc
MAIN0,2000021c,1,gte_RotAverage3,gte_RotAverage3
MAIN0,20000220,1,gte_RotNclip3,gte_RotNclip3
MAIN0,20000224,1,gte_RotAverageNclip3,gte_RotAverageNclip3
MAIN0,20000228,1,gte_RotColorDpq,gte_RotColorDpq
MAIN0,2000022c,1,gte_RotColorDpq3,gte_RotColorDpq3
MAIN0,20000230,1,gte_RotAverageNclipColorDpq3,gte_RotAverageNclipColorDpq3
MAIN0,20000234,1,gte_RotAverageNclipColorCol3,gte_RotAverageNclipColorCol3
MAIN0,20000238,1,gte_LoadAverage12,gte_LoadAverage12
MAIN0,2000023c,1,gte_LoadAverage0,gte_LoadAverage0
MAIN0,20000240,1,gte_LoadAverageShort12,gte_LoadAverageShort12
MAIN0,20000244,1,gte_LoadAverageShort0,gte_LoadAverageShort0
MAIN0,20000248,1,gte_LoadAverageByte,gte_LoadAverageByte
MAIN0,2000024c,1,gte_LoadAverageCol,gte_LoadAverageCol
MAIN0,20000250,1,gte_MulMatrix0,gte_MulMatrix0
MAIN0,20000254,1,gte_ApplyMatrix,gte_ApplyMatrix
MAIN0,20000258,1,gte_ApplyMatrixSV,gte_ApplyMatrixSV
MAIN0,2000025c,1,gte_CompMatrix,gte_CompMatrix
MAIN0,20000260,1,gte_ApplyRotMatrix,gte_ApplyRotMatrix
MAIN0,800163f4,1396,main,main
MAIN0,80016984,192,FlipFrame,FlipFrame
MAIN0,80016a44,24,GsSetOrign,GsSetOrign
MAIN0,80016a5c,244,FUN_80016a5c,FUN_80016a5c
MAIN0,80016b50,344,FUN_80016b50,FUN_80016b50
MAIN0,80016ca8,396,FUN_80016ca8,FUN_80016ca8
MAIN0,80016e34,396,FUN_80016e34,FUN_80016e34
MAIN0,80016fc0,124,FUN_80016fc0,FUN_80016fc0
MAIN0,8001703c,76,FUN_8001703c,FUN_8001703c
MAIN0,80017088,212,ThreadTableRun,ThreadTableRun
MAIN0,8001715c,92,FUN_8001715c,FUN_8001715c
MAIN0,800171b8,128,ThreadCreate,ThreadCreate
MAIN0,80017238,52,ThreadWaitFrames,ThreadWaitFrames
MAIN0,8001726c,80,FUN_8001726c,FUN_8001726c
MAIN0,80017328,88,FUN_80017328,FUN_80017328
MAIN0,80017414,104,FUN_80017414,FUN_80017414
MAIN0,8001747c,68,FUN_8001747c,FUN_8001747c
MAIN0,800174fc,244,FUN_800174fc,FUN_800174fc
MAIN0,800175f0,136,InitSubsystems,InitSubsystems
MAIN0,80017678,288,FUN_80017678,FUN_80017678
MAIN0,8001783c,776,FUN_8001783c,FUN_8001783c
MAIN0,80017b44,448,FUN_80017b44,FUN_80017b44
MAIN0,80017d04,44,FUN_80017d04,FUN_80017d04
MAIN0,80017d30,164,FUN_80017d30,FUN_80017d30
MAIN0,80017dd4,212,FUN_80017dd4,FUN_80017dd4
MAIN0,80017ea8,168,FUN_80017ea8,FUN_80017ea8
MAIN0,80017f50,48,FUN_80017f50,FUN_80017f50
MAIN0,80017f80,108,FUN_80017f80,FUN_80017f80
MAIN0,80017fec,48,FUN_80017fec,FUN_80017fec
MAIN0,8001801c,220,FUN_8001801c,FUN_8001801c
MAIN0,800180f8,48,FUN_800180f8,FUN_800180f8
MAIN0,80018128,44,FUN_80018128,FUN_80018128
MAIN0,80018154,44,FUN_80018154,FUN_80018154
MAIN0,80018180,212,FUN_80018180,FUN_80018180
MAIN0,80018254,44,FUN_80018254,FUN_80018254
MAIN0,80018280,44,FUN_80018280,FUN_80018280
MAIN0,800182ac,128,FUN_800182ac,FUN_800182ac
MAIN0,800183b8,144,FUN_800183b8,FUN_800183b8
MAIN0,80018448,144,ObjAlloc,ObjAlloc
MAIN0,800184d8,144,FUN_800184d8,FUN_800184d8
MAIN0,80018568,144,FUN_80018568,FUN_80018568
MAIN0,800185f8,128,FUN_800185f8,FUN_800185f8
MAIN0,80018678,128,FUN_80018678,FUN_80018678
MAIN0,800186f8,76,FUN_800186f8,FUN_800186f8
MAIN0,80018744,76,FUN_80018744,FUN_80018744
MAIN0,80018790,84,FUN_80018790,FUN_80018790
MAIN0,800187e4,84,ObjFree,ObjFree
MAIN0,80018838,84,ObjFreeDup,ObjFreeDup
MAIN0,8001888c,84,FUN_8001888c,FUN_8001888c
MAIN0,800188e0,84,FUN_800188e0,FUN_800188e0
MAIN0,80018934,76,FUN_80018934,FUN_80018934
MAIN0,80018980,56,PoolFree_1F800210,PoolFree_1F800210
MAIN0,80018c2c,60,ObjListPush_1F800218,ObjListPush_1F800218
MAIN0,80018c68,60,ObjListPush_1F80021C,ObjListPush_1F80021C
MAIN0,80018ca4,76,ObjListPush_1F800220,ObjListPush_1F800220
MAIN0,80018cf0,60,ObjListPush_1F800224,ObjListPush_1F800224
MAIN0,80018d2c,60,ObjListPush_1F800230,ObjListPush_1F800230
MAIN0,80018d68,60,ObjListPush_1F800228,ObjListPush_1F800228
MAIN0,80018da4,60,ObjListPush_1F80022C,ObjListPush_1F80022C
MAIN0,80018de0,220,FUN_80018de0,FUN_80018de0
MAIN0,80018ebc,172,FUN_80018ebc,FUN_80018ebc
MAIN0,80018f68,284,FUN_80018f68,FUN_80018f68
MAIN0,80019084,448,MemCardInit,MemCardInit
MAIN0,800196bc,504,FUN_800196bc,FUN_800196bc
MAIN0,80019a08,260,FUN_80019a08,FUN_80019a08
MAIN0,80019b0c,480,FUN_80019b0c,FUN_80019b0c
MAIN0,80019cec,156,FUN_80019cec,FUN_80019cec
MAIN0,80019d88,528,FUN_80019d88,FUN_80019d88
MAIN0,80019f98,284,FUN_80019f98,FUN_80019f98
MAIN0,8001a0f0,844,FUN_8001a0f0,FUN_8001a0f0
MAIN0,8001a43c,528,FUN_8001a43c,FUN_8001a43c
MAIN0,8001a64c,756,FUN_8001a64c,FUN_8001a64c
MAIN0,8001a940,472,FUN_8001a940,FUN_8001a940
MAIN0,8001ab18,452,FUN_8001ab18,FUN_8001ab18
MAIN0,8001acdc,472,FUN_8001acdc,FUN_8001acdc
MAIN0,8001aeb4,1140,FUN_8001aeb4,FUN_8001aeb4
MAIN0,8001b328,372,FUN_8001b328,FUN_8001b328
MAIN0,8001b49c,484,FUN_8001b49c,FUN_8001b49c
MAIN0,8001b680,332,FUN_8001b680,FUN_8001b680
MAIN0,8001b7cc,484,FUN_8001b7cc,FUN_8001b7cc
MAIN0,8001b9b0,324,FUN_8001b9b0,FUN_8001b9b0
MAIN0,8001baf4,484,FUN_8001baf4,FUN_8001baf4
MAIN0,8001bcd8,324,FUN_8001bcd8,FUN_8001bcd8
MAIN0,8001be1c,208,FUN_8001be1c,FUN_8001be1c
MAIN0,8001beec,812,FUN_8001beec,FUN_8001beec
MAIN0,8001c218,252,FUN_8001c218,FUN_8001c218
MAIN0,8001c314,80,FUN_8001c314,FUN_8001c314
MAIN0,8001c364,720,FUN_8001c364,FUN_8001c364
MAIN0,8001c634,84,FUN_8001c634,FUN_8001c634
MAIN0,8001c688,400,FUN_8001c688,FUN_8001c688
MAIN0,8001c818,400,FUN_8001c818,FUN_8001c818
MAIN0,8001c9a8,88,FUN_8001c9a8,FUN_8001c9a8
MAIN0,8001ca58,1892,FUN_8001ca58,FUN_8001ca58
MAIN0,8001d1bc,432,FUN_8001d1bc,FUN_8001d1bc
MAIN0,8001d36c,324,FUN_8001d36c,FUN_8001d36c
MAIN0,8001d4b0,396,MovieDecodeFrame,MovieDecodeFrame
MAIN0,8001d63c,104,FUN_8001d63c,FUN_8001d63c
MAIN0,8001dad4,100,FUN_8001dad4,FUN_8001dad4
MAIN0,8001db38,164,FUN_8001db38,FUN_8001db38
MAIN0,8001dbdc,1040,SoundUpdate,SoundUpdate
MAIN0,8001dfec,512,FUN_8001dfec,FUN_8001dfec
MAIN0,8001e1ec,60,FUN_8001e1ec,FUN_8001e1ec
MAIN0,8001e228,96,FUN_8001e228,FUN_8001e228
MAIN0,8001e288,68,FUN_8001e288,FUN_8001e288
MAIN0,8001e2cc,156,FUN_8001e2cc,FUN_8001e2cc
MAIN0,8001e368,200,FUN_8001e368,FUN_8001e368
MAIN0,8001e430,192,SoundFindFreeVoice,SoundFindFreeVoice
MAIN0,8001e4f0,112,SfxPlay,SfxPlay
MAIN0,8001e560,148,SfxPlay2,SfxPlay2
MAIN0,8001e5f4,148,SfxPlay3,SfxPlay3
MAIN0,8001e688,228,FUN_8001e688,FUN_8001e688
MAIN0,8001e76c,464,FUN_8001e76c,FUN_8001e76c
MAIN0,8001e9e8,188,FUN_8001e9e8,FUN_8001e9e8
MAIN0,8001eaa4,40,FUN_8001eaa4,FUN_8001eaa4
MAIN0,8001eacc,152,FUN_8001eacc,FUN_8001eacc
MAIN0,8001eb64,32,FUN_8001eb64,FUN_8001eb64
MAIN0,8001eb84,36,SsSetNck,SsSetNck
MAIN0,8001ec80,888,FUN_8001ec80,FUN_8001ec80
MAIN0,8001eff8,280,FUN_8001eff8,FUN_8001eff8
MAIN0,8001f110,176,MusicStopOrFadeIn,MusicStopOrFadeIn
MAIN0,8001f1c0,300,FUN_8001f1c0,FUN_8001f1c0
MAIN0,8001f2ec,272,FUN_8001f2ec,FUN_8001f2ec
MAIN0,8001f3fc,192,FUN_8001f3fc,FUN_8001f3fc
MAIN0,8001f4bc,252,SoundStopAll,SoundStopAll
MAIN0,8001f5b8,104,FUN_8001f5b8,FUN_8001f5b8
MAIN0,8001f620,56,MusicMute,MusicMute
MAIN0,8001f658,56,MusicUnmute,MusicUnmute
MAIN0,8001f690,36,SfxStopAll,SfxStopAll
MAIN0,8001f6b4,364,SoundInit,SoundInit
MAIN0,8001f820,48,SoundShutdown,SoundShutdown
MAIN0,8001f850,148,FUN_8001f850,FUN_8001f850
MAIN0,8001f8e4,60,ObjSetFacingToPlayer,ObjSetFacingToPlayer
MAIN0,8001f96c,116,FUN_8001f96c,FUN_8001f96c
MAIN0,8001f9e0,64,Rand,Rand
MAIN0,8001fa20,64,FUN_8001fa20,FUN_8001fa20
MAIN0,8001fa60,40,FUN_8001fa60,FUN_8001fa60
MAIN0,8001fa88,44,FUN_8001fa88,FUN_8001fa88
MAIN0,8001fab4,64,FUN_8001fab4,FUN_8001fab4
MAIN0,8001faf4,44,FUN_8001faf4,FUN_8001faf4
MAIN0,8001fb20,40,FUN_8001fb20,FUN_8001fb20
MAIN0,8001fc14,104,FUN_8001fc14,FUN_8001fc14
MAIN0,8001fce4,48,ObjApplyVelocity,ObjApplyVelocity
MAIN0,8001fd48,48,FUN_8001fd48,FUN_8001fd48
MAIN0,8001fd94,24,ObjAddVelY7E,ObjAddVelY7E
MAIN0,8001fdac,48,MulNegSinScaled,MulNegSinScaled
MAIN0,8001fddc,48,MulCos,MulCos
MAIN0,8001fe0c,48,MulNegSin,MulNegSin
MAIN0,8001fe3c,48,MulCosDup,MulCosDup
MAIN0,8001fe6c,28,AnimLoadDuration,AnimLoadDuration
MAIN0,8001fe94,44,AnimJump,AnimJump
MAIN0,8001fec0,228,AnimAdvance,AnimAdvance
MAIN0,80020078,204,FUN_80020078,FUN_80020078
MAIN0,800201ac,160,FUN_800201ac,FUN_800201ac
MAIN0,800202b4,296,ObjCullRegister,ObjCullRegister
MAIN0,800203dc,108,FUN_800203dc,FUN_800203dc
MAIN0,80020490,156,FUN_80020490,FUN_80020490
MAIN0,800205d8,436,FUN_800205d8,FUN_800205d8
MAIN0,8002078c,96,FUN_8002078c,FUN_8002078c
MAIN0,80020a78,116,FUN_80020a78,FUN_80020a78
MAIN0,80020aec,120,FUN_80020aec,FUN_80020aec
MAIN0,80020c04,172,FUN_80020c04,FUN_80020c04
MAIN0,80020d20,120,FUN_80020d20,FUN_80020d20
MAIN0,80020eac,104,FUN_80020eac,FUN_80020eac
MAIN0,80020f14,572,FUN_80020f14,FUN_80020f14
MAIN0,80021150,356,FUN_80021150,FUN_80021150
MAIN0,800212b4,140,FUN_800212b4,FUN_800212b4
MAIN0,80021340,312,FUN_80021340,FUN_80021340
MAIN0,80021478,588,FUN_80021478,FUN_80021478
MAIN0,800216c4,88,FUN_800216c4,FUN_800216c4
MAIN0,8002171c,316,FUN_8002171c,FUN_8002171c
MAIN0,80021858,572,FUN_80021858,FUN_80021858
MAIN0,80021aec,52,FUN_80021aec,FUN_80021aec
MAIN0,80021b20,1016,FUN_80021b20,FUN_80021b20
MAIN0,80021f5c,80,FUN_80021f5c,FUN_80021f5c
MAIN0,80021fac,152,FUN_80021fac,FUN_80021fac
MAIN0,80022044,272,FUN_80022044,FUN_80022044
MAIN0,8002216c,496,FUN_8002216c,FUN_8002216c
MAIN0,8002235c,724,FUN_8002235c,FUN_8002235c
MAIN0,80022630,520,FUN_80022630,FUN_80022630
MAIN0,80022838,644,FUN_80022838,FUN_80022838
MAIN0,80022c80,552,FUN_80022c80,FUN_80022c80
MAIN0,80023084,608,FUN_80023084,FUN_80023084
MAIN0,8002348c,524,FUN_8002348c,FUN_8002348c
MAIN0,80023860,676,FUN_80023860,FUN_80023860
MAIN0,80023b04,1972,FUN_80023b04,FUN_80023b04
MAIN0,800242b8,1976,FUN_800242b8,FUN_800242b8
MAIN0,80024a70,1000,FUN_80024a70,FUN_80024a70
MAIN0,80024e58,72,FUN_80024e58,FUN_80024e58
MAIN0,80024ea0,3080,FUN_80024ea0,FUN_80024ea0
MAIN0,80025aa8,240,FUN_80025aa8,FUN_80025aa8
MAIN0,80025b98,92,FUN_80025b98,FUN_80025b98
MAIN0,80025bf4,108,FUN_80025bf4,FUN_80025bf4
MAIN0,80025d90,432,FUN_80025d90,FUN_80025d90
MAIN0,80025f40,192,FUN_80025f40,FUN_80025f40
MAIN0,80026000,432,FUN_80026000,FUN_80026000
MAIN0,800261b0,140,FUN_800261b0,FUN_800261b0
MAIN0,8002623c,384,FUN_8002623c,FUN_8002623c
MAIN0,800263bc,276,FUN_800263bc,FUN_800263bc
MAIN0,800264d0,116,FUN_800264d0,FUN_800264d0
MAIN0,80026544,1228,FUN_80026544,FUN_80026544
MAIN0,80026a10,492,FUN_80026a10,FUN_80026a10
MAIN0,80026bfc,84,FUN_80026bfc,FUN_80026bfc
MAIN0,80026c50,444,FUN_80026c50,FUN_80026c50
MAIN0,80026e0c,320,FUN_80026e0c,FUN_80026e0c
MAIN0,80026f4c,156,FUN_80026f4c,FUN_80026f4c
MAIN0,800270a0,132,FUN_800270a0,FUN_800270a0
MAIN0,80027124,56,FUN_80027124,FUN_80027124
MAIN0,8002715c,92,FUN_8002715c,FUN_8002715c
MAIN0,800271b8,812,FUN_800271b8,FUN_800271b8
MAIN0,8002757c,416,FUN_8002757c,FUN_8002757c
MAIN0,800277f8,24,FUN_800277f8,FUN_800277f8
MAIN0,8002795c,792,FUN_8002795c,FUN_8002795c
MAIN0,80027c74,612,FUN_80027c74,FUN_80027c74
MAIN0,80027ed8,452,FUN_80027ed8,FUN_80027ed8
MAIN0,8002809c,436,FUN_8002809c,FUN_8002809c
MAIN0,80028250,464,FUN_80028250,FUN_80028250
MAIN0,80028420,72,FUN_80028420,FUN_80028420
MAIN0,800284d8,112,FUN_800284d8,FUN_800284d8
MAIN0,800285ec,360,FUN_800285ec,FUN_800285ec
MAIN0,80028754,368,FUN_80028754,FUN_80028754
MAIN0,800288c4,444,FUN_800288c4,FUN_800288c4
MAIN0,80028b40,68,FUN_80028b40,FUN_80028b40
MAIN0,80028be0,948,FUN_80028be0,FUN_80028be0
MAIN0,80028f94,228,FUN_80028f94,FUN_80028f94
MAIN0,80029078,3132,FUN_80029078,FUN_80029078
MAIN0,80029cb4,616,FUN_80029cb4,FUN_80029cb4
MAIN0,8002a3d4,252,FUN_8002a3d4,FUN_8002a3d4
MAIN0,8002a4d0,1244,FUN_8002a4d0,FUN_8002a4d0
MAIN0,8002ac68,480,FUN_8002ac68,FUN_8002ac68
MAIN0,8002af10,264,FUN_8002af10,FUN_8002af10
MAIN0,8002b020,148,FUN_8002b020,FUN_8002b020
MAIN0,8002b3c8,1276,FUN_8002b3c8,FUN_8002b3c8
MAIN0,8002b8cc,84,FUN_8002b8cc,FUN_8002b8cc
MAIN0,8002b920,144,FUN_8002b920,FUN_8002b920
MAIN0,8002c0e0,344,FUN_8002c0e0,FUN_8002c0e0
MAIN0,8002c238,516,FUN_8002c238,FUN_8002c238
MAIN0,8002c578,220,FUN_8002c578,FUN_8002c578
MAIN0,8002c654,232,FUN_8002c654,FUN_8002c654
MAIN0,8002cd20,324,FUN_8002cd20,FUN_8002cd20
MAIN0,8002dc50,56,FUN_8002dc50,FUN_8002dc50
MAIN0,8002dcc8,40,FUN_8002dcc8,FUN_8002dcc8
MAIN0,8002dcf0,44,FUN_8002dcf0,FUN_8002dcf0
MAIN0,8002dd1c,596,FUN_8002dd1c,FUN_8002dd1c
MAIN0,8002df70,988,FUN_8002df70,FUN_8002df70
MAIN0,8002e34c,200,FUN_8002e34c,FUN_8002e34c
MAIN0,8002eddc,116,FUN_8002eddc,FUN_8002eddc
MAIN0,8002ee50,208,FUN_8002ee50,FUN_8002ee50
MAIN0,8002ef20,320,FUN_8002ef20,FUN_8002ef20
MAIN0,8002f16c,536,FUN_8002f16c,FUN_8002f16c
MAIN0,8002f384,348,FUN_8002f384,FUN_8002f384
MAIN0,8002f4e0,1152,FUN_8002f4e0,FUN_8002f4e0
MAIN0,8002f960,616,FUN_8002f960,FUN_8002f960
MAIN0,8002fc98,480,FUN_8002fc98,FUN_8002fc98
MAIN0,8002ff20,144,FUN_8002ff20,FUN_8002ff20
MAIN0,80030034,976,FUN_80030034,FUN_80030034
MAIN0,80030b9c,268,FUN_80030b9c,FUN_80030b9c
MAIN0,80030f38,148,FUN_80030f38,FUN_80030f38
MAIN0,800310d0,388,FUN_800310d0,FUN_800310d0
MAIN0,80031254,148,FUN_80031254,FUN_80031254
MAIN0,800312e8,224,FUN_800312e8,FUN_800312e8
MAIN0,800313c8,224,FUN_800313c8,FUN_800313c8
MAIN0,800314a8,224,FUN_800314a8,FUN_800314a8
MAIN0,80031588,220,FUN_80031588,FUN_80031588
MAIN0,80031664,348,FUN_80031664,FUN_80031664
MAIN0,800317c0,6188,FUN_800317c0,FUN_800317c0
MAIN0,800331c4,932,FUN_800331c4,FUN_800331c4
MAIN0,800335d4,100,FUN_800335d4,FUN_800335d4
MAIN0,80033638,392,FUN_80033638,FUN_80033638
MAIN0,80033834,296,FUN_80033834,FUN_80033834
MAIN0,800339a4,416,FUN_800339a4,FUN_800339a4
MAIN0,80033b44,5056,FUN_80033b44,FUN_80033b44
MAIN0,8003509c,128,FUN_8003509c,FUN_8003509c
MAIN0,80035198,348,FUN_80035198,FUN_80035198
MAIN0,800352f4,308,FUN_800352f4,FUN_800352f4
MAIN0,80035428,580,FUN_80035428,FUN_80035428
MAIN0,8003566c,5708,FUN_8003566c,FUN_8003566c
MAIN0,80036cb8,516,FUN_80036cb8,FUN_80036cb8
MAIN0,80036f30,372,FUN_80036f30,FUN_80036f30
MAIN0,800371c0,660,FUN_800371c0,FUN_800371c0
MAIN0,80037454,2092,FUN_80037454,FUN_80037454
MAIN0,80037c80,320,FUN_80037c80,FUN_80037c80
MAIN0,80037e18,92,FUN_80037e18,FUN_80037e18
MAIN0,80037e74,328,FUN_80037e74,FUN_80037e74
MAIN0,80037fbc,104,FUN_80037fbc,FUN_80037fbc
MAIN0,80038024,40,FUN_80038024,FUN_80038024
MAIN0,800382fc,272,FUN_800382fc,FUN_800382fc
MAIN0,8003840c,264,FUN_8003840c,FUN_8003840c
MAIN0,800386f4,236,FUN_800386f4,FUN_800386f4
MAIN0,800387e0,244,FUN_800387e0,FUN_800387e0
MAIN0,800388d4,496,FUN_800388d4,FUN_800388d4
MAIN0,80038cd0,1152,FUN_80038cd0,FUN_80038cd0
MAIN0,80039338,584,FUN_80039338,FUN_80039338
MAIN0,80039580,1092,FUN_80039580,FUN_80039580
MAIN0,800399c4,716,FUN_800399c4,FUN_800399c4
MAIN0,80039e54,848,FUN_80039e54,FUN_80039e54
MAIN0,8003a89c,416,FUN_8003a89c,FUN_8003a89c
MAIN0,8003afb4,2888,FUN_8003afb4,FUN_8003afb4
MAIN0,8003bafc,396,FUN_8003bafc,FUN_8003bafc
MAIN0,8003bd80,148,FUN_8003bd80,FUN_8003bd80
MAIN0,8003be14,364,FUN_8003be14,FUN_8003be14
MAIN0,8003c338,536,FUN_8003c338,FUN_8003c338
MAIN0,8003c7c4,188,FUN_8003c7c4,FUN_8003c7c4
MAIN0,8003c980,696,FUN_8003c980,FUN_8003c980
MAIN0,8003e300,60,ObjSpawnType0,ObjSpawnType0
MAIN0,8003e33c,60,ObjSpawnType1,ObjSpawnType1
MAIN0,8003e378,84,FUN_8003e378,FUN_8003e378
MAIN0,8003e3cc,84,FUN_8003e3cc,FUN_8003e3cc
MAIN0,8003e420,84,FUN_8003e420,FUN_8003e420
MAIN0,8003e474,60,ObjSpawnType5,ObjSpawnType5
MAIN0,8003e4b0,60,ObjSpawnType8,ObjSpawnType8
MAIN0,8003e4ec,996,ObjSpawn,ObjSpawn
MAIN0,8003e918,72,FUN_8003e918,FUN_8003e918
MAIN0,8003ecb0,256,FUN_8003ecb0,FUN_8003ecb0
MAIN0,8003f200,804,FUN_8003f200,FUN_8003f200
MAIN0,8003f598,564,FUN_8003f598,FUN_8003f598
MAIN0,8003f7cc,768,FUN_8003f7cc,FUN_8003f7cc
MAIN0,8003facc,196,ObjCheckHeadCollision,ObjCheckHeadCollision
MAIN0,8003fb90,488,FUN_8003fb90,FUN_8003fb90
MAIN0,8003fd78,464,ObjTileCollide,ObjTileCollide
MAIN0,8003ff48,816,FUN_8003ff48,FUN_8003ff48
MAIN0,80040278,116,TileCollideAt,TileCollideAt
MAIN0,800402ec,880,FUN_800402ec,FUN_800402ec
MAIN0,8004065c,140,FUN_8004065c,FUN_8004065c
MAIN0,800408d8,116,FUN_800408d8,FUN_800408d8
MAIN0,8004094c,372,FUN_8004094c,FUN_8004094c
MAIN0,80040ac0,316,FUN_80040ac0,FUN_80040ac0
MAIN0,80040bfc,308,FUN_80040bfc,FUN_80040bfc
MAIN0,80040d30,376,FUN_80040d30,FUN_80040d30
MAIN0,80040f78,596,FUN_80040f78,FUN_80040f78
MAIN0,800411cc,116,FUN_800411cc,FUN_800411cc
MAIN0,80041240,576,FUN_80041240,FUN_80041240
MAIN0,80041ca8,120,FUN_80041ca8,FUN_80041ca8
MAIN0,80041ebc,608,FUN_80041ebc,FUN_80041ebc
MAIN0,8004232c,304,FUN_8004232c,FUN_8004232c
MAIN0,8004245c,304,FUN_8004245c,FUN_8004245c
MAIN0,8004258c,56,FUN_8004258c,FUN_8004258c
MAIN0,800425c4,764,FUN_800425c4,FUN_800425c4
MAIN0,800428c0,188,FUN_800428c0,FUN_800428c0
MAIN0,80042b98,216,FUN_80042b98,FUN_80042b98
MAIN0,80042c70,236,FUN_80042c70,FUN_80042c70
MAIN0,80042fbc,176,FUN_80042fbc,FUN_80042fbc
MAIN0,8004306c,500,FUN_8004306c,FUN_8004306c
MAIN0,80043260,516,FUN_80043260,FUN_80043260
MAIN0,80043464,380,FUN_80043464,FUN_80043464
MAIN0,800435e0,512,FUN_800435e0,FUN_800435e0
MAIN0,800437e0,532,FUN_800437e0,FUN_800437e0
MAIN0,800439f4,640,FUN_800439f4,FUN_800439f4
MAIN0,80043c74,268,FUN_80043c74,FUN_80043c74
MAIN0,80043d80,316,FUN_80043d80,FUN_80043d80
MAIN0,80043ebc,544,FUN_80043ebc,FUN_80043ebc
MAIN0,8004432c,248,FUN_8004432c,FUN_8004432c
MAIN0,80044424,300,FUN_80044424,FUN_80044424
MAIN0,8004461c,192,FUN_8004461c,FUN_8004461c
MAIN0,800447c0,480,FUN_800447c0,FUN_800447c0
MAIN0,800449a0,480,FUN_800449a0,FUN_800449a0
MAIN0,80044b80,468,FUN_80044b80,FUN_80044b80
MAIN0,80044d54,452,FUN_80044d54,FUN_80044d54
MAIN0,80044f18,464,FUN_80044f18,FUN_80044f18
MAIN0,800450e8,452,FUN_800450e8,FUN_800450e8
MAIN0,80045344,572,FUN_80045344,FUN_80045344
MAIN0,80045684,380,FUN_80045684,FUN_80045684
MAIN0,80045800,472,FUN_80045800,FUN_80045800
MAIN0,80045bac,352,FUN_80045bac,FUN_80045bac
MAIN0,80045d98,360,FUN_80045d98,FUN_80045d98
MAIN0,80045f00,1808,FUN_80045f00,FUN_80045f00
MAIN0,80046610,1864,FUN_80046610,FUN_80046610
MAIN0,80046d58,1836,FUN_80046d58,FUN_80046d58
MAIN0,80047484,1464,FUN_80047484,FUN_80047484
MAIN0,80047af0,900,FUN_80047af0,FUN_80047af0
MAIN0,80047f3c,408,FUN_80047f3c,FUN_80047f3c
MAIN0,800482ec,532,FUN_800482ec,FUN_800482ec
MAIN0,80048500,588,FUN_80048500,FUN_80048500
MAIN0,8004874c,288,FUN_8004874c,FUN_8004874c
MAIN0,8004886c,364,FUN_8004886c,FUN_8004886c
MAIN0,800489d8,588,FUN_800489d8,FUN_800489d8
MAIN0,80048e68,404,FUN_80048e68,FUN_80048e68
MAIN0,80048ffc,176,FUN_80048ffc,FUN_80048ffc
MAIN0,800490ac,324,FUN_800490ac,FUN_800490ac
MAIN0,800491f0,820,FUN_800491f0,FUN_800491f0
MAIN0,80049524,824,FUN_80049524,FUN_80049524
MAIN0,80049cdc,1096,FUN_80049cdc,FUN_80049cdc
MAIN0,8004a124,936,FUN_8004a124,FUN_8004a124
MAIN0,8004a4cc,1276,FUN_8004a4cc,FUN_8004a4cc
MAIN0,8004a9c8,1204,FUN_8004a9c8,FUN_8004a9c8
MAIN0,8004b454,296,FUN_8004b454,FUN_8004b454
MAIN0,8004b57c,292,FUN_8004b57c,FUN_8004b57c
MAIN0,8004b6a0,292,FUN_8004b6a0,FUN_8004b6a0
MAIN0,8004b7c4,740,FUN_8004b7c4,FUN_8004b7c4
MAIN0,8004baa8,212,FUN_8004baa8,FUN_8004baa8
MAIN0,8004bbc0,1060,FUN_8004bbc0,FUN_8004bbc0
MAIN0,8004bfe4,248,FUN_8004bfe4,FUN_8004bfe4
MAIN0,8004c0dc,148,FUN_8004c0dc,FUN_8004c0dc
MAIN0,8004c418,344,FUN_8004c418,FUN_8004c418
MAIN0,8004c570,344,FUN_8004c570,FUN_8004c570
MAIN0,8004c6c8,384,FUN_8004c6c8,FUN_8004c6c8
MAIN0,8004c848,696,FUN_8004c848,FUN_8004c848
MAIN0,8004cb00,1240,FUN_8004cb00,FUN_8004cb00
MAIN0,8004d260,344,FUN_8004d260,FUN_8004d260
MAIN0,8004d620,1324,FUN_8004d620,FUN_8004d620
MAIN0,8004db4c,196,FUN_8004db4c,FUN_8004db4c
MAIN0,8004dc10,380,FUN_8004dc10,FUN_8004dc10
MAIN0,8004df00,768,FUN_8004df00,FUN_8004df00
MAIN0,8004e200,212,FUN_8004e200,FUN_8004e200
MAIN0,8004e2d4,328,FUN_8004e2d4,FUN_8004e2d4
MAIN0,8004e41c,1272,FUN_8004e41c,FUN_8004e41c
MAIN0,8004e914,500,FUN_8004e914,FUN_8004e914
MAIN0,8004f38c,48,FUN_8004f38c,FUN_8004f38c
MAIN0,8004f3bc,48,FUN_8004f3bc,FUN_8004f3bc
MAIN0,8004f3ec,164,FUN_8004f3ec,FUN_8004f3ec
MAIN0,8004f490,168,FUN_8004f490,FUN_8004f490
MAIN0,8004f538,1352,FUN_8004f538,FUN_8004f538
MAIN0,8004fa80,232,FUN_8004fa80,FUN_8004fa80
MAIN0,8004fb68,64,FUN_8004fb68,FUN_8004fb68
MAIN0,8004fba8,280,FUN_8004fba8,FUN_8004fba8
MAIN0,8004fcc0,172,FUN_8004fcc0,FUN_8004fcc0
MAIN0,8004fd6c,92,FUN_8004fd6c,FUN_8004fd6c
MAIN0,8004fdc8,84,FUN_8004fdc8,FUN_8004fdc8
MAIN0,8004fe1c,184,FUN_8004fe1c,FUN_8004fe1c
MAIN0,8004fed4,496,FUN_8004fed4,FUN_8004fed4
MAIN0,800500c4,872,FUN_800500c4,FUN_800500c4
MAIN0,8005042c,280,FUN_8005042c,FUN_8005042c
MAIN0,80050544,172,FUN_80050544,FUN_80050544
MAIN0,800505f0,2228,FUN_800505f0,FUN_800505f0
MAIN0,80050ea4,484,FUN_80050ea4,FUN_80050ea4
MAIN0,80051088,4360,FUN_80051088,FUN_80051088
MAIN0,80052190,2012,FUN_80052190,FUN_80052190
MAIN0,8005296c,1100,FUN_8005296c,FUN_8005296c
MAIN0,80052db8,1348,FUN_80052db8,FUN_80052db8
MAIN0,800532fc,2144,FUN_800532fc,FUN_800532fc
MAIN0,80053b5c,2412,FUN_80053b5c,FUN_80053b5c
MAIN0,800544c8,928,FUN_800544c8,FUN_800544c8
MAIN0,80054868,976,FUN_80054868,FUN_80054868
MAIN0,80054c38,796,FUN_80054c38,FUN_80054c38
MAIN0,80054f54,544,FUN_80054f54,FUN_80054f54
MAIN0,80055174,1188,FUN_80055174,FUN_80055174
MAIN0,80055618,1696,FUN_80055618,FUN_80055618
MAIN0,80055cb8,756,FUN_80055cb8,FUN_80055cb8
MAIN0,80055fac,1024,FUN_80055fac,FUN_80055fac
MAIN0,800563ac,116,FUN_800563ac,FUN_800563ac
MAIN0,80056420,2604,FUN_80056420,FUN_80056420
MAIN0,80056e4c,860,FUN_80056e4c,FUN_80056e4c
MAIN0,800571a8,224,FUN_800571a8,FUN_800571a8
MAIN0,80057288,224,FUN_80057288,FUN_80057288
MAIN0,80057368,264,FUN_80057368,FUN_80057368
MAIN0,80057470,416,FUN_80057470,FUN_80057470
MAIN0,80057610,424,FUN_80057610,FUN_80057610
MAIN0,800577b8,496,FUN_800577b8,FUN_800577b8
MAIN0,800579a8,316,FUN_800579a8,FUN_800579a8
MAIN0,80057ae4,268,FUN_80057ae4,FUN_80057ae4
MAIN0,80057bf0,276,FUN_80057bf0,FUN_80057bf0
MAIN0,80057d04,248,FUN_80057d04,FUN_80057d04
MAIN0,80057dfc,224,FUN_80057dfc,FUN_80057dfc
MAIN0,80057edc,652,FUN_80057edc,FUN_80057edc
MAIN0,80058168,676,FUN_80058168,FUN_80058168
MAIN0,8005840c,504,FUN_8005840c,FUN_8005840c
MAIN0,80058604,124,FUN_80058604,FUN_80058604
MAIN0,80058680,296,FUN_80058680,FUN_80058680
MAIN0,800587a8,388,FUN_800587a8,FUN_800587a8
MAIN0,8005892c,492,FUN_8005892c,FUN_8005892c
MAIN0,80058b18,528,FUN_80058b18,FUN_80058b18
MAIN0,80058d28,624,FUN_80058d28,FUN_80058d28
MAIN0,80058f98,552,FUN_80058f98,FUN_80058f98
MAIN0,800591c0,676,FUN_800591c0,FUN_800591c0
MAIN0,80059464,128,AddDrawMode,AddDrawMode
MAIN0,800594e4,272,FUN_800594e4,FUN_800594e4
MAIN0,800595f4,308,FUN_800595f4,FUN_800595f4
MAIN0,80059728,148,FUN_80059728,FUN_80059728
MAIN0,800597bc,1416,FUN_800597bc,FUN_800597bc
MAIN0,80059d44,468,FUN_80059d44,FUN_80059d44
MAIN0,8005a014,1932,FUN_8005a014,FUN_8005a014
MAIN0,8005a7a0,264,FUN_8005a7a0,FUN_8005a7a0
MAIN0,8005a8a8,252,FUN_8005a8a8,FUN_8005a8a8
MAIN0,8005a9a4,188,FUN_8005a9a4,FUN_8005a9a4
MAIN0,8005aa74,2328,FUN_8005aa74,FUN_8005aa74
MAIN0,8005b38c,664,FUN_8005b38c,FUN_8005b38c
MAIN0,8005b624,784,FUN_8005b624,FUN_8005b624
MAIN0,8005b934,12,FlushCache,FlushCache
MAIN0,8005b944,12,_bu_init,_bu_init
MAIN0,8005b954,12,OpenEvent,OpenEvent
MAIN0,8005b964,12,CloseEvent,CloseEvent
MAIN0,8005b974,12,TestEvent,TestEvent
MAIN0,8005b984,12,EnableEvent,EnableEvent
MAIN0,8005b994,12,OpenTh,OpenTh
MAIN0,8005b9a4,12,CloseTh,CloseTh
MAIN0,8005b9b4,12,ChangeTh,ChangeTh
MAIN0,8005b9c4,16,EnterCriticalSection,EnterCriticalSection
MAIN0,8005b9d4,16,ExitCriticalSection,ExitCriticalSection
MAIN0,8005b9e4,12,open,open
MAIN0,8005b9f4,12,lseek,lseek
MAIN0,8005ba04,12,read,read
MAIN0,8005ba14,12,write,write
MAIN0,8005ba24,12,close,close
MAIN0,8005ba34,12,format,format
MAIN0,8005ba44,12,nextfile,nextfile
MAIN0,8005ba54,12,erase,erase
MAIN0,8005ba64,8,GetGp,GetGp
MAIN0,8005bd14,12,firstfile,firstfile
MAIN0,8005bd24,52,bcopy,bcopy
MAIN0,8005bd58,48,bzero,bzero+BZERO_OBJ_28
MAIN0,8005bd88,52,memcpy,memcpy
MAIN0,8005bdbc,48,memset,memset+MEMSET_OBJ_28
MAIN0,8005bdec,48,rand,rand
MAIN0,8005be1c,16,srand,srand
MAIN0,8005be2c,168,strcat,strcat+STRCAT_OBJ_8C
MAIN0,8005bed4,100,strcmp,strcmp+STRCMP_OBJ_5C
MAIN0,8005bf38,68,strcpy,strcpy
MAIN0,8005bf7c,48,strlen,strlen+STRLEN_OBJ_28
MAIN0,8005bfac,116,strncat,strncat+STRNCAT_OBJ_54+STRNCAT_OBJ_68+STRNCAT_OBJ_6C
MAIN0,8005c020,88,strncpy,strncpy+STRNCPY_OBJ_44
MAIN0,8005c08c,12,STRNCPY_OBJ_6C,STRNCPY_OBJ_6C
MAIN0,8005c098,116,strstr,strstr+STRSTR_OBJ_54
MAIN0,8005c10c,60,printf,printf
MAIN0,8005c148,108,prnt,prnt+PRNT_OBJ_50+PRNT_OBJ_60
MAIN0,8005c1d0,1476,PRNT_OBJ_88,PRNT_OBJ_88+PRNT_OBJ_B8+PRNT_OBJ_C8+PRNT_OBJ_D0+PRNT_OBJ_EC+PRNT_OBJ_F4+PRNT_OBJ_FC+PRNT_OBJ_178+PRNT_OBJ_188+PRNT_OBJ_190+PRNT_OBJ_1E8+PRNT_OBJ_1F0+PRNT_OBJ_1F8+PRNT_OBJ_200+PRNT_OBJ_21C+PRNT_OBJ_220+PRNT_OBJ_24C+PRNT_OBJ_264+PRNT_OBJ_2A0+PRNT_OBJ_2A4+PRNT_OBJ_2D8+PRNT_OBJ_2E8+PRNT_OBJ_340+PRNT_OBJ_348+PRNT_OBJ_34C+PRNT_OBJ_380+PRNT_OBJ_38C+PRNT_OBJ_3BC+PRNT_OBJ_3D0+PRNT_OBJ_3D4+PRNT_OBJ_470+PRNT_OBJ_590+PRNT_OBJ_634
MAIN0,8005c794,8,PRNT_OBJ_64C,PRNT_OBJ_64C
MAIN0,8005c79c,52,PRNT_OBJ_654,PRNT_OBJ_654
MAIN0,8005c7d0,48,toupper,toupper
MAIN0,8005c800,48,tolower,tolower
MAIN0,8005c830,80,memchr,memchr+MEMCHR_OBJ_20+MEMCHR_OBJ_48
MAIN0,8005c880,100,putchar,putchar+PUTCHAR_OBJ_3C
MAIN0,8005c918,28,PUTCHAR_OBJ_98,PUTCHAR_OBJ_98
MAIN0,8005c934,2140,sprintf,sprintf+SPRINTF_OBJ_90+SPRINTF_OBJ_1C0+SPRINTF_OBJ_260+SPRINTF_OBJ_2A4+SPRINTF_OBJ_2C8+SPRINTF_OBJ_2D4+SPRINTF_OBJ_2E0+SPRINTF_OBJ_2EC+SPRINTF_OBJ_30C+SPRINTF_OBJ_35C+SPRINTF_OBJ_38C+SPRINTF_OBJ_474+SPRINTF_OBJ_564+SPRINTF_OBJ_578+SPRINTF_OBJ_588+SPRINTF_OBJ_590+SPRINTF_OBJ_680+SPRINTF_OBJ_6A0+SPRINTF_OBJ_724+SPRINTF_OBJ_758+SPRINTF_OBJ_770+SPRINTF_OBJ_804
MAIN0,8005d190,108,memmove,memmove+MEMMOVE_OBJ_64
MAIN0,8005d1fc,12,_card_info,_card_info
MAIN0,8005d20c,12,_card_load,_card_load
MAIN0,8005d21c,56,_card_clear,_card_clear
MAIN0,8005d254,12,_card_write,_card_write
MAIN0,8005d264,12,_new_card,_new_card
MAIN0,8005d274,84,InitCARD,InitCARD
MAIN0,8005d2c8,56,StartCARD,StartCARD
MAIN0,8005d330,12,ChangeClearPAD,ChangeClearPAD
MAIN0,8005d340,12,InitCARD2,InitCARD2
MAIN0,8005d350,12,StartCARD2,StartCARD2
MAIN0,8005d360,12,StopCARD2,StopCARD2
MAIN0,8005d384,68,PATCH_OBJ_14,PATCH_OBJ_14
MAIN0,8005d3c8,136,_patch_card,_patch_card
MAIN0,8005d464,28,PATCH_OBJ_F4,PATCH_OBJ_F4
MAIN0,8005d480,108,_patch_card2,_patch_card2
MAIN0,8005d590,56,DecDCTReset,DecDCTReset
MAIN0,8005d5c8,140,DecDCTGetEnv,DecDCTGetEnv
MAIN0,8005d654,156,DecDCTPutEnv,DecDCTPutEnv
MAIN0,8005d6f0,12,DecDCTBufSize,DecDCTBufSize
MAIN0,8005d6fc,124,DecDCTin,DecDCTin+LIBPRESS_OBJ_19C+LIBPRESS_OBJ_1C8
MAIN0,8005d778,32,DecDCTout,DecDCTout
MAIN0,8005d798,60,DecDCTinSync,DecDCTinSync+LIBPRESS_OBJ_234
MAIN0,8005d7d4,60,DecDCToutSync,DecDCToutSync+LIBPRESS_OBJ_270
MAIN0,8005d810,36,DecDCTinCallback,DecDCTinCallback
MAIN0,8005d834,36,DecDCToutCallback,DecDCToutCallback
MAIN0,8005d858,220,MDEC_reset,MDEC_reset
MAIN0,8005d934,32,LIBPRESS_OBJ_3A4,LIBPRESS_OBJ_3A4+LIBPRESS_OBJ_3B4
MAIN0,8005d954,148,MDEC_in,MDEC_in
MAIN0,8005d9e8,144,MDEC_out,MDEC_out
MAIN0,8005da78,152,MDEC_in_sync,MDEC_in_sync+LIBPRESS_OBJ_570
MAIN0,8005db10,152,MDEC_out_sync,MDEC_out_sync+LIBPRESS_OBJ_608
MAIN0,8005dba8,24,MDEC_status,MDEC_status
MAIN0,8005dbc0,304,timeout,timeout
MAIN0,8005dcf4,48,DecDCTvlcSize,DecDCTvlcSize
MAIN0,8005dd24,832,DecDCTvlc,DecDCTvlc
MAIN0,8005e088,236,LoadTPage,LoadTPage+EXT_OBJ_A8+EXT_OBJ_AC
MAIN0,8005e174,104,LoadClut,LoadClut
MAIN0,8005e1dc,104,LoadClut2,LoadClut2
MAIN0,8005e244,208,SetDefDrawEnv,SetDefDrawEnv+EXT_OBJ_234
MAIN0,8005e314,60,SetDefDispEnv,SetDefDispEnv
MAIN0,8005e350,208,GetTPage,GetTPage+PRIM_OBJ_B0
MAIN0,8005e420,24,GetClut,GetClut
MAIN0,8005e438,208,DumpTPage,DumpTPage+PRIM_OBJ_1A4
MAIN0,8005e508,64,DumpClut,DumpClut
MAIN0,8005e548,28,NextPrim,NextPrim
MAIN0,8005e564,28,IsEndPrim,IsEndPrim
MAIN0,8005e580,60,AddPrim,AddPrim
MAIN0,8005e5bc,60,AddPrims,AddPrims
MAIN0,8005e5f8,36,CatPrim,CatPrim
MAIN0,8005e61c,24,TermPrim,TermPrim
MAIN0,8005e634,40,SetSemiTrans,SetSemiTrans+PRIM_OBJ_304
MAIN0,8005e65c,40,SetShadeTex,SetShadeTex+PRIM_OBJ_32C
MAIN0,8005e684,20,SetPolyF3,SetPolyF3
MAIN0,8005e698,20,SetPolyFT3,SetPolyFT3
MAIN0,8005e6ac,20,SetPolyG3,SetPolyG3
MAIN0,8005e6c0,20,SetPolyGT3,SetPolyGT3
MAIN0,8005e6d4,20,SetPolyF4,SetPolyF4
MAIN0,8005e6e8,20,SetPolyFT4,SetPolyFT4
MAIN0,8005e6fc,20,SetPolyG4,SetPolyG4
MAIN0,8005e710,20,SetPolyGT4,SetPolyGT4
MAIN0,8005e724,20,SetSprt8,SetSprt8
MAIN0,8005e738,20,SetSprt16,SetSprt16
MAIN0,8005e74c,20,SetSprt,SetSprt
MAIN0,8005e760,20,SetTile1,SetTile1
MAIN0,8005e774,20,SetTile8,SetTile8
MAIN0,8005e788,20,SetTile16,SetTile16
MAIN0,8005e79c,20,SetTile,SetTile
MAIN0,8005e7b0,20,SetLineF2,SetLineF2
MAIN0,8005e7c4,20,SetLineG2,SetLineG2
MAIN0,8005e7d8,32,SetLineF3,SetLineF3
MAIN0,8005e7f8,32,SetLineG3,SetLineG3
MAIN0,8005e818,32,SetLineF4,SetLineF4
MAIN0,8005e838,32,SetLineG4,SetLineG4
MAIN0,8005e858,180,SetDrawTPage,SetDrawTPage+PRIM_OBJ_598
MAIN0,8005e90c,96,SetDrawMove,SetDrawMove
MAIN0,8005e96c,108,SetDrawLoad,SetDrawLoad
MAIN0,8005e9d8,56,MargePrim,MargePrim+PRIM_OBJ_6B8
MAIN0,8005ea10,384,DumpDrawEnv,DumpDrawEnv+PRIM_OBJ_82C
MAIN0,8005eb90,172,DumpDispEnv,DumpDispEnv
MAIN0,8005ec3c,284,ResetGraph,ResetGraph
MAIN0,8005ed58,104,SYS_OBJ_11C,SYS_OBJ_11C+SYS_OBJ_16C
MAIN0,8005edc0,276,SetGraphReverse,SetGraphReverse+SYS_OBJ_210
MAIN0,8005eed4,100,SetGraphDebug,SetGraphDebug
MAIN0,8005ef38,172,SetGraphQueue,SetGraphQueue
MAIN0,8005efe4,16,GetGraphType,GetGraphType
MAIN0,8005eff4,16,GetGraphDebug,GetGraphDebug
MAIN0,8005f004,92,DrawSyncCallback,DrawSyncCallback
MAIN0,8005f060,156,SetDispMask,SetDispMask
MAIN0,8005f0fc,108,DrawSync,DrawSync
MAIN0,8005f168,296,checkRECT,checkRECT+SYS_OBJ_604+SYS_OBJ_640
MAIN0,8005f290,148,ClearImage,ClearImage
MAIN0,8005f324,156,ClearImage2,ClearImage2
MAIN0,8005f3c0,100,LoadImage,LoadImage
MAIN0,8005f424,100,StoreImage,StoreImage
MAIN0,8005f488,196,MoveImage,MoveImage+SYS_OBJ_8F4
MAIN0,8005f54c,184,ClearOTag,ClearOTag
MAIN0,8005f604,152,ClearOTagR,ClearOTagR
MAIN0,8005f69c,96,DrawPrim,DrawPrim
MAIN0,8005f6fc,116,DrawOTag,DrawOTag
MAIN0,8005f770,260,PutDrawEnv,PutDrawEnv
MAIN0,8005f874,284,DrawOTagEnv,DrawOTagEnv
MAIN0,8005f990,56,GetDrawEnv,GetDrawEnv
MAIN0,8005f9c8,1192,PutDispEnv,PutDispEnv+SYS_OBJ_E34+SYS_OBJ_F00+SYS_OBJ_F24+SYS_OBJ_F58+SYS_OBJ_FD8+SYS_OBJ_1034+SYS_OBJ_11C0
MAIN0,8005fe70,56,GetDispEnv,GetDispEnv
MAIN0,8005fea8,48,GetODE,GetODE
MAIN0,8005fed8,60,SetTexWindow,SetTexWindow
MAIN0,8005ff14,132,SetDrawArea,SetDrawArea
MAIN0,8005ff98,68,SetDrawOffset,SetDrawOffset
MAIN0,8005ffdc,44,SetPriority,SetPriority
MAIN0,80060008,88,SetDrawMode,SetDrawMode
MAIN0,80060060,536,SetDrawEnv,SetDrawEnv+SYS_OBJ_1578
MAIN0,80060278,656,SetDrawEnv2,SetDrawEnv2+SYS_OBJ_1790+SYS_OBJ_18AC
MAIN0,80060508,88,get_mode,get_mode+SYS_OBJ_191C
MAIN0,80060560,204,get_cs,get_cs+SYS_OBJ_1964+SYS_OBJ_19A4+SYS_OBJ_19D8
MAIN0,8006062c,204,get_ce,get_ce+SYS_OBJ_1A30+SYS_OBJ_1A70+SYS_OBJ_1AA4
MAIN0,800606f8,68,get_ofs,get_ofs+SYS_OBJ_1AF0
MAIN0,8006073c,132,get_tw,get_tw+SYS_OBJ_1B78
MAIN0,800607c0,76,get_dx,get_dx+SYS_OBJ_1BC4
MAIN0,80060864,12,SYS_OBJ_1C28,SYS_OBJ_1C28+SYS_OBJ_1C2C
MAIN0,80060870,24,_status,_status
MAIN0,80060888,232,_otc,_otc
MAIN0,80060970,604,_clr,_clr+SYS_OBJ_1D84+SYS_OBJ_1DC0+SYS_OBJ_1F64
MAIN0,80060bcc,572,_dws,_dws+SYS_OBJ_1FF4+SYS_OBJ_202C+SYS_OBJ_21A4
MAIN0,80060e08,644,_drs,_drs+SYS_OBJ_222C+SYS_OBJ_2264+SYS_OBJ_242C
MAIN0,8006108c,40,_ctl,_ctl
MAIN0,800610b4,20,_getctl,_getctl
MAIN0,800610c8,80,_cwb,_cwb
MAIN0,80061118,76,_cwc,_cwc
MAIN0,80061164,48,_param,_param
MAIN0,80061194,36,_addque,_addque
MAIN0,800611b8,520,_addque2,_addque2+SYS_OBJ_25C8+SYS_OBJ_26EC
MAIN0,800613e4,180,SYS_OBJ_27A8,SYS_OBJ_27A8+SYS_OBJ_283C
MAIN0,80061498,748,_exeque,_exeque
MAIN0,80061784,348,_reset,_reset+SYS_OBJ_2C6C
MAIN0,800618e0,180,_sync,_sync+SYS_OBJ_2CC4+SYS_OBJ_2CDC
MAIN0,80061a14,20,SYS_OBJ_2DD8,SYS_OBJ_2DD8
MAIN0,80061a28,52,set_alarm,set_alarm
MAIN0,80061a5c,364,get_alarm,get_alarm+SYS_OBJ_2F7C
MAIN0,80061bc8,220,_version,_version+SYS_OBJ_3060
MAIN0,80061ca4,44,memset,memset
MAIN0,80061cd0,12,GPU_cw,GPU_cw
MAIN0,80061ce0,16,OpenTIM,OpenTIM
MAIN0,80061cf0,104,ReadTIM,ReadTIM+TMD_OBJ_64
MAIN0,80061d58,64,OpenTMD,OpenTMD
MAIN0,80061d98,684,ReadTMD,ReadTMD
MAIN0,80062044,288,get_tim_addr,get_tim_addr+TMD_OBJ_448+TMD_OBJ_468
MAIN0,80062164,408,get_tmd_addr,get_tmd_addr
MAIN0,800622fc,4428,unpack_packet,unpack_packet
MAIN0,80063448,52,TMD_OBJ_1768,TMD_OBJ_1768+TMD_OBJ_1784
MAIN0,8006347c,60,rsin,rsin+GEO_00_OBJ_2C
MAIN0,800634b8,144,sin_1,sin_1+GEO_00_OBJ_C4
MAIN0,80063548,160,rcos,rcos+GEO_01_OBJ_98
MAIN0,800635e8,100,SetFogNear,SetFogNear
MAIN0,8006364c,340,csqrt_1,csqrt_1+COR_05_OBJ_130+COR_05_OBJ_134
MAIN0,800637a0,156,csqrt,csqrt+COR_05_OBJ_1AC+COR_05_OBJ_1D8
MAIN0,80063844,128,FUN_80063844,FUN_80063844
MAIN0,800638cc,124,SquareRoot0,SquareRoot0
MAIN0,8006395c,268,MulMatrix0,MulMatrix0
MAIN0,80063a6c,340,ApplyMatrixLV,ApplyMatrixLV
MAIN0,80063bcc,48,ApplyRotMatrix,ApplyRotMatrix
MAIN0,80063bfc,80,ApplyMatrix,ApplyMatrix
MAIN0,80063c4c,92,ApplyMatrixSV,ApplyMatrixSV
MAIN0,80063cac,292,ScaleMatrix,ScaleMatrix
MAIN0,80063ddc,48,SetRotMatrix,SetRotMatrix
MAIN0,80063e0c,48,SetLightMatrix,SetLightMatrix
MAIN0,80063e3c,48,SetColorMatrix,SetColorMatrix
MAIN0,80063e6c,32,SetTransMatrix,SetTransMatrix
MAIN0,80063e8c,16,SetVertex0,SetVertex0
MAIN0,80063e9c,16,SetVertex1,SetVertex1
MAIN0,80063eac,16,SetVertex2,SetVertex2
MAIN0,80063ebc,32,SetVertexTri,SetVertexTri
MAIN0,80063edc,20,SetRGBfifo,SetRGBfifo
MAIN0,80063ef0,20,SetIR123,SetIR123
MAIN0,80063f04,12,SetIR0,SetIR0
MAIN0,80063f10,20,SetSZfifo3,SetSZfifo3
MAIN0,80063f24,24,SetSZfifo4,SetSZfifo4
MAIN0,80063f3c,20,SetSXSYfifo,SetSXSYfifo
MAIN0,80063f50,20,SetRii,SetRii
MAIN0,80063f64,20,SetMAC123,SetMAC123
MAIN0,80063f78,12,SetData32,SetData32
MAIN0,80063f84,12,SetDQA,SetDQA
MAIN0,80063f90,12,SetDQB,SetDQB
MAIN0,80063f9c,32,SetBackColor,SetBackColor
MAIN0,80063fbc,32,SetFarColor,SetFarColor
MAIN0,80063fdc,24,SetGeomOffset,SetGeomOffset
MAIN0,80063ffc,12,SetGeomScreen,SetGeomScreen
MAIN0,8006400c,40,LightColor,LightColor
MAIN0,80064034,40,DpqColorLight,DpqColorLight
MAIN0,8006405c,60,DpqColor3,DpqColor3
MAIN0,80064098,36,Intpl,Intpl
MAIN0,800640bc,40,Square12,Square12
MAIN0,800640e4,40,Square0,Square0
MAIN0,8006410c,32,AverageZ3,AverageZ3
MAIN0,8006412c,36,AverageZ4,AverageZ4
MAIN0,80064150,88,OuterProduct12,OuterProduct12
MAIN0,800641a8,88,OuterProduct0,OuterProduct0
MAIN0,80064200,24,Lzc,Lzc
MAIN0,8006421c,44,RotTransPers,RotTransPers
MAIN0,8006424c,652,RotMatrix,RotMatrix+FGO_01_OBJ_64+FGO_01_OBJ_CC+FGO_01_OBJ_160
MAIN0,800644dc,408,RotMatrixX,RotMatrixX+FGO_04_OBJ_64
MAIN0,8006467c,408,RotMatrixY,RotMatrixY+FGO_05_OBJ_64
MAIN0,8006481c,408,RotMatrixZ,RotMatrixZ+FGO_06_OBJ_64
MAIN0,800649bc,208,ratan2,ratan2+RATAN_OBJ_BC
MAIN0,80064b04,56,RATAN_OBJ_148,RATAN_OBJ_148+RATAN_OBJ_15C+RATAN_OBJ_178
MAIN0,80064b3c,104,_patch_gte,_patch_gte
MAIN0,80064bdc,48,StSetRing,StSetRing
MAIN0,80064c0c,144,CdInit,CdInit+EVENT_OBJ_7C
MAIN0,80064c9c,40,def_cbsync,def_cbsync
MAIN0,80064cc4,40,def_cbready,def_cbready
MAIN0,80064cec,40,def_cbread,def_cbread
MAIN0,80064d14,12,DeliverEvent,DeliverEvent
MAIN0,80064d24,16,CdStatus,CdStatus
MAIN0,80064d34,16,CdMode,CdMode
MAIN0,80064d44,16,CdLastCom,CdLastCom
MAIN0,80064d54,16,CdLastPos,CdLastPos
MAIN0,80064d64,108,CdReset,CdReset+SYS_OBJ_98
MAIN0,80064dd0,32,CdFlush,CdFlush
MAIN0,80064df0,24,CdSetDebug,CdSetDebug
MAIN0,80064e08,52,CdComstr,CdComstr+SYS_OBJ_110
MAIN0,80064e3c,52,CdIntstr,CdIntstr+SYS_OBJ_144
MAIN0,80064e70,32,CdSync,CdSync
MAIN0,80064e90,32,CdReady,CdReady
MAIN0,80064eb0,24,CdSyncCallback,CdSyncCallback
MAIN0,80064ec8,24,CdReadyCallback,CdReadyCallback
MAIN0,80064ee0,312,CdControl,CdControl
MAIN0,80065018,300,CdControlF,CdControlF
MAIN0,80065144,324,CdControlB,CdControlB+SYS_OBJ_538
MAIN0,80065288,32,CdMix,CdMix
MAIN0,800652a8,32,CdGetSector,CdGetSector
MAIN0,800652c8,36,CdDataCallback,CdDataCallback
MAIN0,800652ec,32,CdDataSync,CdDataSync
MAIN0,8006530c,260,CdIntToPos,CdIntToPos
MAIN0,80065410,128,CdPosToInt,CdPosToInt
MAIN0,80065490,1352,getintr,getintr+BIOS_OBJ_64+BIOS_OBJ_26C+BIOS_OBJ_36C+BIOS_OBJ_3B8+BIOS_OBJ_43C+BIOS_OBJ_4C0
MAIN0,80065a00,24,BIOS_OBJ_570,BIOS_OBJ_570
MAIN0,80065a18,640,CD_sync,CD_sync+BIOS_OBJ_6B4+BIOS_OBJ_6E4+BIOS_OBJ_7DC
MAIN0,80065c98,716,CD_ready,CD_ready+BIOS_OBJ_93C+BIOS_OBJ_96C+BIOS_OBJ_AA4
MAIN0,80065f64,1052,CD_cw,CD_cw+BIOS_OBJ_DAC+BIOS_OBJ_DDC+BIOS_OBJ_EC8
MAIN0,80066380,136,CD_vol,CD_vol
MAIN0,80066408,224,CD_flush,CD_flush
MAIN0,800664e8,244,CD_initvol,CD_initvol
MAIN0,800665dc,80,CD_initintr,CD_initintr
MAIN0,8006662c,492,CD_init,CD_init
MAIN0,80066818,364,CD_datasync,CD_datasync+BIOS_OBJ_14A4
MAIN0,80066984,256,CD_getsector,CD_getsector
MAIN0,80066a84,16,CD_set_test_parmnum,CD_set_test_parmnum
MAIN0,80066a94,228,callback,callback+BIOS_OBJ_1638
MAIN0,80066b78,80,puts,puts+PUTS_OBJ_2C
MAIN0,80066bc8,532,cb_read,cb_read+CDREAD_OBJ_108
MAIN0,80066ddc,460,cd_read_retry,cd_read_retry+CDREAD_OBJ_3C0
MAIN0,80066fa8,80,CdReadBreak,CdReadBreak
MAIN0,80066ff8,224,CdRead,CdRead+CDREAD_OBJ_46C
MAIN0,800670d8,204,CdReadSync,CdReadSync+CDREAD_OBJ_5A0
MAIN0,800671a4,24,CdReadCallback,CdReadCallback
MAIN0,800671bc,148,CdRead2,CdRead2+CDREAD2_OBJ_50
MAIN0,80067250,32,StCdInterrupt2,StCdInterrupt2
MAIN0,80067270,96,StClearRing,StClearRing
MAIN0,800672d0,88,StUnSetRing,StUnSetRing
MAIN0,80067328,144,data_ready_callback,data_ready_callback
MAIN0,800673b8,96,StGetBackloc,StGetBackloc+C_004_OBJ_DC
MAIN0,80067418,136,StSetStream,StSetStream
MAIN0,800674a0,184,StFreeRing,StFreeRing+C_007_OBJ_AC
MAIN0,80067558,60,init_ring_status,init_ring_status
MAIN0,80067594,196,StGetNext,StGetNext
MAIN0,80067658,32,StSetMask,StSetMask
MAIN0,80067678,1008,StCdInterrupt,StCdInterrupt+C_011_OBJ_270+C_011_OBJ_3D0
MAIN0,80067e34,200,C_011_OBJ_7BC,C_011_OBJ_7BC+C_011_OBJ_85C
MAIN0,80067f78,112,C_011_OBJ_900,C_011_OBJ_900+C_011_OBJ_960
MAIN0,80067fe8,52,mem2mem,mem2mem
MAIN0,8006801c,200,dma_execute,dma_execute+C_011_OBJ_A30
MAIN0,80068108,208,C_011_OBJ_A90,C_011_OBJ_A90
MAIN0,800681d8,328,VSync,VSync+VSYNC_OBJ_84+VSYNC_OBJ_130
MAIN0,80068320,156,v_wait,v_wait+VSYNC_OBJ_1D4
MAIN0,800683bc,12,ChangeClearRCnt,ChangeClearRCnt
MAIN0,800683cc,48,ResetCallback,ResetCallback
MAIN0,800683fc,48,InterruptCallback,InterruptCallback
MAIN0,8006842c,48,DMACallback,DMACallback
MAIN0,8006845c,52,VSyncCallback,VSyncCallback
MAIN0,80068490,48,VSyncCallbacks,VSyncCallbacks
MAIN0,800684c0,48,StopCallback,StopCallback
MAIN0,800684f0,48,RestartCallback,RestartCallback
MAIN0,80068520,16,CheckCallback,CheckCallback
MAIN0,80068530,24,GetIntrMask,GetIntrMask
MAIN0,80068548,28,SetIntrMask,SetIntrMask
MAIN0,80068564,220,startIntr,startIntr
MAIN0,80068640,488,trapIntr,trapIntr+INTR_OBJ_428
MAIN0,80068828,340,setIntr,setIntr+INTR_OBJ_514
MAIN0,8006897c,172,stopIntr,stopIntr
MAIN0,80068a28,136,restartIntr,restartIntr+INTR_OBJ_6D0
MAIN0,80068ab0,44,memclr,memclr
MAIN0,80068ae4,12,FUN_80068ae4,FUN_80068ae4
MAIN0,80068afc,12,ReturnFromException,ReturnFromException
MAIN0,80068b0c,12,ResetEntryInt,ResetEntryInt
MAIN0,80068b1c,12,HookEntryInt,HookEntryInt
MAIN0,80068b2c,60,setjmp,setjmp
MAIN0,80068b68,60,longjmp,longjmp
MAIN0,80068bac,88,startIntrVSync,startIntrVSync
MAIN0,80068c04,120,trapIntrVSync,trapIntrVSync
MAIN0,80068c7c,44,setIntrVSync,setIntrVSync
MAIN0,80068ca8,44,memclr,memclr
MAIN0,80068cd4,80,startIntrDMA,startIntrDMA
MAIN0,80068d24,388,trapIntrDMA,trapIntrDMA
MAIN0,80068ea8,168,setIntrDMA,setIntrDMA+INTR_DMA_OBJ_274
MAIN0,80068f50,44,memclr,memclr
MAIN0,80068f7c,24,SetVideoMode,SetVideoMode
MAIN0,80068f94,16,GetVideoMode,GetVideoMode
MAIN0,80068fc4,32,FUN_80068fc4,FUN_80068fc4
MAIN0,80069050,204,FUN_80069050,FUN_80069050
MAIN0,8006911c,248,FUN_8006911c,FUN_8006911c
MAIN0,80069390,56,FUN_80069390,FUN_80069390
MAIN0,800693c8,72,FUN_800693c8,FUN_800693c8
MAIN0,80069410,72,FUN_80069410,FUN_80069410
MAIN0,8006957c,44,FUN_8006957c,FUN_8006957c
MAIN0,800697b4,204,FUN_800697b4,FUN_800697b4
MAIN0,800698c4,820,FUN_800698c4,FUN_800698c4
MAIN0,80069bf8,240,FUN_80069bf8,FUN_80069bf8
MAIN0,80069ce8,528,FUN_80069ce8,FUN_80069ce8
MAIN0,80069ef8,632,FUN_80069ef8,FUN_80069ef8
MAIN0,8006a170,144,FUN_8006a170,FUN_8006a170
MAIN0,8006a200,40,FUN_8006a200,FUN_8006a200
MAIN0,8006a234,12,SysEnqIntRP,SysEnqIntRP
MAIN0,8006a244,12,SysDeqIntRP,SysDeqIntRP
MAIN0,8006a254,12,FUN_8006a254,FUN_8006a254
MAIN0,8006a270,132,FUN_8006a270,FUN_8006a270
MAIN0,8006a2f4,624,FUN_8006a2f4,FUN_8006a2f4
MAIN0,8006a564,56,FUN_8006a564,FUN_8006a564
MAIN0,8006a59c,212,FUN_8006a59c,FUN_8006a59c
MAIN0,8006ab10,104,FUN_8006ab10,FUN_8006ab10
MAIN0,8006ac5c,152,FUN_8006ac5c,FUN_8006ac5c
MAIN0,8006ada8,32,FUN_8006ada8,FUN_8006ada8
MAIN0,8006adc8,20,FUN_8006adc8,FUN_8006adc8
MAIN0,8006addc,32,FUN_8006addc,FUN_8006addc
MAIN0,8006adfc,32,FUN_8006adfc,FUN_8006adfc
MAIN0,8006ae1c,32,FUN_8006ae1c,FUN_8006ae1c
MAIN0,8006ae3c,20,FUN_8006ae3c,FUN_8006ae3c
MAIN0,8006b464,352,FUN_8006b464,FUN_8006b464
MAIN0,8006b720,16,FUN_8006b720,FUN_8006b720
MAIN0,8006bac4,52,FUN_8006bac4,FUN_8006bac4
MAIN0,8006be6c,224,FUN_8006be6c,FUN_8006be6c
MAIN0,8006bf84,32,FUN_8006bf84,FUN_8006bf84
MAIN0,8006bfa4,160,FUN_8006bfa4,FUN_8006bfa4
MAIN0,8006c044,280,start,start+__main
MAIN0,8006c15c,104,__do_global_dtors,__do_global_dtors
MAIN0,8006c1c4,12,InitHeap,InitHeap
MAIN0,8006c1d4,380,_SsClose,_SsClose
MAIN0,8006c350,36,SsSeqClose,SsSeqClose
MAIN0,8006c374,36,SsSepClose,SsSepClose
MAIN0,8006c398,196,SsEnd,SsEnd+SSEND_OBJ_A0
MAIN0,8006c45c,232,_SsInit,_SsInit
MAIN0,8006c544,48,FUN_8006c544,FUN_8006c544
MAIN0,8006c574,72,SsSetLoop,SsSetLoop
MAIN0,8006c5bc,72,SsIsEos,SsIsEos
MAIN0,8006c604,784,SsSeqOpen,SsSeqOpen+SSOPENQ_OBJ_2FC
MAIN0,8006c914,128,_SsContBankChange,_SsContBankChange
MAIN0,8006c994,532,_SsContDataEntry,_SsContDataEntry+CC_6_OBJ_1AC+CC_6_OBJ_1C4+CC_6_OBJ_1C8
MAIN0,8006cd5c,28,CC_6_OBJ_3C8,CC_6_OBJ_3C8
MAIN0,8006cd84,64,CC_6_OBJ_3F0,CC_6_OBJ_3F0+CC_6_OBJ_3FC
MAIN0,8006cdc4,216,_SsContMainVol,_SsContMainVol
MAIN0,8006ce9c,208,_SsContPanpot,_SsContPanpot
MAIN0,8006cf6c,176,_SsContDamper,_SsContDamper+CC_64_OBJ_80
MAIN0,8006d01c,144,_SsContExternal,_SsContExternal
MAIN0,8006d0ac,312,_SsContNrpn1,_SsContNrpn1+CC_98_OBJ_B4
MAIN0,8006d1e4,256,_SsContNrpn2,_SsContNrpn2
MAIN0,8006d2e4,60,CC_99_OBJ_100,CC_99_OBJ_100+CC_99_OBJ_11C+CC_99_OBJ_128
MAIN0,8006d320,120,_SsContRpn1,_SsContRpn1
MAIN0,8006d398,120,_SsContRpn2,_SsContRpn2
MAIN0,8006d410,196,_SsContResetAll,_SsContResetAll
MAIN0,8006d4d4,144,_SsSetNrpnVabAttr0,_SsSetNrpnVabAttr0
MAIN0,8006d564,188,_SsSetNrpnVabAttr1,_SsSetNrpnVabAttr1+DE_1_OBJ_98
MAIN0,8006d620,144,_SsSetNrpnVabAttr2,_SsSetNrpnVabAttr2
MAIN0,8006d6b0,144,_SsSetNrpnVabAttr3,_SsSetNrpnVabAttr3
MAIN0,8006d740,180,_SsSetNrpnVabAttr4,_SsSetNrpnVabAttr4
MAIN0,8006d7f4,92,_SsUtResolveADSR,_SsUtResolveADSR
MAIN0,8006d850,140,_SsUtBuildADSR,_SsUtBuildADSR
MAIN0,8006d8dc,184,_SsSetNrpnVabAttr5,_SsSetNrpnVabAttr5
MAIN0,8006d994,176,_SsSetNrpnVabAttr6,_SsSetNrpnVabAttr6
MAIN0,8006da44,176,_SsSetNrpnVabAttr7,_SsSetNrpnVabAttr7
MAIN0,8006daf4,180,_SsSetNrpnVabAttr8,_SsSetNrpnVabAttr8
MAIN0,8006dba8,184,_SsSetNrpnVabAttr9,_SsSetNrpnVabAttr9
MAIN0,8006dc60,180,_SsSetNrpnVabAttr10,_SsSetNrpnVabAttr10
MAIN0,8006dd14,168,_SsSetNrpnVabAttr11,_SsSetNrpnVabAttr11
MAIN0,8006ddbc,220,_SsSetNrpnVabAttr12,_SsSetNrpnVabAttr12+DE_12_OBJ_88
MAIN0,8006de98,160,_SsSetNrpnVabAttr13,_SsSetNrpnVabAttr13
MAIN0,8006df38,160,_SsSetNrpnVabAttr14,_SsSetNrpnVabAttr14
MAIN0,8006dfd8,36,_SsSetNrpnVabAttr15,_SsSetNrpnVabAttr15
MAIN0,8006dffc,40,_SsSetNrpnVabAttr16,_SsSetNrpnVabAttr16
MAIN0,8006e090,184,_SsSetPitchBend,_SsSetPitchBend
MAIN0,8006e148,500,_SsSetControlChange,_SsSetControlChange+MIDICC_OBJ_1E0
MAIN0,8006e35c,44,MIDICC_OBJ_214,MIDICC_OBJ_214+MIDICC_OBJ_220+MIDICC_OBJ_22C
MAIN0,8006e388,472,_SsGetMetaEvent,_SsGetMetaEvent+MIDIMETA_OBJ_1A8
MAIN0,8006e560,232,_SsNoteOn,_SsNoteOn+MIDINOTE_OBJ_D8
MAIN0,8006e648,120,_SsSetProgramChange,_SsSetProgramChange
MAIN0,8006e6c0,184,_SsReadDeltaValue,_SsReadDeltaValue+MIDITIME_OBJ_B0
MAIN0,8006e778,792,_SsInitSoundSeq,_SsInitSoundSeq+SEQINIT_OBJ_1C8+SEQINIT_OBJ_2F4+SEQINIT_OBJ_304
MAIN0,8006ea90,56,SsSeqPlay,SsSeqPlay
MAIN0,8006eac8,56,SsSepPlay,SsSepPlay
MAIN0,8006eb00,32,FUN_8006eb00,FUN_8006eb00
MAIN0,8006eb20,256,Snd_SetPlayMode,Snd_SetPlayMode+PLAYMODE_OBJ_F0
MAIN0,8006ec20,80,SsSetMVol,SsSetMVol
MAIN0,8006ec70,616,_SsStart,_SsStart+SSSTART_OBJ_DC+SSSTART_OBJ_18C+SSSTART_OBJ_240+SSSTART_OBJ_248+SSSTART_OBJ_250
MAIN0,8006eed8,32,SpuInitHot,SpuInitHot
MAIN0,8006eef8,32,SpuInit,SpuInit
MAIN0,8006ef18,64,_SsTrapIntrVSync,_SsTrapIntrVSync
MAIN0,8006ef58,80,_SsSeqCalledTbyT_1per2,_SsSeqCalledTbyT_1per2+SSSTART_OBJ_328
MAIN0,8006efa8,156,FUN_8006efa8,FUN_8006efa8
MAIN0,8006f0e0,52,FUN_8006f0e0,FUN_8006f0e0
MAIN0,8006f118,628,SsSeqCalledTbyT,SsSeqCalledTbyT
MAIN0,8006f38c,504,_SsSndCrescendo,_SsSndCrescendo+CRES_OBJ_1E8
MAIN0,8006f5c0,172,CRES_OBJ_234,CRES_OBJ_234
MAIN0,8006f66c,476,_SsSndDecrescendo,_SsSndDecrescendo+DECRES_OBJ_1CC
MAIN0,8006f864,168,DECRES_OBJ_1F8,DECRES_OBJ_1F8
MAIN0,8006f90c,164,_SsSndPause,_SsSndPause
MAIN0,8006f9b0,44,_SsSndPlay,_SsSndPlay
MAIN0,8006f9dc,272,_SsSeqPlay,_SsSeqPlay+MIDIREAD_OBJ_EC+MIDIREAD_OBJ_F0
MAIN0,8006faec,452,_SsSeqGetEof,_SsSeqGetEof+MIDIREAD_OBJ_2B8
MAIN0,8006fcb0,576,_SsGetSeqData,_SsGetSeqData+MIDIREAD_OBJ_500
MAIN0,8006ff20,28,MIDIREAD_OBJ_544,MIDIREAD_OBJ_544
MAIN0,8006ff5c,56,MIDIREAD_OBJ_580,MIDIREAD_OBJ_580+MIDIREAD_OBJ_588+MIDIREAD_OBJ_58C+MIDIREAD_OBJ_594
MAIN0,8006ff94,264,_SsSndNextSep,_SsSndNextSep
MAIN0,8007009c,104,_SsSndReplay,_SsSndReplay
MAIN0,80070104,360,_SsSndStop,_SsSndStop
MAIN0,8007026c,40,SsSeqStop,SsSeqStop
MAIN0,80070294,44,SsSepStop,SsSepStop
MAIN0,800702c0,480,SsSetTableSize,SsSetTableSize
MAIN0,800704a0,336,SsSetTickMode,SsSetTickMode+SSTICK_OBJ_50+SSTICK_OBJ_88+SSTICK_OBJ_B0+SSTICK_OBJ_D8+SSTICK_OBJ_EC+SSTICK_OBJ_100+SSTICK_OBJ_118+SSTICK_OBJ_140
MAIN0,800705f8,20,SSTICK_OBJ_158,SSTICK_OBJ_158
MAIN0,8007060c,56,_SsSndSetVol,_SsSndSetVol
MAIN0,80070644,48,SsSeqSetVol,SsSeqSetVol
MAIN0,80070674,56,SsSepSetVol,SsSepSetVol
MAIN0,800706ac,52,SsSeqGetVol,SsSeqGetVol
MAIN0,800706e0,480,_SsSndTempo,_SsSndTempo+TEMPO_OBJ_DC+TEMPO_OBJ_E8
MAIN0,800708c0,320,SsUtChangePitch,SsUtChangePitch+UT_CP_OBJ_11C
MAIN0,80070a00,264,SsUtGetProgAtr,SsUtGetProgAtr+UT_GPA_OBJ_F0
MAIN0,80070b08,572,SsUtGetVagAtr,SsUtGetVagAtr+UT_GVA_OBJ_224
MAIN0,80070d44,916,SsUtKeyOnV,SsUtKeyOnV+UT_KEYV_OBJ_174+UT_KEYV_OBJ_180+UT_KEYV_OBJ_350+UT_KEYV_OBJ_360
MAIN0,800710d8,120,SsUtKeyOffV,SsUtKeyOffV+UT_KEYV_OBJ_3FC
MAIN0,80071150,64,SsUtSetReverbDelay,SsUtSetReverbDelay
MAIN0,80071190,152,SsUtSetReverbDepth,SsUtSetReverbDepth
MAIN0,80071228,140,SsUtSetReverbType,SsUtSetReverbType+UT_REV_OBJ_50
MAIN0,800712b8,20,UT_REV_OBJ_90,UT_REV_OBJ_90
MAIN0,800712cc,16,SsUtGetReverbType,SsUtGetReverbType
MAIN0,800712dc,64,SsUtSetReverbFeedback,SsUtSetReverbFeedback
MAIN0,8007131c,32,FUN_8007131c,FUN_8007131c
MAIN0,8007133c,32,FUN_8007133c,FUN_8007133c
MAIN0,8007135c,456,SsUtSetVagAtr,SsUtSetVagAtr+UT_SVA_OBJ_1B0
MAIN0,80071524,532,_SsVmDoAllocate,_SsVmDoAllocate+VM_ALOC2_OBJ_120
MAIN0,80071738,16,_SsVmDamperOff,_SsVmDamperOff
MAIN0,80071748,20,_SsVmDamperOn,_SsVmDamperOn
MAIN0,8007175c,948,_SsVmFlush,_SsVmFlush
MAIN0,80071b10,784,_SsVmInit,_SsVmInit+VM_INIT_OBJ_E4
MAIN0,80071e20,1360,_SsVmKeyOn,_SsVmKeyOn+VM_KEY_OBJ_128+VM_KEY_OBJ_4E4+VM_KEY_OBJ_500+VM_KEY_OBJ_518
MAIN0,80072370,332,_SsVmKeyOff,_SsVmKeyOff+VM_KEY_OBJ_658
MAIN0,800724bc,236,_SsVmSeKeyOn,_SsVmSeKeyOn+VM_KEY_OBJ_74C
MAIN0,800725a8,52,_SsVmSeKeyOff,_SsVmSeKeyOff
MAIN0,800725dc,8,KeyOnCheck,KeyOnCheck
MAIN0,800725e4,620,_SsVmAlloc,_SsVmAlloc+VM_ALOC1_OBJ_14C+VM_ALOC1_OBJ_150+VM_ALOC1_OBJ_164
MAIN0,80072850,196,note2pitch,note2pitch+VM_N2P_OBJ_BC
MAIN0,80072914,252,note2pitch2,note2pitch2+VM_N2P_OBJ_1B8
MAIN0,80072a10,1228,vmNoiseOn,vmNoiseOn+VM_NO1_OBJ_18C+VM_NO1_OBJ_1FC+VM_NO1_OBJ_26C+VM_NO1_OBJ_294+VM_NO1_OBJ_324+VM_NO1_OBJ_4AC
MAIN0,80072edc,68,vmNoiseOff,vmNoiseOff
MAIN0,80072f20,208,_SsVmKeyOffNow,_SsVmKeyOffNow+VM_NOWOF_OBJ_38
MAIN0,80072ff0,1252,_SsVmKeyOnNow,_SsVmKeyOnNow+VM_NOWON_OBJ_1C8+VM_NOWON_OBJ_238+VM_NOWON_OBJ_2A8+VM_NOWON_OBJ_2D0+VM_NOWON_OBJ_408+VM_NOWON_OBJ_480
MAIN0,800734d4,512,_SsVmPBVoice,_SsVmPBVoice+VM_PB_OBJ_174
MAIN0,800736d4,240,_SsVmPitchBend,_SsVmPitchBend
MAIN0,800737c4,1344,_SsVmSetSeqVol,_SsVmSetSeqVol+VM_SEQ_OBJ_30C+VM_SEQ_OBJ_3AC+VM_SEQ_OBJ_438+VM_SEQ_OBJ_468
MAIN0,80073d04,108,_SsVmGetSeqVol,_SsVmGetSeqVol
MAIN0,80073d70,80,_SsVmGetSeqLVol,_SsVmGetSeqLVol
MAIN0,80073dc0,80,_SsVmGetSeqRVol,_SsVmGetSeqRVol
MAIN0,80073e10,156,_SsVmSeqKeyOff,_SsVmSeqKeyOff
MAIN0,80073eac,180,_SsVmSelectToneAndVag,_SsVmSelectToneAndVag
MAIN0,80073f60,1412,_SsVmSetVol,_SsVmSetVol+VM_VOL_OBJ_370+VM_VOL_OBJ_410+VM_VOL_OBJ_474+VM_VOL_OBJ_49C
MAIN0,800744e4,196,_SsVmVSetUp,_SsVmVSetUp+VM_VSU_OBJ_BC
MAIN0,800745a8,16,SsSetAutoKeyOffMode,SsSetAutoKeyOffMode
MAIN0,800745dc,48,SsSetReservedVoice,SsSetReservedVoice+VS_SRV_OBJ_28
MAIN0,8007460c,132,SsVabClose,SsVabClose
MAIN0,80074690,112,SsVabFakeBody,SsVabFakeBody+VS_VFB_OBJ_5C
MAIN0,80074700,48,SsVabOpenHead,SsVabOpenHead
MAIN0,80074730,48,SsVabOpenHeadSticky,SsVabOpenHeadSticky
MAIN0,80074760,48,SsVabFakeHead,SsVabFakeHead
MAIN0,80074790,764,SsVabOpenHeadWithMode,SsVabOpenHeadWithMode+VS_VH_OBJ_180+VS_VH_OBJ_190+VS_VH_OBJ_350+VS_VH_OBJ_364
MAIN0,80074b0c,140,VS_VH_OBJ_40C,VS_VH_OBJ_40C
MAIN0,80074b44,40,VS_VH_OBJ_444,VS_VH_OBJ_444
MAIN0,80074b6c,32,FUN_80074b6c,FUN_80074b6c
MAIN0,80074b8c,248,_SpuInit,_SpuInit
MAIN0,80074c84,124,SpuStart,SpuStart
MAIN0,80074d00,660,_spu_init,_spu_init+SPU_OBJ_DC
MAIN0,80074f94,460,_spu_writeByIO,_spu_writeByIO+SPU_OBJ_3AC+SPU_OBJ_440
MAIN0,80075160,208,_spu_FiDMA,_spu_FiDMA+SPU_OBJ_520
MAIN0,80075230,188,_spu_r_,_spu_r_
MAIN0,800752ec,656,_spu_t,_spu_t+SPU_OBJ_7E0+SPU_OBJ_868
MAIN0,8007557c,136,_spu_write,_spu_write+SPU_OBJ_8EC
MAIN0,80075604,104,_spu_read,_spu_read
MAIN0,8007566c,72,_spu_FsetRXX,_spu_FsetRXX+SPU_OBJ_9AC
MAIN0,800756b4,164,_spu_FsetRXXa,_spu_FsetRXXa+SPU_OBJ_A50
MAIN0,80075758,60,_spu_FgetRXXa,_spu_FgetRXXa+SPU_OBJ_A8C
MAIN0,80075794,96,_spu_FsetPCR,_spu_FsetPCR+SPU_OBJ_AE4
MAIN0,800757f4,44,_spu_FsetDelayW,_spu_FsetDelayW
MAIN0,80075820,44,_spu_FsetDelayR,_spu_FsetDelayR
MAIN0,8007584c,96,_spu_FwaitFs,_spu_FwaitFs+SPU_OBJ_B8C
MAIN0,800758ac,36,_SpuDataCallback,_SpuDataCallback
MAIN0,800758d0,124,SpuQuit,SpuQuit
MAIN0,8007594c,12,DisableEvent,DisableEvent
MAIN0,8007595c,84,SpuInitMalloc,SpuInitMalloc+S_M_INIT_OBJ_4C
MAIN0,800759b0,712,SpuMalloc,SpuMalloc+S_M_M_OBJ_54+S_M_M_OBJ_12C+S_M_M_OBJ_2A8
MAIN0,80075c78,776,_spu_gcSPU,_spu_gcSPU+S_M_INT_OBJ_50+S_M_INT_OBJ_C0+S_M_INT_OBJ_278
MAIN0,80075f80,124,SpuFree,SpuFree+S_M_F_OBJ_64
MAIN0,80075ffc,36,SpuSetNoiseVoice,SpuSetNoiseVoice
MAIN0,80076020,292,_SpuSetAnyVoice,_SpuSetAnyVoice+S_SAV_OBJ_38+S_SAV_OBJ_114
MAIN0,80076208,32,S_SAV_OBJ_1E8,S_SAV_OBJ_1E8+S_SAV_OBJ_1F8
MAIN0,80076228,208,SpuSetReverb,SpuSetReverb+S_SR_OBJ_B0+S_SR_OBJ_B4
MAIN0,800762f8,128,_SpuIsInAllocateArea,_SpuIsInAllocateArea+S_M_UTIL_OBJ_2C+S_M_UTIL_OBJ_78
MAIN0,80076378,140,_SpuIsInAllocateArea_,_SpuIsInAllocateArea_+S_M_UTIL_OBJ_B8+S_M_UTIL_OBJ_104
MAIN0,80076404,1272,SpuSetReverbModeParam,SpuSetReverbModeParam+S_SRMP_OBJ_170+S_SRMP_OBJ_180+S_SRMP_OBJ_334+S_SRMP_OBJ_420+S_SRMP_OBJ_444+S_SRMP_OBJ_4C4
MAIN0,800768fc,1232,_spu_setReverbAttr,_spu_setReverbAttr
MAIN0,80076dcc,80,SpuReserveReverbWorkArea,SpuReserveReverbWorkArea+S_RRWA_OBJ_40
MAIN0,80076e1c,120,SpuSetReverbDepth,SpuSetReverbDepth
MAIN0,80076e94,36,SpuSetReverbVoice,SpuSetReverbVoice
MAIN0,80076eb8,412,SpuClearReverbWorkArea,SpuClearReverbWorkArea+S_CRWA_OBJ_9C+S_CRWA_OBJ_100+S_CRWA_OBJ_174
MAIN0,80077054,12,WaitEvent,WaitEvent
MAIN0,80077064,508,SpuSetKey,SpuSetKey+S_SK_OBJ_1EC+S_SK_OBJ_1F4
MAIN0,80077260,96,SpuRead,SpuRead
MAIN0,800772c0,88,SpuSetTransferStartAddr,SpuSetTransferStartAddr+S_STSA_OBJ_48
MAIN0,80077318,168,SpuIsTransferCompleted,SpuIsTransferCompleted+S_ITC_OBJ_88+S_ITC_OBJ_90
MAIN0,800773c0,44,_spu_setInTransfer,_spu_setInTransfer
MAIN0,800773ec,24,_spu_getInTransfer,_spu_getInTransfer
MAIN0,80077404,916,SpuSetCommonAttr,SpuSetCommonAttr+S_SCA_OBJ_5C+S_SCA_OBJ_64+S_SCA_OBJ_6C+S_SCA_OBJ_74+S_SCA_OBJ_7C+S_SCA_OBJ_84+S_SCA_OBJ_8C+S_SCA_OBJ_94+S_SCA_OBJ_9C+S_SCA_OBJ_CC+S_SCA_OBJ_124+S_SCA_OBJ_12C+S_SCA_OBJ_134+S_SCA_OBJ_13C+S_SCA_OBJ_144+S_SCA_OBJ_14C+S_SCA_OBJ_154+S_SCA_OBJ_15C+S_SCA_OBJ_164+S_SCA_OBJ_194+S_SCA_OBJ_288+S_SCA_OBJ_2DC+S_SCA_OBJ_330+S_SCA_OBJ_384
MAIN0,80077798,208,SpuRGetAllKeysStatus,SpuRGetAllKeysStatus+SR_GAKS_OBJ_B4+SR_GAKS_OBJ_C8
MAIN0,80077868,136,SpuGetAllKeysStatus,SpuGetAllKeysStatus+SR_GAKS_OBJ_140
MAIN0,800e8214,1,FUN_800e8214,FUN_800e8214
MAIN0,800e827c,1,FUN_800e827c,FUN_800e827c
MAIN0,800e8284,1,FUN_800e8284,FUN_800e8284
MAIN0,800e8348,1,FUN_800e8348,FUN_800e8348
MAIN0,800e8618,1,FUN_800e8618,FUN_800e8618
MAIN0,800e86ac,1,FUN_800e86ac,FUN_800e86ac
MAIN0,800e8700,1,FUN_800e8700,FUN_800e8700
MAIN0,800e897c,1,FUN_800e897c,FUN_800e897c
MAIN0,800e8a14,1,FUN_800e8a14,FUN_800e8a14
MAIN0,800e8a2c,1,FUN_800e8a2c,FUN_800e8a2c
MAIN0,800e8a5c,1,FUN_800e8a5c,FUN_800e8a5c
MAIN0,800e8a94,1,FUN_800e8a94,FUN_800e8a94
MAIN0,800e8a98,1,FUN_800e8a98,FUN_800e8a98
MAIN0,800e8b08,1,FUN_800e8b08,FUN_800e8b08
MAIN0,800e8b28,1,FUN_800e8b28,FUN_800e8b28
MAIN0,800e8c98,1,FUN_800e8c98,FUN_800e8c98
MAIN0,800e8d98,1,FUN_800e8d98,FUN_800e8d98
MAIN0,800e8da4,1,FUN_800e8da4,FUN_800e8da4
MAIN0,800e8ed4,1,FUN_800e8ed4,FUN_800e8ed4
MAIN0,800e9040,1,FUN_800e9040,FUN_800e9040
MAIN0,800e9174,1,FUN_800e9174,FUN_800e9174
MAIN0,800e940c,1,FUN_800e940c,FUN_800e940c
MAIN0,800e96e8,1,FUN_800e96e8,FUN_800e96e8
MAIN0,800e972c,1,FUN_800e972c,FUN_800e972c
MAIN0,800e9888,1,FUN_800e9888,FUN_800e9888
MAIN0,800e9d08,1,FUN_800e9d08,FUN_800e9d08
MAIN0,800e9f60,1,FUN_800e9f60,FUN_800e9f60
MAIN0,800e9f74,1,FUN_800e9f74,FUN_800e9f74
MAIN0,800ea124,1,FUN_800ea124,FUN_800ea124
MAIN0,800ea37c,1,FUN_800ea37c,FUN_800ea37c
MAIN0,800ea544,1,FUN_800ea544,FUN_800ea544
MAIN0,800eab58,1,FUN_800eab58,FUN_800eab58
MAIN0,800eab84,1,FUN_800eab84,FUN_800eab84
MAIN0,800ead48,1,FUN_800ead48,FUN_800ead48
MAIN0,800eaffc,1,FUN_800eaffc,FUN_800eaffc
MAIN0,800eb044,1,FUN_800eb044,FUN_800eb044
MAIN0,800eb550,1,FUN_800eb550,FUN_800eb550
MAIN0,800eb714,1,FUN_800eb714,FUN_800eb714
MAIN0,800eb77c,1,FUN_800eb77c,FUN_800eb77c
MAIN0,800ebc30,1,FUN_800ebc30,FUN_800ebc30
MAIN0,800ec148,1,FUN_800ec148,FUN_800ec148
MAIN0,800ec26c,1,FUN_800ec26c,FUN_800ec26c
MAIN0,800ec5e8,1,FUN_800ec5e8,FUN_800ec5e8
MAIN0,800ec710,1,FUN_800ec710,FUN_800ec710
MAIN0,800ecb40,1,FUN_800ecb40,FUN_800ecb40
MAIN0,800ecbbc,1,FUN_800ecbbc,FUN_800ecbbc
MAIN0,800ecd88,1,FUN_800ecd88,FUN_800ecd88
MAIN0,800ed4d0,1,FUN_800ed4d0,FUN_800ed4d0
MAIN0,800edd28,1,FUN_800edd28,FUN_800edd28
MAIN0,800edeec,1,FUN_800edeec,FUN_800edeec
MAIN0,800edf08,1,FUN_800edf08,FUN_800edf08
MAIN0,800edfb8,1,FUN_800edfb8,FUN_800edfb8
MAIN0,800eea7c,1,FUN_800eea7c,FUN_800eea7c
MAIN0,800eeae4,1,FUN_800eeae4,FUN_800eeae4
MAIN0,800efa80,1,FUN_800efa80,FUN_800efa80
MAIN0,800efaa4,1,FUN_800efaa4,FUN_800efaa4
MAIN0,800efc04,1,FUN_800efc04,FUN_800efc04
MAIN0,800efd6c,1,FUN_800efd6c,FUN_800efd6c
MAIN0,800f05b0,1,FUN_800f05b0,FUN_800f05b0
MAIN0,800f07c0,1,FUN_800f07c0,FUN_800f07c0
MAIN0,800f0c0c,1,FUN_800f0c0c,FUN_800f0c0c
MAIN0,800f126c,1,FUN_800f126c,FUN_800f126c
MAIN0,800f1590,1,FUN_800f1590,FUN_800f1590
MAIN0,800f18c0,1,FUN_800f18c0,FUN_800f18c0
MAIN0,800f1a60,1,FUN_800f1a60,FUN_800f1a60
MAIN0,800f2ca8,1,FUN_800f2ca8,FUN_800f2ca8
MAIN0,800f3d84,1,FUN_800f3d84,FUN_800f3d84
MAIN0,800f528c,1,FUN_800f528c,FUN_800f528c
MAIN0,800f548c,1,FUN_800f548c,FUN_800f548c
MAIN0,800f6b4c,1,FUN_800f6b4c,FUN_800f6b4c
MAIN0,800f6d5c,1,FUN_800f6d5c,FUN_800f6d5c
MAIN0,80102214,1,FUN_80102214,FUN_80102214
MAIN0,80113754,1,FUN_80113754,FUN_80113754
MAIN0,80115ea8,1,FUN_80115ea8,FUN_80115ea8
MAIN0,80115ee4,1,FUN_80115ee4,FUN_80115ee4
MAIN0,80115f88,1,FUN_80115f88,FUN_80115f88
MAIN0,80115fc0,1,FUN_80115fc0,FUN_80115fc0
MAIN0,8011611c,1,FUN_8011611c,FUN_8011611c
MAIN0,80116234,1,FUN_80116234,FUN_80116234
MAIN0,801162d8,1,FUN_801162d8,FUN_801162d8
MAIN0,80116358,1,FUN_80116358,FUN_80116358
MAIN0,80116398,1,FUN_80116398,FUN_80116398
MAIN0,801163d4,1,FUN_801163d4,FUN_801163d4
MAIN0,801165c0,1,FUN_801165c0,FUN_801165c0
MAIN0,80116758,1,FUN_80116758,FUN_80116758
MAIN0,801169d0,1,FUN_801169d0,FUN_801169d0
MAIN0,80116a60,1,FUN_80116a60,FUN_80116a60
MAIN0,80116cdc,1,FUN_80116cdc,FUN_80116cdc
MAIN0,80116f74,1,FUN_80116f74,FUN_80116f74
MAIN0,80116fb8,1,FUN_80116fb8,FUN_80116fb8
MAIN0,801170f4,1,FUN_801170f4,FUN_801170f4
MAIN0,801171a4,1,FUN_801171a4,FUN_801171a4
MAIN0,801178f4,1,FUN_801178f4,FUN_801178f4
MAIN0,80117f60,1,FUN_80117f60,FUN_80117f60
MAIN0,80118014,1,FUN_80118014,FUN_80118014
MAIN0,801184fc,1,FUN_801184fc,FUN_801184fc
MAIN0,80118534,1,FUN_80118534,FUN_80118534
MAIN0,80118558,1,FUN_80118558,FUN_80118558
MAIN0,801189ec,1,FUN_801189ec,FUN_801189ec
MAIN0,80118ae8,1,FUN_80118ae8,FUN_80118ae8
MAIN0,80118ddc,1,FUN_80118ddc,FUN_80118ddc
MAIN0,80119940,1,FUN_80119940,FUN_80119940
MAIN0,8011a32c,1,FUN_8011a32c,FUN_8011a32c
MAIN0,8011a544,1,FUN_8011a544,FUN_8011a544
MAIN0,8011a778,1,FUN_8011a778,FUN_8011a778
MAIN0,8011a874,1,FUN_8011a874,FUN_8011a874
MAIN0,8011a87c,1,FUN_8011a87c,FUN_8011a87c
MAIN0,8011ab44,1,FUN_8011ab44,FUN_8011ab44
MAIN0,8011b6bc,1,FUN_8011b6bc,FUN_8011b6bc
MAIN0,8011b7c4,1,FUN_8011b7c4,FUN_8011b7c4
MAIN0,8011b830,1,FUN_8011b830,FUN_8011b830
MAIN0,8011bbfc,1,FUN_8011bbfc,FUN_8011bbfc
MAIN0,8011bc34,1,FUN_8011bc34,FUN_8011bc34
MAIN0,8011bd84,1,FUN_8011bd84,FUN_8011bd84
MAIN0,8011c00c,1,FUN_8011c00c,FUN_8011c00c
MAIN0,8011c804,1,FUN_8011c804,FUN_8011c804
MAIN0,8011c80c,1,FUN_8011c80c,FUN_8011c80c
MAIN0,8011c8c0,1,FUN_8011c8c0,FUN_8011c8c0
MAIN0,8011c99c,1,FUN_8011c99c,FUN_8011c99c
MAIN0,8011ca60,1,FUN_8011ca60,FUN_8011ca60
MAIN0,8011cba0,1,FUN_8011cba0,FUN_8011cba0
MAIN0,8011cc1c,1,FUN_8011cc1c,FUN_8011cc1c
MAIN0,8011cd6c,1,FUN_8011cd6c,FUN_8011cd6c
MAIN0,8011cd84,1,FUN_8011cd84,FUN_8011cd84
MAIN0,8011ce64,1,FUN_8011ce64,FUN_8011ce64
MAIN0,8011cec0,1,FUN_8011cec0,FUN_8011cec0
MAIN0,8011cef0,1,FUN_8011cef0,FUN_8011cef0
MAIN0,8011cf2c,1,FUN_8011cf2c,FUN_8011cf2c
MAIN0,8011cff0,1,FUN_8011cff0,FUN_8011cff0
MAIN0,8011d040,1,FUN_8011d040,FUN_8011d040
MAIN0,8011d138,1,FUN_8011d138,FUN_8011d138
MAIN0,8011d1bc,1,FUN_8011d1bc,FUN_8011d1bc
MAIN0,8011d2dc,1,FUN_8011d2dc,FUN_8011d2dc
MAIN0,8011d370,1,FUN_8011d370,FUN_8011d370
MAIN0,8011d3f8,1,FUN_8011d3f8,FUN_8011d3f8
MAIN0,8011d4e0,1,FUN_8011d4e0,FUN_8011d4e0
MAIN0,8011d4fc,1,FUN_8011d4fc,FUN_8011d4fc
MAIN0,8011d84c,1,FUN_8011d84c,FUN_8011d84c
MAIN0,8011da50,1,FUN_8011da50,FUN_8011da50
MAIN0,8011dbf4,1,FUN_8011dbf4,FUN_8011dbf4
MAIN0,8011dc34,1,FUN_8011dc34,FUN_8011dc34
MAIN0,8011ddc0,1,FUN_8011ddc0,FUN_8011ddc0
MAIN0,8011de58,1,FUN_8011de58,FUN_8011de58
MAIN0,8011dee8,1,FUN_8011dee8,FUN_8011dee8
MAIN0,8011df1c,1,FUN_8011df1c,FUN_8011df1c
MAIN0,8011df3c,1,FUN_8011df3c,FUN_8011df3c
MAIN0,8011df8c,1,FUN_8011df8c,FUN_8011df8c
MAIN0,8011e154,1,FUN_8011e154,FUN_8011e154
MAIN0,8011e30c,1,FUN_8011e30c,FUN_8011e30c
MAIN0,8011e3b4,1,FUN_8011e3b4,FUN_8011e3b4
MAIN0,8011e514,1,FUN_8011e514,FUN_8011e514
MAIN0,8011e594,1,FUN_8011e594,FUN_8011e594
MAIN0,8011e778,1,FUN_8011e778,FUN_8011e778
MAIN0,8011e8e4,1,FUN_8011e8e4,FUN_8011e8e4
MAIN0,8011ebc0,1,FUN_8011ebc0,FUN_8011ebc0
MAIN0,8011eec0,1,FUN_8011eec0,FUN_8011eec0
MAIN0,8011ef98,1,FUN_8011ef98,FUN_8011ef98
MAIN0,8011efa4,1,FUN_8011efa4,FUN_8011efa4
MAIN0,8011f134,1,FUN_8011f134,FUN_8011f134
MAIN0,8011f240,1,FUN_8011f240,FUN_8011f240
MAIN0,8011f310,1,FUN_8011f310,FUN_8011f310
MAIN0,8011f330,1,FUN_8011f330,FUN_8011f330
MAIN0,8011f38c,1,FUN_8011f38c,FUN_8011f38c
MAIN0,8011f3cc,1,FUN_8011f3cc,FUN_8011f3cc
MAIN0,8011f3f8,1,FUN_8011f3f8,FUN_8011f3f8
MAIN0,8011f418,1,FUN_8011f418,FUN_8011f418
MAIN0,8011f41c,1,FUN_8011f41c,FUN_8011f41c
MAIN0,8011f474,1,FUN_8011f474,FUN_8011f474
MAIN0,8011f4dc,1,FUN_8011f4dc,FUN_8011f4dc
MAIN0,8011f508,1,FUN_8011f508,FUN_8011f508
MAIN0,8011f518,1,FUN_8011f518,FUN_8011f518
MAIN0,8011f568,1,FUN_8011f568,FUN_8011f568
MAIN0,8011f5b4,1,FUN_8011f5b4,FUN_8011f5b4
MAIN0,8011f5b8,1,FUN_8011f5b8,FUN_8011f5b8
MAIN0,8011f5d8,1,FUN_8011f5d8,FUN_8011f5d8
MAIN0,8011f634,1,FUN_8011f634,FUN_8011f634
MAIN0,8011f644,1,FUN_8011f644,FUN_8011f644
MAIN0,8011f6c8,1,FUN_8011f6c8,FUN_8011f6c8
MAIN0,8011f7ec,1,FUN_8011f7ec,FUN_8011f7ec
MAIN0,8011f844,1,FUN_8011f844,FUN_8011f844
MAIN0,8011f8cc,1,FUN_8011f8cc,FUN_8011f8cc
MAIN0,8011f978,1,FUN_8011f978,FUN_8011f978
MAIN0,8011f9e0,1,FUN_8011f9e0,FUN_8011f9e0
MAIN0,8011fa6c,1,FUN_8011fa6c,FUN_8011fa6c
MAIN0,8011fa74,1,FUN_8011fa74,FUN_8011fa74
MAIN0,8011fad4,1,FUN_8011fad4,FUN_8011fad4
MAIN0,8011fae8,1,FUN_8011fae8,FUN_8011fae8
MAIN0,8011fb10,1,FUN_8011fb10,FUN_8011fb10
MAIN0,8011fbb8,1,FUN_8011fbb8,FUN_8011fbb8
MAIN0,8011fc84,1,FUN_8011fc84,FUN_8011fc84
MAIN0,8011fd20,1,FUN_8011fd20,FUN_8011fd20
MAIN0,8011fe08,1,FUN_8011fe08,FUN_8011fe08
MAIN0,8011fe38,1,FUN_8011fe38,FUN_8011fe38
MAIN0,8011fec8,1,FUN_8011fec8,FUN_8011fec8
MAIN0,8011ff64,1,FUN_8011ff64,FUN_8011ff64
MAIN0,80120140,1,FUN_80120140,FUN_80120140
MAIN0,80120280,1,FUN_80120280,FUN_80120280
MAIN0,801202e4,1,FUN_801202e4,FUN_801202e4
MAIN0,8012030c,1,FUN_8012030c,FUN_8012030c
MAIN0,8012032c,1,FUN_8012032c,FUN_8012032c
MAIN0,8012038c,1,FUN_8012038c,FUN_8012038c
MAIN0,801203cc,1,FUN_801203cc,FUN_801203cc
MAIN0,801203d0,1,FUN_801203d0,FUN_801203d0
MAIN0,8012047c,1,FUN_8012047c,FUN_8012047c
MAIN0,80120564,1,FUN_80120564,FUN_80120564
MAIN0,801206f4,1,FUN_801206f4,FUN_801206f4
MAIN0,801208c4,1,FUN_801208c4,FUN_801208c4
MAIN0,8012095c,1,FUN_8012095c,FUN_8012095c
MAIN0,80120a2c,1,FUN_80120a2c,FUN_80120a2c
MAIN0,80120ba0,1,FUN_80120ba0,FUN_80120ba0
MAIN0,80120c68,1,FUN_80120c68,FUN_80120c68
MAIN0,80120c88,1,FUN_80120c88,FUN_80120c88
MAIN0,80120d04,1,FUN_80120d04,FUN_80120d04
MAIN0,80120f34,1,FUN_80120f34,FUN_80120f34
MAIN0,80120fc0,1,FUN_80120fc0,FUN_80120fc0
MAIN0,801210b4,1,FUN_801210b4,FUN_801210b4
MAIN0,801210e4,1,FUN_801210e4,FUN_801210e4
MAIN0,80121180,1,FUN_80121180,FUN_80121180
MAIN0,80121254,1,FUN_80121254,FUN_80121254
MAIN0,801212c4,1,FUN_801212c4,FUN_801212c4
MAIN0,801212d4,1,FUN_801212d4,FUN_801212d4
MAIN0,801213f0,1,FUN_801213f0,FUN_801213f0
MAIN0,801216a0,1,FUN_801216a0,FUN_801216a0
MAIN0,801217f8,1,FUN_801217f8,FUN_801217f8
MAIN0,80121934,1,FUN_80121934,FUN_80121934
MAIN0,80121994,1,FUN_80121994,FUN_80121994
MAIN0,80121a40,1,FUN_80121a40,FUN_80121a40
MAIN0,80123344,1,FUN_80123344,FUN_80123344
MAIN0,80123750,1,FUN_80123750,FUN_80123750
MAIN0,80123c20,1,FUN_80123c20,FUN_80123c20
MAIN0,80123e04,1,FUN_80123e04,FUN_80123e04
MAIN0,80123e50,1,FUN_80123e50,FUN_80123e50
MAIN0,80123fd0,1,FUN_80123fd0,FUN_80123fd0
MAIN0,80124058,1,FUN_80124058,FUN_80124058
MAIN0,801240a8,1,FUN_801240a8,FUN_801240a8
MAIN0,801242c0,1,FUN_801242c0,FUN_801242c0
MAIN0,80124348,1,FUN_80124348,FUN_80124348
MAIN0,801243d4,1,FUN_801243d4,FUN_801243d4
MAIN0,80124410,1,FUN_80124410,FUN_80124410
MAIN0,80124780,1,FUN_80124780,FUN_80124780
MAIN0,801249e0,1,FUN_801249e0,FUN_801249e0
MAIN0,80124b78,1,FUN_80124b78,FUN_80124b78
MAIN0,80124ba8,1,FUN_80124ba8,FUN_80124ba8
MAIN0,80124d10,1,FUN_80124d10,FUN_80124d10
MAIN0,80124ebc,1,FUN_80124ebc,FUN_80124ebc
MAIN0,80124efc,1,FUN_80124efc,FUN_80124efc
MAIN0,80124f1c,1,FUN_80124f1c,FUN_80124f1c
MAIN0,80124f3c,1,FUN_80124f3c,FUN_80124f3c
MAIN0,80124fa4,1,FUN_80124fa4,FUN_80124fa4
MAIN0,80124fd4,1,FUN_80124fd4,FUN_80124fd4
MAIN0,80125044,1,FUN_80125044,FUN_80125044
MAIN0,80125074,1,FUN_80125074,FUN_80125074
MAIN0,801250a4,1,FUN_801250a4,FUN_801250a4
MAIN0,801251b0,1,FUN_801251b0,FUN_801251b0
MAIN0,801252b8,1,FUN_801252b8,FUN_801252b8
MAIN0,8012538c,1,FUN_8012538c,FUN_8012538c
MAIN0,8012555c,1,FUN_8012555c,FUN_8012555c
MAIN0,801257f4,1,FUN_801257f4,FUN_801257f4
MAIN0,80125868,1,FUN_80125868,FUN_80125868
MAIN0,801258e4,1,FUN_801258e4,FUN_801258e4
MAIN0,8012593c,1,FUN_8012593c,FUN_8012593c
MAIN0,80125984,1,FUN_80125984,FUN_80125984
MAIN0,80125994,1,FUN_80125994,FUN_80125994
MAIN0,80125a28,1,FUN_80125a28,FUN_80125a28
MAIN0,80125aac,1,FUN_80125aac,FUN_80125aac
MAIN0,80125ae4,1,FUN_80125ae4,FUN_80125ae4
MAIN0,80125b88,1,FUN_80125b88,FUN_80125b88
MAIN0,80125c1c,1,FUN_80125c1c,FUN_80125c1c
MAIN0,80125c50,1,FUN_80125c50,FUN_80125c50
MAIN0,80125c84,1,FUN_80125c84,FUN_80125c84
MAIN0,80125da4,1,FUN_80125da4,FUN_80125da4
MAIN0,80125f04,1,FUN_80125f04,FUN_80125f04
MAIN0,80125f30,1,FUN_80125f30,FUN_80125f30
MAIN0,80125fbc,1,FUN_80125fbc,FUN_80125fbc
MAIN0,80126004,1,FUN_80126004,FUN_80126004
MAIN0,80126010,1,FUN_80126010,FUN_80126010
MAIN0,801260f8,1,FUN_801260f8,FUN_801260f8
MAIN0,80126198,1,FUN_80126198,FUN_80126198
MAIN0,80126240,1,FUN_80126240,FUN_80126240
MAIN0,801262f8,1,FUN_801262f8,FUN_801262f8
MAIN0,80126464,1,FUN_80126464,FUN_80126464
MAIN0,80126564,1,FUN_80126564,FUN_80126564
MAIN0,80126698,1,FUN_80126698,FUN_80126698
MAIN0,80126770,1,FUN_80126770,FUN_80126770
MAIN0,8012687c,1,FUN_8012687c,FUN_8012687c
MAIN0,80126940,1,FUN_80126940,FUN_80126940
MAIN0,801269d0,1,FUN_801269d0,FUN_801269d0
MAIN0,80126a64,1,FUN_80126a64,FUN_80126a64
MAIN0,80126a70,1,FUN_80126a70,FUN_80126a70
MAIN0,80126b50,1,FUN_80126b50,FUN_80126b50
MAIN0,80126bbc,1,FUN_80126bbc,FUN_80126bbc
MAIN0,80126c60,1,FUN_80126c60,FUN_80126c60
MAIN0,80126ca4,1,FUN_80126ca4,FUN_80126ca4
MAIN0,80126cc4,1,FUN_80126cc4,FUN_80126cc4
MAIN0,80126d04,1,FUN_80126d04,FUN_80126d04
MAIN0,80126d2c,1,FUN_80126d2c,FUN_80126d2c
MAIN0,80126d48,1,FUN_80126d48,FUN_80126d48
MAIN0,80126d7c,1,FUN_80126d7c,FUN_80126d7c
MAIN0,80126e8c,1,FUN_80126e8c,FUN_80126e8c
MAIN0,80126f64,1,FUN_80126f64,FUN_80126f64
MAIN0,80126f68,1,FUN_80126f68,FUN_80126f68
MAIN0,80126fe4,1,FUN_80126fe4,FUN_80126fe4
MAIN0,801270ac,1,FUN_801270ac,FUN_801270ac
MAIN0,801274b0,1,FUN_801274b0,FUN_801274b0
MAIN0,8012767c,1,FUN_8012767c,FUN_8012767c
MAIN0,8012788c,1,FUN_8012788c,FUN_8012788c
MAIN0,80127fdc,1,FUN_80127fdc,FUN_80127fdc
MAIN0,80128054,1,FUN_80128054,FUN_80128054
MAIN0,801280dc,1,FUN_801280dc,FUN_801280dc
MAIN0,801294b4,1,FUN_801294b4,FUN_801294b4
MAIN0,80129524,1,FUN_80129524,FUN_80129524
MAIN0,80129a9c,1,FUN_80129a9c,FUN_80129a9c
MAIN0,80129be4,1,FUN_80129be4,FUN_80129be4
MAIN0,8012a124,1,FUN_8012a124,FUN_8012a124
MAIN0,8012a890,1,FUN_8012a890,FUN_8012a890
MAIN0,8012a8b8,1,FUN_8012a8b8,FUN_8012a8b8
MAIN0,8012b454,1,FUN_8012b454,FUN_8012b454
MAIN0,8012bedc,1,FUN_8012bedc,FUN_8012bedc
MAIN0,8012c858,1,FUN_8012c858,FUN_8012c858
MAIN0,8012ccf8,1,FUN_8012ccf8,FUN_8012ccf8
MAIN0,8012e010,1,FUN_8012e010,FUN_8012e010
MAIN0,8012efc4,1,FUN_8012efc4,FUN_8012efc4
MAIN0,8012fb4c,1,FUN_8012fb4c,FUN_8012fb4c
MAIN0,80130320,1,FUN_80130320,FUN_80130320
MAIN0,801306f0,1,FUN_801306f0,FUN_801306f0
MAIN0,80134e60,1,FUN_80134e60,FUN_80134e60
X000,800e9f74,500,FUN_800e9f74,FUN_800e9f74
X000,800ea168,184,FUN_800ea168,FUN_800ea168
X000,800ea220,100,FUN_800ea220,FUN_800ea220
X000,800ea284,704,FUN_800ea284,FUN_800ea284
X000,800ea544,312,FUN_800ea544,FUN_800ea544
X000,800ea67c,1936,FUN_800ea67c,FUN_800ea67c
X000,800eae0c,496,FUN_800eae0c,FUN_800eae0c
X000,800eaffc,204,FUN_800eaffc,FUN_800eaffc
X000,800eb0c8,468,FUN_800eb0c8,FUN_800eb0c8
X000,800eb29c,248,FUN_800eb29c,FUN_800eb29c
X000,800eb394,376,FUN_800eb394,FUN_800eb394
X000,800eb50c,416,FUN_800eb50c,FUN_800eb50c
X000,800eb6ac,580,FUN_800eb6ac,FUN_800eb6ac
X000,800eb8f0,256,FUN_800eb8f0,FUN_800eb8f0
X000,800eb9f0,344,FUN_800eb9f0,FUN_800eb9f0
X000,800ebb48,284,FUN_800ebb48,FUN_800ebb48
X000,800ebc64,220,FUN_800ebc64,FUN_800ebc64
X000,800ebd40,552,FUN_800ebd40,FUN_800ebd40
X000,800ebf68,1040,FUN_800ebf68,FUN_800ebf68
X000,800ec378,168,FUN_800ec378,FUN_800ec378
X000,800ec420,468,FUN_800ec420,FUN_800ec420
X000,800ec5f4,284,FUN_800ec5f4,FUN_800ec5f4
X000,800ec710,316,FUN_800ec710,FUN_800ec710
X000,800ec84c,372,FUN_800ec84c,FUN_800ec84c
X000,800ec9c0,968,FUN_800ec9c0,FUN_800ec9c0
X000,800ecd88,668,FUN_800ecd88,FUN_800ecd88
X000,800ed024,564,FUN_800ed024,FUN_800ed024
X000,800ed258,1272,FUN_800ed258,FUN_800ed258
X000,800ed750,1212,FUN_800ed750,FUN_800ed750
X000,800edc14,488,FUN_800edc14,FUN_800edc14
X000,800eddfc,408,FUN_800eddfc,FUN_800eddfc
X000,800edf94,504,FUN_800edf94,FUN_800edf94
X000,800ee18c,208,FUN_800ee18c,FUN_800ee18c
X000,800ee2a4,304,FUN_800ee2a4,FUN_800ee2a4
X000,800ee428,44,FUN_800ee428,FUN_800ee428
X000,800ee4e0,60,FUN_800ee4e0,FUN_800ee4e0
X000,800ee560,104,FUN_800ee560,FUN_800ee560
X000,800ee680,80,ObjMotionStep,ObjMotionStep
X000,800ee6d0,272,FUN_800ee6d0,FUN_800ee6d0
X000,800ee7e0,172,FUN_800ee7e0,FUN_800ee7e0
X000,800ee88c,148,FUN_800ee88c,FUN_800ee88c
X000,800ee948,132,FUN_800ee948,FUN_800ee948
X000,800ee9cc,112,FUN_800ee9cc,FUN_800ee9cc
X000,800eea3c,64,FUN_800eea3c,FUN_800eea3c
X000,800eea7c,104,FUN_800eea7c,FUN_800eea7c
X000,800eeae4,120,FUN_800eeae4,FUN_800eeae4
X000,800eeb5c,104,PlayerSetAnimIfChanged,PlayerSetAnimIfChanged
X000,800eebc4,124,FUN_800eebc4,FUN_800eebc4
X000,800eec40,512,FUN_800eec40,FUN_800eec40
X000,800eee90,124,FUN_800eee90,FUN_800eee90
X000,800eef0c,336,FUN_800eef0c,FUN_800eef0c
X000,800ef05c,244,FUN_800ef05c,FUN_800ef05c
X000,800ef150,92,FUN_800ef150,FUN_800ef150
X000,800ef1ac,476,FUN_800ef1ac,FUN_800ef1ac
X000,800ef388,216,FUN_800ef388,FUN_800ef388
X000,800ef490,84,FUN_800ef490,FUN_800ef490
X000,800ef4e4,164,FUN_800ef4e4,FUN_800ef4e4
X000,800ef6d8,136,FUN_800ef6d8,FUN_800ef6d8
X000,800ef760,800,FUN_800ef760,FUN_800ef760
X000,800efa80,388,FUN_800efa80,FUN_800efa80
X000,800efc04,136,ObjSetAnimFromTable,ObjSetAnimFromTable
X000,800efc8c,656,FUN_800efc8c,FUN_800efc8c
X000,800eff1c,400,FUN_800eff1c,FUN_800eff1c
X000,800f00ac,712,FUN_800f00ac,FUN_800f00ac
X000,800f0374,220,FUN_800f0374,FUN_800f0374
X000,800f0450,64,FUN_800f0450,FUN_800f0450
X000,800f0490,1740,FUN_800f0490,FUN_800f0490
X000,800f0b5c,204,FUN_800f0b5c,FUN_800f0b5c
X000,800f0c28,596,FUN_800f0c28,FUN_800f0c28
X000,800f0e7c,1164,FUN_800f0e7c,FUN_800f0e7c
X000,800f1308,368,FUN_800f1308,FUN_800f1308
X000,800f1478,2252,FUN_800f1478,FUN_800f1478
X000,800f1d44,2280,FUN_800f1d44,FUN_800f1d44
X000,800f262c,248,FUN_800f262c,FUN_800f262c
X000,800f2724,380,FUN_800f2724,FUN_800f2724
X000,800f28a0,316,FUN_800f28a0,FUN_800f28a0
X000,800f2a30,360,FUN_800f2a30,FUN_800f2a30
X000,800f2b98,2632,FUN_800f2b98,FUN_800f2b98
X000,800f35e0,188,FUN_800f35e0,FUN_800f35e0
X000,800f36e0,2060,FUN_800f36e0,FUN_800f36e0
X000,800f3f3c,1040,FUN_800f3f3c,FUN_800f3f3c
X000,800f434c,132,FUN_800f434c,FUN_800f434c
X000,800f44b0,2488,FUN_800f44b0,FUN_800f44b0
X000,800f4ed0,324,FUN_800f4ed0,FUN_800f4ed0
X000,800f5014,100,FUN_800f5014,FUN_800f5014
X000,800f5078,5740,FUN_800f5078,FUN_800f5078
X000,800f66e4,216,FUN_800f66e4,FUN_800f66e4
X000,800f67bc,1144,FUN_800f67bc,FUN_800f67bc
X000,800f6c34,332,FUN_800f6c34,FUN_800f6c34
X000,800f6e28,272,FUN_800f6e28,FUN_800f6e28
X000,800f6f38,292,FUN_800f6f38,FUN_800f6f38
X000,800f705c,2524,FUN_800f705c,FUN_800f705c
X000,800f7a38,116,FUN_800f7a38,FUN_800f7a38
X000,800f7aac,1408,FUN_800f7aac,FUN_800f7aac
X000,800f802c,112,FUN_800f802c,FUN_800f802c
X000,800f809c,148,FUN_800f809c,FUN_800f809c
X000,800f8130,1328,FUN_800f8130,FUN_800f8130
X000,800f8660,136,FUN_800f8660,FUN_800f8660
X000,800f86e8,1172,FUN_800f86e8,FUN_800f86e8
X000,800f8b7c,432,FUN_800f8b7c,FUN_800f8b7c
X000,800f8d2c,2076,FUN_800f8d2c,FUN_800f8d2c
X000,800f9548,316,FUN_800f9548,FUN_800f9548
X000,800f9684,548,FUN_800f9684,FUN_800f9684
X000,800f98a8,1908,FUN_800f98a8,FUN_800f98a8
X000,800fa01c,832,FUN_800fa01c,FUN_800fa01c
X000,800fa35c,1472,FUN_800fa35c,FUN_800fa35c
X000,800fa91c,1232,FUN_800fa91c,FUN_800fa91c
X000,800fadec,680,FUN_800fadec,FUN_800fadec
X000,800fb0c0,448,FUN_800fb0c0,FUN_800fb0c0
X000,800fb280,240,FUN_800fb280,FUN_800fb280
X000,800fb370,164,FUN_800fb370,FUN_800fb370
X000,800fb420,2252,FUN_800fb420,FUN_800fb420
X000,800fbdb4,632,FUN_800fbdb4,FUN_800fbdb4
X000,800fc02c,216,FUN_800fc02c,FUN_800fc02c
X000,800fc240,468,FUN_800fc240,FUN_800fc240
X000,800fc414,3908,FUN_800fc414,FUN_800fc414
X000,800fd358,2084,FUN_800fd358,FUN_800fd358
X000,800fdb7c,1472,FUN_800fdb7c,FUN_800fdb7c
X000,800fe13c,1568,FUN_800fe13c,FUN_800fe13c
X000,800fe75c,304,FUN_800fe75c,FUN_800fe75c
X000,800fe98c,1768,FUN_800fe98c,FUN_800fe98c
X000,800ff0e8,796,FUN_800ff0e8,FUN_800ff0e8
X000,800ff404,524,FUN_800ff404,FUN_800ff404
X000,800ff610,2228,FUN_800ff610,FUN_800ff610
X000,800ffec4,2244,FUN_800ffec4,FUN_800ffec4
X000,80100788,4088,FUN_80100788,FUN_80100788
X000,80101780,236,FUN_80101780,FUN_80101780
X000,8010186c,204,FUN_8010186c,FUN_8010186c
X000,80101938,1084,FUN_80101938,FUN_80101938
X000,80101d74,924,FUN_80101d74,FUN_80101d74
X000,80102110,260,FUN_80102110,FUN_80102110
X000,80102214,2036,FUN_80102214,FUN_80102214
X000,80102a08,84,FUN_80102a08,FUN_80102a08
X000,80102a5c,100,FUN_80102a5c,FUN_80102a5c
X000,80102ac0,1012,FUN_80102ac0,FUN_80102ac0
X000,80102eb4,140,FUN_80102eb4,FUN_80102eb4
X000,80102f40,700,FUN_80102f40,FUN_80102f40
X000,801031fc,148,FUN_801031fc,FUN_801031fc
X000,80103290,920,FUN_80103290,FUN_80103290
X000,80103628,332,FUN_80103628,FUN_80103628
X000,80103774,100,FUN_80103774,FUN_80103774
X000,801037d8,1252,FUN_801037d8,FUN_801037d8
X000,80103cbc,132,FUN_80103cbc,FUN_80103cbc
X000,80103d40,768,FUN_80103d40,FUN_80103d40
X000,80104040,144,FUN_80104040,FUN_80104040
X000,801040d0,804,FUN_801040d0,FUN_801040d0
X000,801043f4,96,FUN_801043f4,FUN_801043f4
X000,80104454,580,FUN_80104454,FUN_80104454
X000,80104698,808,FUN_80104698,FUN_80104698
X000,80104a04,724,FUN_80104a04,FUN_80104a04
X000,80104cd8,240,FUN_80104cd8,FUN_80104cd8
X000,80104dc8,216,FUN_80104dc8,FUN_80104dc8
X000,80104f88,1804,FUN_80104f88,FUN_80104f88
X000,80105694,928,FUN_80105694,FUN_80105694
X000,80105ae4,232,FUN_80105ae4,FUN_80105ae4
X000,80105bcc,2308,FUN_80105bcc,FUN_80105bcc
X000,801064d0,500,FUN_801064d0,FUN_801064d0
X000,801066c4,852,FUN_801066c4,FUN_801066c4
X000,80106a18,312,FUN_80106a18,FUN_80106a18
X000,80106b50,608,FUN_80106b50,FUN_80106b50
X000,80106db0,488,FUN_80106db0,FUN_80106db0
X000,80106f98,84,FUN_80106f98,FUN_80106f98
X000,80106fec,784,FUN_80106fec,FUN_80106fec
X000,801073c0,464,FUN_801073c0,FUN_801073c0
X000,801075d8,1576,FUN_801075d8,FUN_801075d8
X000,80107c00,972,FUN_80107c00,FUN_80107c00
X000,80107fcc,412,FUN_80107fcc,FUN_80107fcc
X000,80108168,464,FUN_80108168,FUN_80108168
X000,80108338,976,FUN_80108338,FUN_80108338
X000,80108708,968,FUN_80108708,FUN_80108708
X000,80108ad0,748,FUN_80108ad0,FUN_80108ad0
X000,80108dbc,420,FUN_80108dbc,FUN_80108dbc
X000,80108f60,128,FUN_80108f60,FUN_80108f60
X000,80109038,1116,FUN_80109038,FUN_80109038
X000,80109494,856,FUN_80109494,FUN_80109494
X000,801097ec,308,FUN_801097ec,FUN_801097ec
X000,80109920,152,FUN_80109920,FUN_80109920
X000,801099b8,1176,FUN_801099b8,FUN_801099b8
X000,80109e50,792,FUN_80109e50,FUN_80109e50
X000,8010a168,944,FUN_8010a168,FUN_8010a168
X000,8010a518,1244,FUN_8010a518,FUN_8010a518
X000,8010a9f4,668,FUN_8010a9f4,FUN_8010a9f4
X000,8010ac90,516,FUN_8010ac90,FUN_8010ac90
X000,8010ae94,304,FUN_8010ae94,FUN_8010ae94
X000,8010afc4,140,FUN_8010afc4,FUN_8010afc4
X000,8010b050,872,FUN_8010b050,FUN_8010b050
X000,8010b3b8,140,FUN_8010b3b8,FUN_8010b3b8
X000,8010b444,832,FUN_8010b444,FUN_8010b444
X000,8010b880,1160,FUN_8010b880,FUN_8010b880
X000,8010bd08,432,FUN_8010bd08,FUN_8010bd08
X000,8010bf70,196,FUN_8010bf70,FUN_8010bf70
X000,8010c034,1916,FUN_8010c034,FUN_8010c034
X000,8010c7b0,292,FUN_8010c7b0,FUN_8010c7b0
X000,8010c8d4,324,FUN_8010c8d4,FUN_8010c8d4
X000,8010ca18,912,FUN_8010ca18,FUN_8010ca18
X000,8010cda8,520,FUN_8010cda8,FUN_8010cda8
X000,8010d048,568,FUN_8010d048,FUN_8010d048
X000,8010d280,272,FUN_8010d280,FUN_8010d280
X000,8010d390,1120,FUN_8010d390,FUN_8010d390
X000,8010d888,644,FUN_8010d888,FUN_8010d888
X000,8010db0c,568,FUN_8010db0c,FUN_8010db0c
X000,8010dd44,72,FUN_8010dd44,FUN_8010dd44
X000,8010dd8c,504,FUN_8010dd8c,FUN_8010dd8c
X000,8010df84,400,FUN_8010df84,FUN_8010df84
X000,8010e114,532,FUN_8010e114,FUN_8010e114
X000,8010e328,700,FUN_8010e328,FUN_8010e328
X000,8010e66c,684,FUN_8010e66c,FUN_8010e66c
X000,8010eaf8,1532,FUN_8010eaf8,FUN_8010eaf8
X000,8010f0f4,352,ObjGravityStep,ObjGravityStep
X000,8010f254,212,FUN_8010f254,FUN_8010f254
X000,8010f328,216,FUN_8010f328,FUN_8010f328
X000,8010f400,2672,FUN_8010f400,FUN_8010f400
X000,8010fe70,1092,FUN_8010fe70,FUN_8010fe70
X000,801102b4,1196,FUN_801102b4,FUN_801102b4
X000,80110760,1356,FUN_80110760,FUN_80110760
X000,80110cac,576,FUN_80110cac,FUN_80110cac
X000,80110eec,240,FUN_80110eec,FUN_80110eec
X000,80110fdc,400,FUN_80110fdc,FUN_80110fdc
X000,8011116c,464,FUN_8011116c,FUN_8011116c
X000,8011133c,128,FUN_8011133c,FUN_8011133c
X000,801113bc,160,FUN_801113bc,FUN_801113bc
X000,8011145c,308,FUN_8011145c,FUN_8011145c
X000,80111590,388,FUN_80111590,FUN_80111590
X000,80111714,364,FUN_80111714,FUN_80111714
X000,80111880,156,FUN_80111880,FUN_80111880
X000,8011191c,308,FUN_8011191c,FUN_8011191c
X000,80111a50,144,FUN_80111a50,FUN_80111a50
X000,80111b40,648,FUN_80111b40,FUN_80111b40
X000,80111dc8,400,FUN_80111dc8,FUN_80111dc8
X000,80111f58,684,FUN_80111f58,FUN_80111f58
X000,80112204,796,FUN_80112204,FUN_80112204
X000,80112520,200,FUN_80112520,FUN_80112520
X000,801125e8,636,FUN_801125e8,FUN_801125e8
X000,801128f8,32,FUN_801128f8,FUN_801128f8
X000,80112918,184,FUN_80112918,FUN_80112918
X000,801129d0,528,FUN_801129d0,FUN_801129d0
X000,80112be0,68,FUN_80112be0,FUN_80112be0
X000,80112c24,1040,FUN_80112c24,FUN_80112c24
X000,80113034,900,FUN_80113034,FUN_80113034
X000,801133b8,204,FUN_801133b8,FUN_801133b8
X000,80113484,720,FUN_80113484,FUN_80113484
X000,80113754,72,FUN_80113754,FUN_80113754
X000,8011379c,32,FUN_8011379c,FUN_8011379c
X000,801137bc,204,FUN_801137bc,FUN_801137bc
X000,80113888,300,FUN_80113888,FUN_80113888
X000,801139b4,216,FUN_801139b4,FUN_801139b4
X000,80113a8c,224,FUN_80113a8c,FUN_80113a8c
X000,80113b6c,340,FUN_80113b6c,FUN_80113b6c
X000,80113cc8,624,FUN_80113cc8,FUN_80113cc8
X000,80113f38,904,FUN_80113f38,FUN_80113f38
X000,801142c0,924,FUN_801142c0,FUN_801142c0
X000,8011465c,48,FUN_8011465c,FUN_8011465c
X000,8011468c,516,FUN_8011468c,FUN_8011468c
X000,80114890,64,FUN_80114890,FUN_80114890
X000,801148d0,152,FUN_801148d0,FUN_801148d0
X000,80114968,160,FUN_80114968,FUN_80114968
X000,80114a08,64,FUN_80114a08,FUN_80114a08
X000,80116258,212,FUN_80116258,FUN_80116258+FUN_801162b8
X000,80116818,336,FUN_80116818,FUN_80116818
X000,80116920,84,FUN_80116920,FUN_80116920
X000,801169bc,184,FUN_801169bc,FUN_801169bc
X000,80116d14,280,FUN_80116d14,FUN_80116d14+FUN_80116d50
X000,801174c4,120,FUN_801174c4,FUN_801174c4
X000,801175a4,308,FUN_801175a4,FUN_801175a4
X000,80117928,112,FUN_80117928,FUN_80117928
X000,80117cac,808,FUN_80117cac,FUN_80117cac+FUN_80117cbc+FUN_80117f98
X000,80118040,1016,FUN_80118040,FUN_80118040+FUN_801180ac+FUN_8011832c
X000,80118438,428,FUN_80118438,FUN_80118438+FUN_80118440+FUN_80118568
X000,80118638,468,FUN_80118638,FUN_80118638
X000,8011880c,312,FUN_8011880c,FUN_8011880c+FUN_801188fc+FUN_80118910
X000,8011899c,548,FUN_8011899c,FUN_8011899c
X000,80118bc0,460,FUN_80118bc0,FUN_80118bc0
X000,80118d8c,228,FUN_80118d8c,FUN_80118d8c
X000,80118e70,288,FUN_80118e70,FUN_80118e70
X000,80118f90,544,FUN_80118f90,FUN_80118f90
X000,801191b0,188,FUN_801191b0,FUN_801191b0
X000,8011926c,240,FUN_8011926c,FUN_8011926c
X000,8011935c,268,FUN_8011935c,FUN_8011935c
X000,80119468,284,FUN_80119468,FUN_80119468
X000,80119584,112,FUN_80119584,FUN_80119584
X000,801195f4,624,FUN_801195f4,FUN_801195f4
X000,80119864,292,FUN_80119864,FUN_80119864
X000,80119988,1984,FUN_80119988,FUN_80119988+FUN_8011a0b4
X000,8011a148,432,FUN_8011a148,FUN_8011a148
X000,8011a2f8,288,FUN_8011a2f8,FUN_8011a2f8
X000,8011a418,56,FUN_8011a418,FUN_8011a418+thunk_FUN_8011a628
X000,8011a628,20,FUN_8011a628,FUN_8011a628
X000,8011a63c,264,FUN_8011a63c,FUN_8011a63c
X000,8011a744,748,FUN_8011a744,FUN_8011a744
X000,8011aa30,224,FUN_8011aa30,FUN_8011aa30
X000,8011ab10,328,FUN_8011ab10,FUN_8011ab10
X000,8011ac58,320,FUN_8011ac58,FUN_8011ac58
X000,8011ad98,828,FUN_8011ad98,FUN_8011ad98
X000,8011b0d4,228,FUN_8011b0d4,FUN_8011b0d4
X000,8011b170,40,FUN_8011b170,FUN_8011b170
X000,8011b1e0,264,FUN_8011b1e0,FUN_8011b1e0
X000,8011b2e8,388,FUN_8011b2e8,FUN_8011b2e8
X000,8011b330,24,FUN_8011b330,FUN_8011b330
X000,8011b47c,44,FUN_8011b47c,FUN_8011b47c
X000,8011b4b0,300,FUN_8011b4b0,FUN_8011b4b0
X000,8011b5dc,260,FUN_8011b5dc,FUN_8011b5dc
X000,8011b6e0,272,FUN_8011b6e0,FUN_8011b6e0+FUN_8011b7d4
X000,8011b7f0,208,FUN_8011b7f0,FUN_8011b7f0
X000,8011b8c0,1536,FUN_8011b8c0,FUN_8011b8c0
X000,8011beac,168,FUN_8011beac,FUN_8011beac
X000,8011bf68,2052,FUN_8011bf68,FUN_8011bf68
X000,8011c758,152,FUN_8011c758,FUN_8011c758
X000,8011c804,536,FUN_8011c804,FUN_8011c804
X000,8011ca00,1524,FUN_8011ca00,FUN_8011ca00+FUN_8011ccd8
X000,8011d010,500,FUN_8011d010,FUN_8011d010
X000,8011d300,268,FUN_8011d300,FUN_8011d300+FUN_8011d334+FUN_8011d3ec
X000,8011d5f4,16,FUN_8011d5f4,FUN_8011d5f4
X000,8011d670,488,FUN_8011d670,FUN_8011d670+FUN_8011d7e0
X000,8011d8c4,16,FUN_8011d8c4,FUN_8011d8c4
X000,8011d9a4,52,FUN_8011d9a4,FUN_8011d9a4
X000,8011d9d8,472,FUN_8011d9d8,FUN_8011d9d8
X000,8011dae0,92,FUN_8011dae0,FUN_8011dae0
X000,8011dc0c,32,FUN_8011dc0c,FUN_8011dc0c
X000,8011dc4c,120,FUN_8011dc4c,FUN_8011dc4c
X000,8011dd30,316,FUN_8011dd30,FUN_8011dd30+FUN_8011dd48
X000,8011de64,8,thunk_FUN_8011de74,thunk_FUN_8011de74
X000,8011de74,16,FUN_8011de74,FUN_8011de74
X000,8011e0d8,20,FUN_8011e0d8,FUN_8011e0d8
X000,8011e1a4,12,FUN_8011e1a4,FUN_8011e1a4
X000,8011e1b0,348,FUN_8011e1b0,FUN_8011e1b0
X000,8011e30c,1036,FUN_8011e30c,FUN_8011e30c
X000,8011e358,12,default,default
X000,8011e688,248,FUN_8011e688,FUN_8011e688
X000,8011e6b0,8,default,default
X000,8011e824,20,default,default
X000,8011e838,708,FUN_8011e838,FUN_8011e838
X000,8011eae8,364,FUN_8011eae8,FUN_8011eae8
X000,8011ec68,1384,FUN_8011ec68,FUN_8011ec68
X000,8011f1d0,184,FUN_8011f1d0,FUN_8011f1d0
X000,8011f288,632,FUN_8011f288,FUN_8011f288
X000,8011f608,404,FUN_8011f608,FUN_8011f608
X000,8011f79c,580,FUN_8011f79c,FUN_8011f79c
X000,8011f9e0,1924,FUN_8011f9e0,FUN_8011f9e0
X000,80120164,320,FUN_80120164,FUN_80120164
X000,801202a4,496,FUN_801202a4,FUN_801202a4
X000,80120494,672,FUN_80120494,FUN_80120494
X000,80120734,348,FUN_80120734,FUN_80120734
X000,80120890,828,FUN_80120890,FUN_80120890
X000,80120bcc,312,FUN_80120bcc,FUN_80120bcc
X000,80120d04,1056,FUN_80120d04,FUN_80120d04
X000,80121124,344,FUN_80121124,FUN_80121124
X000,8012127c,48,FUN_8012127c,FUN_8012127c+FUN_801212a0
X000,801213d0,332,FUN_801213d0,FUN_801213d0
X000,8012160c,272,FUN_8012160c,FUN_8012160c
X000,8012171c,160,FUN_8012171c,FUN_8012171c+FUN_80121790
X000,80121870,492,FUN_80121870,FUN_80121870
X000,80121a5c,132,FUN_80121a5c,FUN_80121a5c
X000,80121ae0,72,FUN_80121ae0,FUN_80121ae0
X000,80121b28,60,FUN_80121b28,FUN_80121b28+thunk_FUN_80121e38
X000,80121d6c,116,FUN_80121d6c,FUN_80121d6c
X000,80121e38,24,FUN_80121e38,FUN_80121e38
X000,80121e50,400,FUN_80121e50,FUN_80121e50
X000,80121fe0,144,FUN_80121fe0,FUN_80121fe0+FUN_80122044
X000,80122118,596,FUN_80122118,FUN_80122118
X000,8012236c,312,FUN_8012236c,FUN_8012236c
X000,80122410,28,FUN_80122410,FUN_80122410
X000,801224c0,612,FUN_801224c0,FUN_801224c0
X000,80122724,408,FUN_80122724,FUN_80122724
X000,801228bc,212,FUN_801228bc,FUN_801228bc
X000,80122990,72,FUN_80122990,FUN_80122990
X000,801229d8,64,FUN_801229d8,FUN_801229d8
X000,80122a18,504,FUN_80122a18,FUN_80122a18
X000,80122c10,656,FUN_80122c10,FUN_80122c10
X000,80122cbc,116,FUN_80122cbc,FUN_80122cbc
X000,80122f14,736,FUN_80122f14,FUN_80122f14+FUN_80122f54
X000,801231f4,336,FUN_801231f4,FUN_801231f4
X000,80123344,772,FUN_80123344,FUN_80123344
X000,80123648,168,FUN_80123648,FUN_80123648
X000,801236f0,616,FUN_801236f0,FUN_801236f0
X000,801237e4,196,FUN_801237e4,FUN_801237e4
X000,80123a1c,328,FUN_80123a1c,FUN_80123a1c
X000,80123b64,188,FUN_80123b64,FUN_80123b64
X000,80123c20,356,FUN_80123c20,FUN_80123c20
X000,80123d18,128,FUN_80123d18,FUN_80123d18
X000,80123e04,460,FUN_80123e04,FUN_80123e04
X000,80123fd0,1968,FUN_80123fd0,FUN_80123fd0
X000,80124780,608,FUN_80124780,FUN_80124780
X000,80124a84,312,FUN_80124a84,FUN_80124a84
X000,80124bbc,340,FUN_80124bbc,FUN_80124bbc
X000,80124d10,428,FUN_80124d10,FUN_80124d10
X000,80124ebc,64,FUN_80124ebc,FUN_80124ebc
X000,80124efc,32,FUN_80124efc,FUN_80124efc
X000,80124f1c,32,FUN_80124f1c,FUN_80124f1c
X000,80124f3c,104,FUN_80124f3c,FUN_80124f3c
X000,80124fa4,48,FUN_80124fa4,FUN_80124fa4
X000,80124fd4,32,FUN_80124fd4,FUN_80124fd4
X000,80124ff4,708,FUN_80124ff4,FUN_80124ff4
X000,801252b8,676,FUN_801252b8,FUN_801252b8
X000,8012555c,664,FUN_8012555c,FUN_8012555c
X000,801257f4,400,FUN_801257f4,FUN_801257f4
X000,80125984,164,FUN_80125984,FUN_80125984
X000,80125a28,132,FUN_80125a28,FUN_80125a28
X000,80125aac,368,FUN_80125aac,FUN_80125aac
X000,80125c1c,104,FUN_80125c1c,FUN_80125c1c
X000,80125c84,288,FUN_80125c84,FUN_80125c84
X000,80125da4,396,FUN_80125da4,FUN_80125da4
X000,80125f30,224,FUN_80125f30,FUN_80125f30
X000,80126010,232,FUN_80126010,FUN_80126010
X000,801260f8,160,FUN_801260f8,FUN_801260f8
X000,80126198,168,FUN_80126198,FUN_80126198
X000,80126240,548,FUN_80126240,FUN_80126240
X000,80126464,564,FUN_80126464,FUN_80126464
X000,80126770,464,FUN_80126770,FUN_80126770
X000,80126940,144,FUN_80126940,FUN_80126940
X000,801269d0,148,FUN_801269d0,FUN_801269d0
X000,80126b50,272,FUN_80126b50,FUN_80126b50
X000,80126c60,68,FUN_80126c60,FUN_80126c60
X000,80126ca4,96,FUN_80126ca4,FUN_80126ca4
X000,80126d04,68,FUN_80126d04,FUN_80126d04
X000,80126d48,52,FUN_80126d48,FUN_80126d48
X000,80126d7c,492,FUN_80126d7c,FUN_80126d7c
X000,80126f68,132,FUN_80126f68,FUN_80126f68
X000,80126fec,552,FUN_80126fec,FUN_80126fec
X000,80127214,364,AnimAdvanceWithBox,AnimAdvanceWithBox
X000,80127380,332,FUN_80127380,FUN_80127380
X000,801274cc,280,FUN_801274cc,FUN_801274cc
X000,801275e4,316,FUN_801275e4,FUN_801275e4
X000,80127720,256,FUN_80127720,FUN_80127720
X000,80127820,1680,FUN_80127820,FUN_80127820
X000,80127eb0,736,FUN_80127eb0,FUN_80127eb0
X000,80128190,1832,FUN_80128190,FUN_80128190
X000,801288b8,1780,FUN_801288b8,FUN_801288b8
X000,80128fac,1360,FUN_80128fac,FUN_80128fac
X000,801294fc,1716,FUN_801294fc,FUN_801294fc
X000,80129bb0,1028,FUN_80129bb0,FUN_80129bb0
X000,80129fb4,1776,FUN_80129fb4,FUN_80129fb4
X000,8012a6a4,380,FUN_8012a6a4,FUN_8012a6a4
X000,8012a820,1532,FUN_8012a820,FUN_8012a820
X000,8012ae1c,1972,FUN_8012ae1c,FUN_8012ae1c
X000,8012b5d0,1220,FUN_8012b5d0,FUN_8012b5d0
X000,8012ba94,2100,FUN_8012ba94,FUN_8012ba94
X000,8012c2c8,720,FUN_8012c2c8,FUN_8012c2c8
X000,8012c598,852,FUN_8012c598,FUN_8012c598
X000,8012c8ec,504,FUN_8012c8ec,FUN_8012c8ec
X000,8012cae4,532,FUN_8012cae4,FUN_8012cae4
X000,8012ccf8,1436,FUN_8012ccf8,FUN_8012ccf8
X000,8012d294,1344,FUN_8012d294,FUN_8012d294
X000,8012d4ac,12,thunk_FUN_8012d7e0,thunk_FUN_8012d7e0
X000,8012d7e0,28,FUN_8012d7e0,FUN_8012d7e0
X000,8012d7fc,284,FUN_8012d7fc,FUN_8012d7fc
X000,8012d918,228,FUN_8012d918,FUN_8012d918
X000,8012d9fc,768,FUN_8012d9fc,FUN_8012d9fc
X000,8012dcfc,400,FUN_8012dcfc,FUN_8012dcfc
X000,8012de8c,80,FUN_8012de8c,FUN_8012de8c
X000,8012dedc,476,FUN_8012dedc,FUN_8012dedc
X000,8012e0b8,264,FUN_8012e0b8,FUN_8012e0b8
X000,8012e1c0,772,FUN_8012e1c0,FUN_8012e1c0
X000,8012e4c4,1024,FUN_8012e4c4,FUN_8012e4c4
X000,8012e8c4,1180,FUN_8012e8c4,FUN_8012e8c4
X000,8012ed60,1108,FUN_8012ed60,FUN_8012ed60
X000,8012f1b4,116,FUN_8012f1b4,FUN_8012f1b4
X000,8012f228,324,FUN_8012f228,FUN_8012f228
X000,8012f36c,20,FUN_8012f36c,FUN_8012f36c
X000,8012f380,116,FUN_8012f380,FUN_8012f380
X000,8012f3f4,1136,FUN_8012f3f4,FUN_8012f3f4
X000,8012f864,380,FUN_8012f864,FUN_8012f864
X000,8012f9e0,348,FUN_8012f9e0,FUN_8012f9e0
X000,8012fb3c,116,FUN_8012fb3c,FUN_8012fb3c
X000,8012fbb0,724,FUN_8012fbb0,FUN_8012fbb0
X000,8012fe84,20,FUN_8012fe84,FUN_8012fe84
X000,8012fe98,116,FUN_8012fe98,FUN_8012fe98
X000,8012ff0c,744,FUN_8012ff0c,FUN_8012ff0c
X000,801300b0,172,FUN_801300b0,FUN_801300b0
X000,801302a0,116,FUN_801302a0,FUN_801302a0
X000,80130314,988,FUN_80130314,FUN_80130314
X000,801306f0,176,FUN_801306f0,FUN_801306f0
X000,801307a0,312,FUN_801307a0,FUN_801307a0
X000,801308d8,352,FUN_801308d8,FUN_801308d8
X000,80130a38,376,FUN_80130a38,FUN_80130a38
X000,80130bb0,3124,FUN_80130bb0,FUN_80130bb0
X000,801317e4,492,FUN_801317e4,FUN_801317e4
X000,801319d0,1752,FUN_801319d0,FUN_801319d0
X000,801320a8,204,FUN_801320a8,FUN_801320a8
X000,80132174,1856,FUN_80132174,FUN_80132174
X000,801328b4,764,FUN_801328b4,FUN_801328b4
X000,80132f80,724,FUN_80132f80,FUN_80132f80
X000,80133254,544,FUN_80133254,FUN_80133254
X000,80133474,3152,FUN_80133474,FUN_80133474
X000,801340c4,204,FUN_801340c4,FUN_801340c4
X000,80134190,376,FUN_80134190,FUN_80134190
X000,80134308,252,FUN_80134308,FUN_80134308
X000,80134404,700,FUN_80134404,FUN_80134404
X000,801346c0,704,FUN_801346c0,FUN_801346c0
X000,80134980,672,FUN_80134980,FUN_80134980
X000,80134c20,572,FUN_80134c20,FUN_80134c20
X000,80134e5c,3248,FUN_80134e5c,FUN_80134e5c
X000,80135b0c,676,FUN_80135b0c,FUN_80135b0c
X000,80135db0,736,FUN_80135db0,FUN_80135db0
X000,80136090,340,FUN_80136090,FUN_80136090
X000,801361e4,480,FUN_801361e4,FUN_801361e4
X000,801363e4,1600,FUN_801363e4,FUN_801363e4
X000,8013675c,104,FUN_8013675c,FUN_8013675c
X000,80136a98,296,FUN_80136a98,FUN_80136a98
X000,80136bc0,288,FUN_80136bc0,FUN_80136bc0
X000,80136ce0,1676,FUN_80136ce0,FUN_80136ce0
X000,80137378,224,FUN_80137378,FUN_80137378
X000,80137458,864,FUN_80137458,FUN_80137458
X000,801377b8,1936,FUN_801377b8,FUN_801377b8
X000,80137f54,180,FUN_80137f54,FUN_80137f54
X000,80138008,176,FUN_80138008,FUN_80138008
X000,801380b8,352,FUN_801380b8,FUN_801380b8
X000,80138218,412,FUN_80138218,FUN_80138218
X000,8013839c,104,FUN_8013839c,FUN_8013839c
