prog,address,size,name,status,twin
X010,8011f644,3872,func_8011F644,new,
X002,8011a448,3368,func_8011A448,new,
X004,80125818,3148,func_80125818,new,
X001,80128a2c,2908,func_80128A2C,new,
X001,8012df98,2896,func_8012DF98,new,
X004,8012866c,2856,func_8012866C,new,
X004,8012b438,2848,func_8012B438,new,
X001,8012d4ac,2796,func_8012D4AC,new,
X010,8012ac48,2720,func_8012AC48,new,
X003,80129cc0,2584,func_80129CC0,new,
X001,80131ca4,2548,func_80131CA4,new,
X001,80132b64,2424,func_80132B64,new,
X009,8012781c,2404,func_8012781C,new,
X001,8012cb78,2356,func_8012CB78,new,
X018,8011973c,2300,func_8011973C,new,
X003,8012748c,2236,func_8012748C,new,
X017,80118ea0,2208,func_80118EA0,new,
X001,8012b2d4,2116,func_8012B2D4,new,
X003,8012632c,2108,func_8012632C,new,
X010,8012736c,2060,func_8012736C,new,
X001,8012c0ec,2048,func_8012C0EC,new,
X004,8012aa10,2048,func_8012AA10,new,
X001,801305d0,2036,func_801305D0,new,
X009,80129ef8,2024,func_80129EF8,new,
X006,801198f0,1988,func_801198F0,new,
X003,801243b8,1984,func_801243B8,new,
X004,8012c9f0,1960,func_8012C9F0,new,
X010,801297d8,1956,func_801297D8,new,
X003,8012ab5c,1928,func_8012AB5C,new,
X004,80116d50,1908,func_80116D50,new,
X003,8011ebc0,1872,func_8011EBC0,new,
X003,80132214,1868,func_80132214,new,
X003,80116d50,1860,func_80116D50,new,
X001,80116d50,1856,func_80116D50,new,
X010,801253ac,1844,func_801253AC,new,
X009,8011f240,1836,func_8011F240,new,
X010,8011beac,1824,func_8011BEAC,new,
X001,801278c0,1820,func_801278C0,new,
X001,801244a0,1800,func_801244A0,new,
X009,80123e24,1800,func_80123E24,new,
X001,80138550,1788,func_80138550,new,
X004,80120a7c,1776,func_80120A7C,new,
X010,80129f7c,1768,func_80129F7C,new,
X002,80118910,1760,func_80118910,new,
X004,8011b7d4,1752,func_8011B7D4,new,
X001,80136b4c,1744,func_80136B4C,new,
X003,801209f8,1712,func_801209F8,new,
X004,80119a04,1712,func_80119A04,new,
X004,801200dc,1712,func_801200DC,new,
X001,8011a85c,1696,func_8011A85C,new,
X009,80125a38,1684,func_80125A38,new,
X010,80124370,1680,func_80124370,new,
X003,8012c00c,1664,func_8012C00C,new,
X014,8011b830,1660,func_8011B830,new,
X006,8011a87c,1644,func_8011A87C,new,
X010,8011ccd8,1628,func_8011CCD8,new,
X002,80116d50,1616,func_80116D50,new,
X003,8012b66c,1612,func_8012B66C,new,
X002,8011beac,1600,func_8011BEAC,new,
X003,80125cf8,1588,func_80125CF8,new,
X004,80126e54,1576,func_80126E54,new,
X001,8012ab64,1568,func_8012AB64,new,
X004,801274fc,1560,func_801274FC,new,
X009,80116e4c,1560,func_80116E4C,new,
X010,80116d50,1556,func_80116D50,new,
X010,80128764,1556,func_80128764,new,
X010,801291c4,1556,func_801291C4,new,
X001,80137d8c,1552,func_80137D8C,new,
X001,80127074,1544,func_80127074,new,
X006,8011beac,1536,func_8011BEAC,new,
X009,80125438,1536,func_80125438,new,
X003,801281fc,1532,func_801281FC,new,
X001,801231f4,1520,func_801231F4,new,
X006,80119120,1500,func_80119120,new,
X002,8011b7d4,1492,func_8011B7D4,new,
X010,801268d4,1484,func_801268D4,new,
X004,80126688,1480,func_80126688,new,
X001,8012f988,1476,func_8012F988,new,
X014,8011c00c,1472,func_8011C00C,new,
X003,801346c8,1468,func_801346C8,new,
X009,80126ce0,1456,func_80126CE0,new,
X001,80129588,1444,func_80129588,new,
X003,8012ddd4,1444,func_8012DDD4,new,
X014,801206c0,1428,func_801206C0,new,
X003,801318e4,1376,func_801318E4,new,
X001,80135164,1372,func_80135164,new,
X014,80119b58,1372,func_80119B58,new,
X003,8011a874,1356,func_8011A874,new,
X001,801334dc,1352,func_801334DC,new,
X010,8012d8e4,1352,func_8012D8E4,new,
X004,801242b0,1320,func_801242B0,new,
X002,80119a1c,1316,func_80119A1C,new,
X001,8012f448,1312,func_8012F448,new,
X004,80118bfc,1304,func_80118BFC,new,
X009,801283a4,1300,func_801283A4,new,
X010,80124a00,1292,func_80124A00,new,
X010,80125fb4,1280,func_80125FB4,new,
X001,80129dac,1252,func_80129DAC,new,
X013,80116fe0,1252,func_80116FE0,new,
X001,80135c90,1236,func_80135C90,new,
X001,80133ba4,1228,func_80133BA4,new,
X001,801253ac,1212,func_801253AC,new,
X004,8012fbf4,1212,func_8012FBF4,new,
X010,8011f05c,1212,func_8011F05C,dup,X001:801253ac
X006,80118c6c,1204,func_80118C6C,new,
X010,8011eae8,1200,func_8011EAE8,new,
X001,80122410,1196,func_80122410,new,
X003,80130990,1196,func_80130990,new,
X014,801231f4,1188,func_801231F4,new,
X001,80134070,1164,func_80134070,new,
X001,8012efc4,1156,func_8012EFC4,new,
X003,80124b78,1156,func_80124B78,new,
X010,8012a664,1152,func_8012A664,new,
X017,80116d50,1152,func_80116D50,new,
X001,80139c50,1148,func_80139C50,new,
X003,8012e6b0,1148,func_8012E6B0,new,
X003,8012f524,1148,func_8012F524,new,
X003,80132d80,1148,func_80132D80,new,
X001,801174c4,1124,func_801174C4,new,
X003,801174c4,1124,func_801174C4,new,
X004,801174c4,1124,func_801174C4,new,
X013,801174c4,1124,func_801174C4,new,
X010,801280fc,1120,func_801280FC,new,
X001,8013b51c,1116,func_8013B51C,new,
X001,8013aab8,1112,func_8013AAB8,new,
X003,8012338c,1112,func_8012338C,new,
X014,80124ad0,1112,func_80124AD0,new,
X009,80126890,1104,func_80126890,new,
X001,801285e4,1096,func_801285E4,new,
X009,8012047c,1096,func_8012047C,new,
X004,8012247c,1088,func_8012247C,new,
X001,80118da8,1084,func_80118DA8,new,
X009,80127290,1084,func_80127290,new,
X001,8011e6b0,1080,func_8011E6B0,new,
X003,8011e6b0,1080,func_8011E6B0,new,
X006,8011e6b0,1080,func_8011E6B0,new,
X009,8011e6b0,1080,func_8011E6B0,new,
X011,8011708c,1080,func_8011708C,new,
X009,80126460,1072,func_80126460,new,
X014,801251b4,1072,func_801251B4,new,
X003,80132960,1056,func_80132960,new,
X009,8011934c,1056,func_8011934C,new,
X010,801264b4,1056,func_801264B4,new,
X001,8011f2b0,1044,func_8011F2B0,new,
X003,8012fcac,1028,func_8012FCAC,new,
X003,80130e3c,1024,func_80130E3C,new,
X010,8011752c,1020,func_8011752C,new,
X001,80120a2c,1016,func_80120A2C,new,
X004,8011a448,1016,func_8011A448,new,
X004,8011cec0,1016,func_8011CEC0,new,
X006,80116d50,1016,func_80116D50,dup,X004:8011a448
X009,8011cd84,1016,func_8011CD84,new,
X010,8011a778,1016,func_8011A778,new,
X014,80123d64,1016,func_80123D64,new,
X009,801233f0,1012,func_801233F0,new,
X001,801200ec,1008,func_801200EC,new,
X014,801189ec,1008,func_801189EC,new,
X001,8011f6c4,996,func_8011F6C4,new,
X003,80118910,996,func_80118910,new,
X014,8011a5fc,996,func_8011A5FC,new,
X001,8011eae8,984,func_8011EAE8,new,
X001,8012a794,976,func_8012A794,new,
X014,80120da0,976,func_80120DA0,new,
X004,80121790,968,func_80121790,new,
X014,8011ee50,968,func_8011EE50,new,
X003,801213d0,960,func_801213D0,new,
X004,80124e88,960,func_80124E88,new,
X004,80119648,956,func_80119648,new,
X004,801237e4,944,func_801237E4,new,
X010,801237e4,944,func_801237E4,new,
X014,80122418,936,func_80122418,new,
X001,801213d0,932,func_801213D0,new,
X009,8012955c,932,func_8012955C,new,
X009,8011bb0c,928,func_8011BB0C,new,
X010,8012ba44,928,func_8012BA44,new,
X001,8011cec8,924,func_8011CEC8,new,
X009,801248d4,924,func_801248D4,new,
X001,8011658c,916,func_8011658C,new,
X001,801169bc,916,func_801169BC,new,
X003,8011658c,916,func_8011658C,new,
X003,801169bc,916,func_801169BC,new,
X003,8011a0b4,916,func_8011A0B4,new,
X006,8011a0b4,916,func_8011A0B4,new,
X009,8011a0b4,916,func_8011A0B4,new,
X014,8011a0b4,916,func_8011A0B4,new,
X002,801169c0,912,func_801169C0,new,
X010,8012c220,908,func_8012C220,new,
X003,8011c050,904,func_8011C050,new,
X004,8011c1b8,904,func_8011C1B8,new,
X002,80117928,900,func_80117928,new,
X003,80117928,900,func_80117928,new,
X004,80117928,900,func_80117928,new,
X006,80117928,900,func_80117928,new,
X001,8012bd6c,896,func_8012BD6C,new,
X009,801165a0,896,func_801165A0,new,
X001,80125b88,892,func_80125B88,new,
X014,8011e76c,892,func_8011E76C,new,
X014,801244d0,888,func_801244D0,new,
X003,8013123c,884,func_8013123C,new,
X018,80118910,884,func_80118910,new,
X014,8011f4e0,880,func_8011F4E0,new,
X018,8011858c,880,func_8011858C,new,
X009,80123828,876,func_80123828,new,
X010,80125040,876,func_80125040,new,
X004,80128304,872,func_80128304,new,
X009,80124e04,872,func_80124E04,new,
X010,80119a6c,872,func_80119A6C,new,
X006,80118910,860,func_80118910,new,
X017,801169bc,860,func_801169BC,new,
X002,8011b47c,856,func_8011B47C,new,
X004,80123d18,856,func_80123D18,new,
X010,8011b47c,856,func_8011B47C,new,
X014,8011b47c,856,func_8011B47C,new,
X017,8011750c,856,func_8011750C,new,
X004,8012a31c,852,func_8012A31C,new,
X001,801237e4,844,func_801237E4,new,
X003,801259ac,844,func_801259AC,new,
X004,8011b47c,840,func_8011B47C,new,
X010,801165e0,832,func_801165E0,new,
X001,8012a290,828,func_8012A290,new,
X003,801237e4,828,func_801237E4,new,
X001,80136164,824,func_80136164,new,
X003,8012e378,824,func_8012E378,new,
X010,80120c88,824,func_80120C88,new,
X002,8011a114,820,func_8011A114,new,
X003,80115f24,820,func_80115F24,new,
X003,801315b0,820,func_801315B0,new,
X004,80115f24,820,func_80115F24,new,
X009,80115f24,820,func_80115F24,new,
X009,8011bfd8,820,func_8011BFD8,new,
X016,80115f24,820,func_80115F24,new,
X017,80115f24,820,func_80115F24,new,
X018,80115f24,820,func_80115F24,new,
X003,8011e358,816,func_8011E358,new,
X009,8011e358,816,func_8011E358,new,
X010,8011e358,816,func_8011E358,new,
X014,8011eb08,816,func_8011EB08,new,
X010,8012095c,812,func_8012095C,new,
X001,801315dc,808,func_801315DC,new,
X003,801193d0,808,func_801193D0,new,
X003,8011992c,800,func_8011992C,new,
X006,80117148,800,func_80117148,new,
X013,801169bc,800,func_801169BC,new,
X001,80126564,792,func_80126564,new,
X003,80123ea8,792,func_80123EA8,new,
X004,80119114,792,func_80119114,new,
X001,801282d0,788,func_801282D0,new,
X003,80126f38,788,func_80126F38,new,
X004,8012d198,788,func_8012D198,new,
X014,8011658c,788,func_8011658C,new,
X018,80117928,784,func_80117928,new,
X011,80117928,780,func_80117928,new,
X001,8013946c,772,func_8013946C,new,
X003,80127d48,768,func_80127D48,new,
X009,801225bc,768,func_801225BC,new,
X001,801193e4,764,func_801193E4,new,
X001,80119bf4,760,func_80119BF4,new,
X001,80138e7c,760,func_80138E7C,new,
X001,80139174,760,func_80139174,new,
X003,80121790,760,func_80121790,new,
X003,80122118,760,func_80122118,new,
X009,80122118,760,func_80122118,new,
X010,80122118,760,func_80122118,new,
X014,80122118,760,func_80122118,new,
X018,801191dc,760,func_801191DC,new,
X006,8011a448,756,func_8011A448,new,
X010,80127e08,756,func_80127E08,new,
X014,80118ddc,756,func_80118DDC,new,
X004,8012078c,752,func_8012078C,new,
X016,80116a60,752,func_80116A60,new,
X004,80118910,748,func_80118910,new,
X001,8011eec0,744,func_8011EEC0,new,
X001,80134c00,744,func_80134C00,new,
X001,801312f8,740,func_801312F8,new,
X003,8012ef3c,740,func_8012EF3C,new,
X004,801213d0,740,func_801213D0,new,
X011,80119498,740,func_80119498,new,
X001,801319c8,732,func_801319C8,new,
X004,80117cbc,732,func_80117CBC,new,
X004,8012d4ac,732,func_8012D4AC,new,
X010,80117cbc,732,func_80117CBC,new,
X018,80117cbc,732,func_80117CBC,new,
X001,8011ca00,728,func_8011CA00,new,
X001,80121d6c,728,func_80121D6C,new,
X004,80121d6c,728,func_80121D6C,new,
X009,8011ee50,728,func_8011EE50,new,
X010,8011ca00,728,func_8011CA00,new,
X001,801162b8,724,func_801162B8,new,
X002,801162b8,724,func_801162B8,new,
X003,801162b8,724,func_801162B8,new,
X004,801162b8,724,func_801162B8,new,
X005,801162b8,724,func_801162B8,new,
X009,801162b8,724,func_801162B8,new,
X010,801162b8,724,func_801162B8,new,
X017,801162b8,724,func_801162B8,new,
X001,80134674,720,func_80134674,new,
X009,80118568,720,func_80118568,new,
X009,801198dc,720,func_801198DC,new,
X010,80128d78,720,func_80128D78,new,
X003,8012a890,716,func_8012A890,new,
X006,8011cef0,716,func_8011CEF0,new,
X009,80120c68,716,func_80120C68,new,
X009,8012516c,716,func_8012516C,new,
X010,8011b7d4,716,func_8011B7D4,new,
X014,80119344,716,func_80119344,new,
X014,8011f218,712,func_8011F218,new,
X014,801237e4,712,func_801237E4,new,
X018,80118f14,712,func_80118F14,new,
X018,801162b8,708,func_801162B8,new,
X001,8013649c,704,func_8013649C,new,
X014,8012415c,704,func_8012415C,new,
X001,80102f40,700,func_80102F40,x000,X000:80102f40
X001,80134944,700,func_80134944,new,
X002,80102f40,700,func_80102F40,x000,X000:80102f40
X003,80102f40,700,func_80102F40,x000,X000:80102f40
X004,80102f40,700,func_80102F40,x000,X000:80102f40
X005,80102f40,700,func_80102F40,x000,X000:80102f40
X006,80102f40,700,func_80102F40,x000,X000:80102f40
X008,80102f40,700,func_80102F40,x000,X000:80102f40
X009,80102f40,700,func_80102F40,x000,X000:80102f40
X010,80102f40,700,func_80102F40,x000,X000:80102f40
X011,80102f40,700,func_80102F40,x000,X000:80102f40
X013,80102f40,700,func_80102F40,x000,X000:80102f40
X014,80102f40,700,func_80102F40,x000,X000:80102f40
X014,8011a9e0,700,func_8011A9E0,new,
X016,80102f40,700,func_80102F40,x000,X000:80102f40
X016,80118568,700,func_80118568,new,
X017,80102f40,700,func_80102F40,x000,X000:80102f40
X018,80102f40,700,func_80102F40,x000,X000:80102f40
X019,80102f40,700,func_80102F40,x000,X000:80102f40
X004,8011e778,696,func_8011E778,new,
X010,801190bc,696,func_801190BC,new,
X004,80124b4c,692,func_80124B4C,new,
X002,80117644,688,func_80117644,new,
X010,80119648,688,func_80119648,new,
X010,8011a4c8,688,func_8011A4C8,new,
X010,8012c8a0,688,func_8012C8A0,new,
X001,80117928,684,func_80117928,new,
X001,80120780,684,func_80120780,new,
X001,8011c758,680,func_8011C758,new,
X004,8011bf10,680,func_8011BF10,new,
X006,8011c758,680,func_8011C758,new,
X010,8011c758,680,func_8011C758,new,
X018,8011c758,680,func_8011C758,new,
X001,8013721c,676,func_8013721C,new,
X001,80122f54,672,func_80122F54,new,
X003,80122f54,672,func_80122F54,new,
X003,8012cfe0,672,func_8012CFE0,new,
X009,8011ffe0,672,func_8011FFE0,new,
X009,80122f54,672,func_80122F54,new,
X009,801261c0,672,func_801261C0,new,
X017,80117224,672,func_80117224,new,
X001,8011beac,664,func_8011BEAC,new,
X011,80116688,664,func_80116688,new,
X017,801179ec,664,func_801179EC,new,
X003,8011ba34,660,func_8011BA34,new,
X003,8012c97c,660,func_8012C97C,new,
X001,80137afc,656,func_80137AFC,new,
X003,80122410,656,func_80122410,new,
X010,80127b78,656,func_80127B78,new,
X013,80116d50,656,func_80116D50,new,
X017,801185e4,656,func_801185E4,new,
X018,80118c84,656,func_80118C84,new,
X004,80129650,652,func_80129650,new,
X014,80124f28,652,func_80124F28,new,
X001,8011a1c0,648,func_8011A1C0,new,
X009,80128c44,648,func_80128C44,new,
X001,80121790,640,func_80121790,new,
X001,80129b2c,640,func_80129B2C,new,
X004,801180ac,640,func_801180AC,new,
X004,8012ee14,640,func_8012EE14,new,
X006,8011ed24,640,func_8011ED24,new,
X013,80115fb4,640,func_80115FB4,new,
X001,80134ee8,636,func_80134EE8,new,
X003,8011d07c,636,func_8011D07C,new,
X004,80122f54,636,func_80122F54,new,
X011,80117560,636,func_80117560,new,
X011,8011921c,636,func_8011921C,new,
X001,8012eae8,632,func_8012EAE8,new,
X002,80118684,632,func_80118684,new,
X004,8012f75c,632,func_8012F75C,new,
X005,8011724c,632,func_8011724C,new,
X006,801176b0,632,func_801176B0,new,
X009,8011fb4c,632,func_8011FB4C,new,
X003,8011de64,628,func_8011DE64,new,
X006,8011b560,628,func_8011B560,new,
X006,8011de64,628,func_8011DE64,new,
X014,8011de64,628,func_8011DE64,new,
X014,8011fba0,628,func_8011FBA0,new,
X001,8011de64,624,func_8011DE64,new,
X014,801196a4,624,func_801196A4,new,
X001,8011fb10,620,func_8011FB10,new,
X001,801262f8,620,func_801262F8,new,
X011,80118dc8,620,func_80118DC8,new,
X001,8011aefc,616,func_8011AEFC,new,
X001,8013a664,616,func_8013A664,new,
X010,801206f4,616,func_801206F4,new,
X014,801180ac,616,func_801180AC,new,
X018,801194d4,616,func_801194D4,new,
X001,8012ed60,612,func_8012ED60,new,
X002,801194ac,612,func_801194AC,new,
X003,80121d6c,612,func_80121D6C,new,
X009,80129c98,608,func_80129C98,new,
X001,80119874,604,func_80119874,new,
X009,8011759c,604,func_8011759C,new,
X010,80121534,604,func_80121534,new,
X001,80122cbc,600,func_80122CBC,new,
X003,8011ce24,600,func_8011CE24,new,
X004,80122cbc,600,func_80122CBC,new,
X006,801180ac,600,func_801180AC,new,
X010,80122cbc,600,func_80122CBC,new,
X011,80115f24,600,func_80115F24,new,
X001,80137714,596,func_80137714,new,
X014,80122fa0,596,func_80122FA0,new,
X009,801290f4,592,func_801290F4,new,
X018,801180ac,592,func_801180AC,new,
X009,80120f34,588,func_80120F34,new,
X009,80122cbc,588,func_80122CBC,new,
X001,8013109c,584,func_8013109C,new,
X003,801343d4,584,func_801343D4,new,
X004,8011ec78,584,func_8011EC78,new,
X004,80123310,584,func_80123310,new,
X003,8012da68,580,func_8012DA68,new,
X001,8011fd7c,576,func_8011FD7C,new,
X003,8012724c,576,func_8012724C,new,
X004,80127b14,576,func_80127B14,new,
X009,801288b8,576,func_801288B8,new,
X010,801234c8,576,func_801234C8,new,
X011,80117cbc,572,func_80117CBC,new,
X016,801162d0,572,func_801162D0,new,
X003,8012eb2c,564,func_8012EB2C,new,
X004,80129be0,564,func_80129BE0,new,
X004,8012dfbc,564,func_8012DFBC,new,
X004,8012e204,564,func_8012E204,new,
X009,80118f7c,564,func_80118F7C,new,
X010,8011e6b0,564,func_8011E6B0,new,
X017,80118c6c,564,func_80118C6C,new,
X016,801180fc,560,func_801180FC,new,
X003,8012d280,556,func_8012D280,new,
X004,8012d788,556,func_8012D788,new,
X009,8011b8e0,556,func_8011B8E0,new,
X018,801171ac,556,func_801171AC,new,
X002,80117d70,552,func_80117D70,new,
X003,80131fec,552,func_80131FEC,new,
X004,8012c1a8,552,func_8012C1A8,new,
X009,80128ecc,552,func_80128ECC,new,
X003,8012f9a0,548,func_8012F9A0,new,
X003,80134118,548,func_80134118,new,
X004,80126464,548,func_80126464,new,
X009,8011a7e0,548,func_8011A7E0,new,
X009,80128180,548,func_80128180,new,
X014,80121d6c,548,func_80121D6C,new,
X001,8011c354,544,func_8011C354,new,
X003,8012cdc0,544,func_8012CDC0,new,
X017,80118910,544,func_80118910,new,
X003,8011ca70,540,func_8011CA70,new,
X003,801226a0,540,func_801226A0,new,
X004,8011942c,540,func_8011942C,new,
X009,8011fdc4,540,func_8011FDC4,new,
X010,801186e0,540,func_801186E0,new,
X017,80118110,540,func_80118110,new,
X001,801240a8,536,func_801240A8,new,
X006,8011ca00,536,func_8011CA00,new,
X001,80124c20,532,func_80124C20,new,
X009,801169bc,532,func_801169BC,new,
X010,8012e114,532,func_8012E114,new,
X001,80124e34,528,func_80124E34,new,
X003,801191c4,524,func_801191C4,new,
X003,80133448,524,func_80133448,new,
X004,8012dcf4,524,func_8012DCF4,dup,X003:80133448
X010,8011baa0,524,func_8011BAA0,new,
X009,80118bf8,520,func_80118BF8,new,
X009,8011d3ec,520,func_8011D3EC,new,
X010,8011d3ec,520,func_8011D3EC,new,
X010,8012855c,520,func_8012855C,new,
X001,80132760,516,func_80132760,new,
X003,8011c7fc,516,func_8011C7FC,new,
X009,8011cad4,516,func_8011CAD4,new,
X009,801246d0,516,func_801246D0,new,
X010,80121790,516,func_80121790,new,
X014,80117d94,516,func_80117D94,new,
X002,801180ac,512,func_801180AC,new,
X009,8011de64,512,func_8011DE64,new,
X014,80116a10,512,func_80116A10,new,
X014,8012194c,512,func_8012194C,new,
X004,8011a840,508,func_8011A840,new,
X004,80127ec4,508,func_80127EC4,new,
X018,80116d50,508,func_80116D50,new,
X001,80122a18,504,func_80122A18,new,
X003,801210a8,504,func_801210A8,new,
X003,80122a18,504,func_80122A18,new,
X003,801241c0,504,func_801241C0,new,
X004,80123558,504,func_80123558,new,
X009,8011a4a8,504,func_8011A4A8,new,
X009,80122a18,504,func_80122A18,new,
X014,80118568,504,func_80118568,new,
X014,8011e358,504,func_8011E358,new,
X001,8012687c,500,func_8012687C,new,
X003,8011add4,500,func_8011ADD4,new,
X003,8011c3d8,500,func_8011C3D8,new,
X004,80122118,500,func_80122118,new,
X006,801196fc,500,func_801196FC,new,
X016,80116f88,500,func_80116F88,new,
X001,8011ccd8,496,func_8011CCD8,new,
X003,80128c08,496,func_80128C08,new,
X003,80129240,496,func_80129240,new,
X004,80128114,496,func_80128114,new,
X010,8012cfcc,496,func_8012CFCC,new,
X001,8013a8cc,492,func_8013A8CC,new,
X003,8011d5f4,492,func_8011D5F4,new,
X003,80128a1c,492,func_80128A1C,new,
X003,8012962c,492,func_8012962C,new,
X004,8011d5f4,492,func_8011D5F4,new,
X006,801174c4,492,func_801174C4,new,
X006,8011d5f4,492,func_8011D5F4,new,
X010,8011d5f4,492,func_8011D5F4,new,
X010,80123ecc,492,func_80123ECC,new,
X004,8011ccd8,488,func_8011CCD8,new,
X004,8012da60,488,func_8012DA60,new,
X006,80115f24,488,func_80115F24,new,
X009,80121e5c,488,func_80121E5C,new,
X011,80118140,488,func_80118140,new,
X011,801185ec,488,func_801185EC,new,
X011,801189f8,488,func_801189F8,new,
X011,80118be0,488,func_80118BE0,new,
X011,80119034,488,func_80119034,new,
X001,8013af10,484,func_8013AF10,new,
X003,8011bcc8,484,func_8011BCC8,new,
X010,8011ab70,484,func_8011AB70,new,
X010,8012418c,484,func_8012418C,new,
X001,8013be48,480,func_8013BE48,new,
X002,801165dc,480,func_801165DC,new,
X003,801307b0,480,func_801307B0,new,
X009,8011eae8,480,func_8011EAE8,new,
X009,8011f96c,480,func_8011F96C,new,
X014,8011ff80,480,func_8011FF80,new,
X001,801251b0,476,func_801251B0,new,
X003,8011ff64,476,func_8011FF64,new,
X003,8012ed60,476,func_8012ED60,new,
X014,80116ec0,476,func_80116EC0,new,
X003,801180ac,472,func_801180AC,new,
X003,80133e94,472,func_80133E94,new,
X004,8011658c,472,func_8011658C,new,
X004,80125248,472,func_80125248,new,
X005,80116e78,472,func_80116E78,new,
X010,8012b6e8,472,func_8012B6E8,new,
X010,8012e550,472,func_8012E550,dup,X003:80133e94
X003,8012d740,468,func_8012D740,new,
X006,801163b8,468,func_801163B8,new,
X010,8012d678,468,func_8012D678,new,
X003,80118f3c,464,func_80118F3C,new,
X003,801287f8,464,func_801287F8,new,
X004,80118720,464,func_80118720,new,
X014,801163bc,464,func_801163BC,new,
X014,80120160,464,func_80120160,new,
X001,8013a2d8,460,func_8013A2D8,new,
X003,8012c68c,460,func_8012C68C,new,
X010,8011ad54,460,func_8011AD54,new,
X016,80117228,460,func_80117228,new,
X001,80119eec,456,func_80119EEC,new,
X001,8012a5cc,456,func_8012A5CC,new,
X003,80124ffc,456,func_80124FFC,new,
X003,8012552c,456,func_8012552C,new,
X005,80115fe0,456,func_80115FE0,new,
X009,8011accc,456,func_8011ACCC,new,
X014,80117114,456,func_80117114,new,
X001,80135850,452,func_80135850,new,
X003,8011b870,452,func_8011B870,new,
X003,80129868,452,func_80129868,new,
X011,8011977c,452,func_8011977C,new,
X017,80117cbc,452,func_80117CBC,new,
X001,8011b170,448,func_8011B170,new,
X001,80121bac,448,func_80121BAC,new,
X001,80128110,448,func_80128110,new,
X001,8013b344,448,func_8013B344,new,
X002,8011b170,448,func_8011B170,new,
X003,80121bac,448,func_80121BAC,new,
X009,8011b170,448,func_8011B170,new,
X010,80121bac,448,func_80121BAC,new,
X014,8011b170,448,func_8011B170,new,
X016,8011b170,448,func_8011B170,new,
X001,80118568,444,func_80118568,new,
X004,80116764,444,func_80116764,new,
X004,80122a54,444,func_80122A54,new,
X006,80117ddc,444,func_80117DDC,new,
X006,8011afb4,444,func_8011AFB4,new,
X011,80116b58,444,func_80116B58,new,
X014,801213f4,444,func_801213F4,new,
X014,801215b0,444,func_801215B0,new,
X001,80117de0,440,func_80117DE0,new,
X001,801210e8,440,func_801210E8,new,
X002,80119178,440,func_80119178,new,
X003,8011f634,440,func_8011F634,new,
X003,80129a2c,440,func_80129A2C,new,
X003,8012a6d8,440,func_8012A6D8,new,
X009,8011d17c,440,func_8011D17C,new,
X009,80129914,440,func_80129914,new,
X010,80118e2c,440,func_80118E2C,new,
X010,8012bf24,440,func_8012BF24,new,
X010,8012d200,440,func_8012D200,new,
X011,801163d4,440,func_801163D4,new,
X016,801174c4,440,func_801174C4,new,
X001,8011e1a4,436,func_8011E1A4,new,
X001,8013839c,436,func_8013839C,new,
X001,8013a4b0,436,func_8013A4B0,new,
X004,8011e1a4,436,func_8011E1A4,new,
X005,80116b44,436,func_80116B44,new,
X006,8011e1a4,436,func_8011E1A4,new,
X009,8011b508,436,func_8011B508,new,
X009,8011e1a4,436,func_8011E1A4,new,
X010,8011e1a4,436,func_8011E1A4,new,
X010,80123d18,436,func_80123D18,dup,X001:8013839c
X010,80125e00,436,func_80125E00,new,
X010,8012c6ec,436,func_8012C6EC,new,
X001,80130420,432,func_80130420,new,
X003,8011a6c4,432,func_8011A6C4,new,
X003,80126b68,432,func_80126B68,new,
X003,8012cc10,432,func_8012CC10,new,
X018,801166f0,432,func_801166F0,new,
X001,8012614c,428,func_8012614C,new,
X003,80128df8,424,func_80128DF8,new,
X003,80128fa0,424,func_80128FA0,new,
X003,80131e44,424,func_80131E44,new,
X006,801165bc,424,func_801165BC,new,
X014,80117aa8,424,func_80117AA8,new,
X001,80139770,420,func_80139770,new,
X003,8011beac,420,func_8011BEAC,new,
X003,80120140,420,func_80120140,new,
X004,8012c004,420,func_8012C004,new,
X004,8012c3d0,420,func_8012C3D0,new,
X004,8012c574,420,func_8012C574,new,
X006,8011866c,420,func_8011866C,new,
X010,80118188,420,func_80118188,new,
X011,801199f0,420,func_801199F0,new,
X014,8011d138,420,func_8011D138,new,
X003,8011f8cc,416,func_8011F8CC,new,
X010,8012e728,416,func_8012E728,new,
X001,80120f4c,412,func_80120F4C,new,
X003,80128060,412,func_80128060,new,
X009,801191b0,412,func_801191B0,new,
X011,801169bc,412,func_801169BC,new,
X014,80118760,412,func_80118760,new,
X014,8012049c,412,func_8012049C,new,
X016,801179a4,412,func_801179A4,new,
X003,801231f4,408,func_801231F4,new,
X004,80118568,408,func_80118568,new,
X004,80121bac,408,func_80121BAC,new,
X006,8011b8a4,408,func_8011B8A4,new,
X010,8011afd8,408,func_8011AFD8,new,
X010,80123330,408,func_80123330,new,
X010,8012cb50,408,func_8012CB50,new,
X010,8012cce8,408,func_8012CCE8,new,
X013,801179b4,408,func_801179B4,new,
X018,801174c4,408,func_801174C4,new,
X001,80137968,404,func_80137968,new,
X004,8011de64,404,func_8011DE64,new,
X004,8011e358,404,func_8011E358,new,
X004,8012f35c,404,func_8012F35C,new,
X009,80124c70,404,func_80124C70,new,
X010,80118b40,404,func_80118B40,new,
X010,801271d8,404,func_801271D8,new,
X001,80111dc8,400,func_80111DC8,x000,X000:80111dc8
X001,8011badc,400,func_8011BADC,new,
X001,801205f0,400,func_801205F0,new,
X001,801356c0,400,func_801356C0,new,
X002,80111dc8,400,func_80111DC8,x000,X000:80111dc8
X003,80111dc8,400,func_80111DC8,x000,X000:80111dc8
X003,8011d40c,400,func_8011D40C,dup,X001:801205f0
X003,80123d18,400,func_80123D18,new,
X004,80111dc8,400,func_80111DC8,x000,X000:80111dc8
X004,8011afa8,400,func_8011AFA8,new,
X004,8011ca80,400,func_8011CA80,dup,X001:801205f0
X004,8011eae8,400,func_8011EAE8,new,
X005,80111dc8,400,func_80111DC8,x000,X000:80111dc8
X006,80111dc8,400,func_80111DC8,x000,X000:80111dc8
X008,80111dc8,400,func_80111DC8,x000,X000:80111dc8
X009,80111dc8,400,func_80111DC8,x000,X000:80111dc8
X010,80111dc8,400,func_80111DC8,x000,X000:80111dc8
X010,80120564,400,func_80120564,new,
X011,80111dc8,400,func_80111DC8,x000,X000:80111dc8
X013,80111dc8,400,func_80111DC8,x000,X000:80111dc8
X014,80111dc8,400,func_80111DC8,x000,X000:80111dc8
X016,80111dc8,400,func_80111DC8,x000,X000:80111dc8
X016,80116620,400,func_80116620,dup,X001:801205f0
X017,80111dc8,400,func_80111DC8,x000,X000:80111dc8
X018,80111dc8,400,func_80111DC8,x000,X000:80111dc8
X019,80111dc8,400,func_80111DC8,x000,X000:80111dc8
X001,80118c1c,396,func_80118C1C,new,
X001,8011b498,396,func_8011B498,new,
X001,8011c5cc,396,func_8011C5CC,new,
X001,80127700,396,func_80127700,new,
X001,8013c028,396,func_8013C028,new,
X003,8011c5cc,396,func_8011C5CC,new,
X003,801301c0,396,func_801301C0,new,
X003,801304b8,396,func_801304B8,new,
X006,8011c5cc,396,func_8011C5CC,new,
X009,8011c5cc,396,func_8011C5CC,new,
X010,8011c5cc,396,func_8011C5CC,new,
X014,8011c5cc,396,func_8011C5CC,new,
X001,80130298,392,func_80130298,new,
X001,80130dc4,392,func_80130DC4,new,
X003,80119e08,392,func_80119E08,new,
X003,8012b454,392,func_8012B454,new,
X004,80129914,392,func_80129914,new,
X005,801169bc,392,func_801169BC,new,
X009,8011ab44,392,func_8011AB44,new,
X009,8011c30c,392,func_8011C30C,new,
X009,8011ecc8,392,func_8011ECC8,new,
X018,801169d0,392,func_801169D0,dup,X009:8011ab44
X001,8011b7d4,388,func_8011B7D4,new,
X001,8011b958,388,func_8011B958,new,
X001,80123b94,388,func_80123B94,new,
X001,80130114,388,func_80130114,new,
X003,801337b4,388,func_801337B4,new,
X004,8011aba0,388,func_8011ABA0,new,
X004,80123b94,388,func_80123B94,new,
X004,801293a0,388,func_801293A0,new,
X010,80119dd4,388,func_80119DD4,new,
X010,80123b94,388,func_80123B94,new,
X010,8012b8c0,388,func_8012B8C0,new,
X010,8012e9e0,388,func_8012E9E0,new,
X013,80117e14,388,func_80117E14,new,
X014,80123b94,388,func_80123B94,new,
X001,80133a24,384,func_80133A24,new,
X002,801174c4,384,func_801174C4,new,
X002,80119788,384,func_80119788,new,
X003,8011a544,384,func_8011A544,new,
X003,80129430,384,func_80129430,new,
X003,8012bd5c,384,func_8012BD5C,new,
X009,80116bd0,384,func_80116BD0,new,
X009,80119bac,384,func_80119BAC,new,
X009,80121bac,384,func_80121BAC,new,
X014,80117928,384,func_80117928,new,
X001,8013bc24,380,func_8013BC24,new,
X002,80119330,380,func_80119330,new,
X003,801253b0,380,func_801253B0,new,
X003,801332cc,380,func_801332CC,new,
X004,8011f6c8,380,func_8011F6C8,new,
X009,80118e00,380,func_80118E00,new,
X010,80122f54,380,func_80122F54,new,
X010,80129048,380,func_80129048,new,
X001,801344fc,376,func_801344FC,new,
X001,8013675c,376,func_8013675C,new,
X001,8013759c,376,func_8013759C,new,
X003,80125834,376,func_80125834,new,
X004,8011ad24,376,func_8011AD24,new,
X004,8012a740,376,func_8012A740,new,
X004,8012b210,376,func_8012B210,new,
X006,8011cd78,376,func_8011CD78,new,
X006,8011d1bc,376,func_8011D1BC,new,
X009,80118a80,376,func_80118A80,new,
X010,80118568,376,func_80118568,new,
X018,80116f7c,376,func_80116F7C,new,
X018,8011a1b4,376,func_8011A1B4,new,
X001,8013bab0,372,func_8013BAB0,new,
X003,8012f3b0,372,func_8012F3B0,new,
X004,80124954,372,func_80124954,new,
X009,80120a2c,372,func_80120A2C,new,
X009,8012455c,372,func_8012455C,new,
X010,801198f8,372,func_801198F8,new,
X014,8011f8c0,372,func_8011F8C0,new,
X016,80118974,372,func_80118974,new,
X018,80116bdc,372,func_80116BDC,new,
X001,8012ca08,368,func_8012CA08,new,
X003,8012b2e4,368,func_8012B2E4,new,
X004,801256a8,368,func_801256A8,new,
X004,80127d54,368,func_80127D54,new,
X004,8012e554,368,func_8012E554,new,
X004,801301b0,368,func_801301B0,new,
X009,8011792c,368,func_8011792C,new,
X009,8011976c,368,func_8011976C,new,
X009,80129344,368,func_80129344,new,
X010,80125ae0,368,func_80125AE0,new,
X010,8012dea0,368,func_8012DEA0,dup,X004:801301b0
X014,80116d50,368,func_80116D50,new,
X014,801175a0,368,func_801175A0,new,
X016,801167b0,368,func_801167B0,new,
X001,80139914,364,func_80139914,new,
X003,8011b588,364,func_8011B588,new,
X003,8013034c,364,func_8013034C,new,
X003,80130644,364,func_80130644,new,
X004,8012c718,364,func_8012C718,new,
X004,8012c884,364,func_8012C884,new,
X006,8011bd40,364,func_8011BD40,new,
X010,80119374,364,func_80119374,new,
X014,8011fa34,364,func_8011FA34,new,
X014,8011fe14,364,func_8011FE14,dup,X014:8011fa34
X014,80120330,364,func_80120330,new,
X016,80117b40,364,func_80117B40,new,
X016,80118ae8,364,func_80118AE8,new,
X002,80119f40,360,func_80119F40,new,
X003,8012f234,360,func_8012F234,new,
X003,80133a2c,360,func_80133A2C,new,
X003,80134cf8,360,func_80134CF8,new,
X009,801208c4,360,func_801208C4,new,
X010,80118910,360,func_80118910,new,
X010,801194e0,360,func_801194E0,new,
X014,8011e1f0,360,func_8011E1F0,new,
X001,8011e524,356,func_8011E524,new,
X001,8012ff4c,356,func_8012FF4C,new,
X002,801167bc,356,func_801167BC,new,
X004,8011aa3c,356,func_8011AA3C,new,
X009,80117d48,356,func_80117D48,new,
X010,80126f48,356,func_80126F48,new,
X010,8012aae4,356,func_8012AAE4,new,
X014,8011a498,356,func_8011A498,new,
X014,8011ad78,356,func_8011AD78,new,
X014,80122aac,356,func_80122AAC,new,
X001,80126d2c,352,func_80126D2C,new,
X001,8013b0f4,352,func_8013B0F4,new,
X003,80122db4,352,func_80122DB4,new,
X005,80116690,352,func_80116690,new,
X006,8011e3b4,352,func_8011E3B4,new,
X009,8011d680,352,func_8011D680,new,
X010,80117364,352,func_80117364,new,
X010,8012e328,352,func_8012E328,new,
X014,8011aedc,352,func_8011AEDC,new,
X014,8011beac,352,func_8011BEAC,new,
X001,80118ac0,348,func_80118AC0,new,
X004,80129fc8,348,func_80129FC8,new,
X009,80123294,348,func_80123294,new,
X010,80119f58,348,func_80119F58,new,
X010,80125c50,348,func_80125C50,new,
X014,80121bac,348,func_80121BAC,new,
X016,80117e04,348,func_80117E04,new,
X004,8011d3ec,344,func_8011D3EC,new,
X004,8012a8b8,344,func_8012A8B8,new,
X004,8012f9f4,344,func_8012F9F4,new,
X009,80119f5c,344,func_80119F5C,new,
X010,80118cd4,344,func_80118CD4,new,
X010,8011e990,344,func_8011E990,new,
X013,80117cbc,344,func_80117CBC,new,
X018,801177d0,344,func_801177D0,new,
X003,8012d518,340,func_8012D518,new,
X003,8012d914,340,func_8012D914,new,
X004,80125554,340,func_80125554,new,
X004,8012f10c,340,func_8012F10C,new,
X005,80117050,340,func_80117050,new,
X005,801174c4,340,func_801174C4,new,
X006,8011ebd0,340,func_8011EBD0,new,
X009,80117a9c,340,func_80117A9C,new,
X009,8011b01c,340,func_8011B01C,new,
X011,80116e54,340,func_80116E54,new,
X013,8011658c,340,func_8011658C,new,
X001,8011a5dc,336,func_8011A5DC,new,
X001,80125994,336,func_80125994,new,
X001,8012b184,336,func_8012B184,new,
X001,80130f4c,336,func_80130F4C,new,
X004,80126d04,336,func_80126D04,new,
X004,80129250,336,func_80129250,new,
X009,801276cc,336,func_801276CC,new,
X010,8011bd5c,336,func_8011BD5C,new,
X001,8011b330,332,func_8011B330,new,
X001,801222c4,332,func_801222C4,new,
X002,8011b330,332,func_8011B330,new,
X003,8011ccd8,332,func_8011CCD8,new,
X006,8011b330,332,func_8011B330,new,
X010,8011b330,332,func_8011B330,new,
X010,80121d6c,332,func_80121D6C,new,
X010,801226a8,332,func_801226A8,new,
X010,8012ce80,332,func_8012CE80,new,
X011,801177dc,332,func_801177DC,new,
X014,801172dc,332,func_801172DC,new,
X014,8011b330,332,func_8011B330,new,
X014,80120c54,332,func_80120C54,new,
X001,80118724,328,func_80118724,new,
X001,8011d5f4,328,func_8011D5F4,new,
X001,80121a10,328,func_80121A10,new,
X001,80126004,328,func_80126004,new,
X001,80135b48,328,func_80135B48,new,
X004,8012a124,328,func_8012A124,new,
X004,8012ea30,328,func_8012EA30,new,
X006,8011610c,328,func_8011610C,new,
X018,801165a8,328,func_801165A8,new,
X003,80118df8,324,func_80118DF8,new,
X003,8012526c,324,func_8012526C,new,
X004,8012f508,324,func_8012F508,new,
X010,801213f0,324,func_801213F0,new,
X010,8012c0dc,324,func_8012C0DC,new,
X003,801196f8,320,func_801196F8,new,
X003,801256f4,320,func_801256F4,new,
X006,8011a73c,320,func_8011A73C,new,
X009,8011a6a0,320,func_8011A6A0,new,
X009,8011aa04,320,func_8011AA04,new,
X009,80123b94,320,func_80123B94,new,
X010,8012bde4,320,func_8012BDE4,new,
X010,8012c5ac,320,func_8012C5AC,new,
X014,8011ca60,320,func_8011CA60,new,
X003,8011d9a4,316,func_8011D9A4,new,
X004,8011c5cc,316,func_8011C5CC,new,
X004,8011d9a4,316,func_8011D9A4,new,
X006,8011d9a4,316,func_8011D9A4,new,
X006,8011e54c,316,func_8011E54C,new,
X009,8011d9a4,316,func_8011D9A4,new,
X009,801217f8,316,func_801217F8,new,
X010,801231f4,316,func_801231F4,new,
X014,801190d0,316,func_801190D0,new,
X001,80123d18,312,func_80123D18,new,
X004,8011c758,312,func_8011C758,new,
X010,8011b1f8,312,func_8011B1F8,new,
X014,8011920c,312,func_8011920C,new,
X014,80119914,312,func_80119914,new,
X014,8011e550,312,func_8011E550,new,
X001,80123f24,308,func_80123F24,new,
X001,80135a14,308,func_80135A14,new,
X003,80133cb4,308,func_80133CB4,new,
X004,8011f844,308,func_8011F844,new,
X004,8012116c,308,func_8012116C,new,
X004,80125420,308,func_80125420,new,
X010,80124f0c,308,func_80124F0C,new,
X014,8011b03c,308,func_8011B03C,new,
X016,8011767c,308,func_8011767C,new,
X001,8011a72c,304,func_8011A72C,new,
X001,8011ffbc,304,func_8011FFBC,new,
X001,801212a0,304,func_801212A0,new,
X001,80138d4c,304,func_80138D4C,new,
X003,8011b330,304,func_8011B330,new,
X003,8012bedc,304,func_8012BEDC,new,
X004,80116c0c,304,func_80116C0C,new,
X004,801212a0,304,func_801212A0,new,
X005,801167f0,304,func_801167F0,new,
X014,801212a0,304,func_801212A0,new,
X001,80126a70,300,func_80126A70,new,
X001,8013b984,300,func_8013B984,new,
X003,8011dae0,300,func_8011DAE0,new,
X003,8011e1a4,300,func_8011E1A4,new,
X003,8011f508,300,func_8011F508,new,
X004,80116ae0,300,func_80116AE0,new,
X004,8011dae0,300,func_8011DAE0,dup,X003:8011e1a4
X009,8011beac,300,func_8011BEAC,new,
X009,8011dae0,300,func_8011DAE0,new,
X010,801169bc,300,func_801169BC,new,
X010,8011dae0,300,func_8011DAE0,new,
X010,801270ac,300,func_801270AC,new,
X014,80122cbc,300,func_80122CBC,new,
X014,80122de8,300,func_80122DE8,new,
X001,80118440,296,func_80118440,new,
X001,80118998,296,func_80118998,new,
X001,8011b624,296,func_8011B624,new,
X001,8011bd84,296,func_8011BD84,new,
X001,80120e24,296,func_80120E24,new,
X001,80132a3c,296,func_80132A3C,new,
X003,80118440,296,func_80118440,new,
X003,8012dcac,296,func_8012DCAC,new,
X004,80118440,296,func_80118440,new,
X004,8012e828,296,func_8012E828,new,
X004,8012eb78,296,func_8012EB78,new,
X005,80116d50,296,func_80116D50,new,
X009,80118440,296,func_80118440,new,
X009,80129b70,296,func_80129B70,new,
X011,80118440,296,func_80118440,new,
X011,801187d4,296,func_801187D4,new,
X018,80118440,296,func_80118440,new,
X001,80119750,292,func_80119750,new,
X001,80119ad0,292,func_80119AD0,dup,X001:80119750
X001,8011d4d0,292,func_8011D4D0,new,
X001,801368d4,292,func_801368D4,new,
X001,80139b2c,292,func_80139B2C,new,
X003,80119f90,292,func_80119F90,new,
X003,8012c858,292,func_8012C858,new,
X004,801169bc,292,func_801169BC,new,
X010,801230d0,292,func_801230D0,new,
X010,8012eba0,292,func_8012EBA0,new,
X003,80119ce8,288,func_80119CE8,new,
X006,80117cbc,288,func_80117CBC,new,
X006,8011c4ac,288,func_8011C4AC,new,
X009,80119d2c,288,func_80119D2C,new,
X001,8011c158,284,func_8011C158,new,
X001,8012c8ec,284,func_8012C8EC,new,
X001,8013a0d8,284,func_8013A0D8,new,
X003,8011dd48,284,func_8011DD48,new,
X003,801206f0,284,func_801206F0,new,
X004,8011fdd4,284,func_8011FDD4,new,
X004,801231f4,284,func_801231F4,new,
X006,8011dd48,284,func_8011DD48,new,
X009,8011dd48,284,func_8011DD48,new,
X010,80122410,284,func_80122410,new,
X011,801162b8,284,func_801162B8,new,
X014,8011dd48,284,func_8011DD48,new,
X018,8011a32c,284,func_8011A32C,new,
X001,8011bc6c,280,func_8011BC6C,new,
X001,8011e40c,280,func_8011E40C,new,
X004,8011b218,280,func_8011B218,new,
X004,8011dd48,280,func_8011DD48,new,
X009,8011b6bc,280,func_8011B6BC,new,
X009,8011f128,280,func_8011F128,new,
X010,80118440,280,func_80118440,new,
X010,8011a0c0,280,func_8011A0C0,new,
X010,80121a40,280,func_80121A40,new,
X010,8012d4ac,280,func_8012D4AC,new,
X001,8011832c,276,func_8011832C,new,
X001,801204dc,276,func_801204DC,new,
X002,801173a0,276,func_801173A0,dup,X001:801204dc
X003,8011832c,276,func_8011832C,new,
X003,80126e24,276,func_80126E24,new,
X004,8011832c,276,func_8011832C,new,
X006,8011d4e0,276,func_8011D4E0,new,
X006,8011dae0,276,func_8011DAE0,new,
X008,8011832c,276,func_8011832C,new,
X009,8011c830,276,func_8011C830,dup,X001:801204dc
X010,8011a224,276,func_8011A224,dup,X001:801204dc
X010,80122a18,276,func_80122A18,new,
X010,8012eee0,276,func_8012EEE0,new,
X011,8011832c,276,func_8011832C,new,
X016,8011832c,276,func_8011832C,new,
X018,8011832c,276,func_8011832C,new,
X003,801300b0,272,func_801300B0,new,
X009,80118970,272,func_80118970,new,
X009,80119e4c,272,func_80119E4C,new,
X009,801224ac,272,func_801224AC,new,
X010,8011a338,272,func_8011A338,new,
X014,8011d9d0,272,func_8011D9D0,new,
X016,80118458,272,func_80118458,new,
X001,801250a4,268,func_801250A4,new,
X003,8011b47c,268,func_8011B47C,new,
X003,80126d18,268,func_80126D18,new,
X004,8011ae9c,268,func_8011AE9C,new,
X009,8011b7d4,268,func_8011B7D4,new,
X009,801212c4,268,func_801212C4,new,
X009,80123d18,268,func_80123D18,new,
X014,80119a4c,268,func_80119A4C,new,
X001,8011f1a8,264,func_8011F1A8,new,
X001,80126bbc,264,func_80126BBC,new,
X002,80119914,264,func_80119914,new,
X003,80117cbc,264,func_80117CBC,new,
X004,8011b330,264,func_8011B330,new,
X004,8012e44c,264,func_8012E44C,new,
X014,801177c4,264,func_801177C4,new,
X016,80116d50,264,func_80116D50,new,
X002,80118568,260,func_80118568,new,
X002,8011bda8,260,func_8011BDA8,new,
X003,80118cf4,260,func_80118CF4,new,
X003,80134e60,260,func_80134E60,new,
X004,8012230c,260,func_8012230C,new,
X004,80130320,260,func_80130320,dup,X003:80134e60
X005,8011658c,260,func_8011658C,new,
X006,80118568,260,func_80118568,new,
X009,8011af18,260,func_8011AF18,new,
X010,8012e010,260,func_8012E010,dup,X003:80134e60
X011,80116d50,260,func_80116D50,new,
X014,801162b8,260,func_801162B8,new,
X014,8011d3f8,260,func_8011D3F8,new,
X001,80138c4c,256,func_80138C4C,new,
X003,8011b170,256,func_8011B170,new,
X006,801162b8,256,func_801162B8,new,
X009,80121a58,256,func_80121A58,new,
X014,801249d0,256,func_801249D0,new,
X018,8011a0b4,256,func_8011A0B4,new,
X001,8011dc4c,252,func_8011DC4C,new,
X001,80122118,252,func_80122118,new,
X003,8011a448,252,func_8011A448,new,
X003,8011dc4c,252,func_8011DC4C,new,
X004,8011dc4c,252,func_8011DC4C,new,
X004,80129e14,252,func_80129E14,new,
X006,8011dc4c,252,func_8011DC4C,new,
X009,8011dc4c,252,func_8011DC4C,new,
X010,8011dc4c,252,func_8011DC4C,new,
X014,8011db10,252,func_8011DB10,new,
X017,80117e9c,252,func_80117E9C,new,
X003,801212a0,248,func_801212A0,new,
X003,80122cbc,248,func_80122CBC,new,
X006,8011b238,248,func_8011B238,new,
X009,80128b4c,248,func_80128B4C,new,
X014,8011cd6c,248,func_8011CD6C,new,
X014,8011d040,248,func_8011D040,new,
X001,80119268,244,func_80119268,new,
X001,8011a0b4,244,func_8011A0B4,new,
X002,80118440,244,func_80118440,new,
X003,80119838,244,func_80119838,new,
X004,8011e594,244,func_8011E594,new,
X006,8011d3ec,244,func_8011D3EC,new,
X009,80121964,244,func_80121964,new,
X009,801260cc,244,func_801260CC,new,
X010,80120fc0,244,func_80120FC0,new,
X010,8012d3b8,244,func_8012D3B8,new,
X014,8011d6bc,244,func_8011D6BC,new,
X002,80119088,240,func_80119088,new,
X003,8011afc8,240,func_8011AFC8,new,
X004,8011f5d8,240,func_8011F5D8,new,
X009,801216a0,240,func_801216A0,new,
X009,80121d6c,240,func_80121D6C,new,
X014,8012185c,240,func_8012185C,new,
X018,8011765c,240,func_8011765C,new,
X003,8012080c,236,func_8012080C,new,
X004,8011fef0,236,func_8011FEF0,dup,X003:8012080c
X006,80118810,236,func_80118810,new,
X010,8011832c,236,func_8011832C,new,
X014,8011dc5c,236,func_8011DC5C,new,
X001,8012bc84,232,func_8012BC84,new,
X003,8011fd20,232,func_8011FD20,new,
X003,8012fbc4,232,func_8012FBC4,new,
X003,80133938,232,func_80133938,new,
X006,8011ba3c,232,func_8011BA3C,new,
X006,8011eae8,232,func_8011EAE8,new,
X011,80118910,232,func_80118910,new,
X014,80123aac,232,func_80123AAC,new,
X001,8011d3ec,228,func_8011D3EC,new,
X001,8011d7e0,228,func_8011D7E0,new,
X001,8011d9a4,228,func_8011D9A4,new,
X001,8013a1f4,228,func_8013A1F4,new,
X001,8013b254,228,func_8013B254,new,
X003,8011fad4,228,func_8011FAD4,new,
X004,8011eec0,228,func_8011EEC0,new,
X006,8011b47c,228,func_8011B47C,new,
X006,8011d7e0,228,func_8011D7E0,new,
X009,8011d7e0,228,func_8011D7E0,new,
X010,8011d7e0,228,func_8011D7E0,new,
X011,8011658c,228,func_8011658C,new,
X011,80116fa8,228,func_80116FA8,new,
X001,8011a448,224,func_8011A448,new,
X001,8011c274,224,func_8011C274,new,
X001,8011d8c4,224,func_8011D8C4,new,
X002,8011c4ec,224,func_8011C4EC,new,
X003,8011b6f4,224,func_8011B6F4,new,
X003,8011d8c4,224,func_8011D8C4,new,
X003,8011f7ec,224,func_8011F7EC,new,
X004,8011d8c4,224,func_8011D8C4,new,
X004,8011dff8,224,func_8011DFF8,new,
X006,8011d8c4,224,func_8011D8C4,new,
X009,8011d8c4,224,func_8011D8C4,new,
X010,8011d8c4,224,func_8011D8C4,new,
X017,80118b8c,224,func_80118B8C,new,
X019,80115f24,224,func_80115F24,new,
X001,801374c0,220,func_801374C0,new,
X003,80129be4,220,func_80129BE4,new,
X004,8011c890,220,func_8011C890,new,
X004,801216b4,220,func_801216B4,new,
X004,8012f274,220,func_8012F274,new,
X010,80123708,220,func_80123708,new,
X011,8011617c,220,func_8011617C,new,
X014,801174c4,220,func_801174C4,new,
X014,80118910,220,func_80118910,new,
X014,8011ac9c,220,func_8011AC9C,new,
X014,8011c8c0,220,func_8011C8C0,new,
X001,80117bd4,216,func_80117BD4,new,
X001,80126e8c,216,func_80126E8C,new,
X001,80132964,216,func_80132964,new,
X003,8011eae8,216,func_8011EAE8,new,
X003,80133bdc,216,func_80133BDC,new,
X006,8011bb24,216,func_8011BB24,new,
X009,801174c4,216,func_801174C4,new,
X009,80117ec0,216,func_80117EC0,new,
X009,8011c758,216,func_8011C758,new,
X010,80118fe4,216,func_80118FE4,new,
X010,8011e000,216,func_8011E000,new,
X014,80117cbc,216,func_80117CBC,new,
X001,80122044,212,func_80122044,new,
X001,801228bc,212,func_801228BC,new,
X001,80123e50,212,func_80123E50,new,
X002,8011836c,212,func_8011836C,new,
X003,80122044,212,func_80122044,new,
X003,801228bc,212,func_801228BC,new,
X003,8012d66c,212,func_8012D66C,new,
X004,80122044,212,func_80122044,new,
X004,801228bc,212,func_801228BC,new,
X009,8011ca00,212,func_8011CA00,new,
X009,80121180,212,func_80121180,new,
X009,801228bc,212,func_801228BC,new,
X010,801180b4,212,func_801180B4,new,
X010,801228bc,212,func_801228BC,new,
X010,801240b8,212,func_801240B8,new,
X014,80122044,212,func_80122044,new,
X014,801228bc,212,func_801228BC,new,
X014,80124848,212,func_80124848,new,
X001,8011dd94,208,func_8011DD94,new,
X003,80121a88,208,func_80121A88,new,
X004,8012a670,208,func_8012A670,new,
X006,8011b7d4,208,func_8011B7D4,new,
X001,8011e0d8,204,func_8011E0D8,new,
X003,8011fbb8,204,func_8011FBB8,new,
X003,80123b94,204,func_80123B94,new,
X004,8012e950,204,func_8012E950,new,
X006,8011e0d8,204,func_8011E0D8,new,
X009,8011e0d8,204,func_8011E0D8,new,
X010,8011e0d8,204,func_8011E0D8,new,
X014,8011e0d8,204,func_8011E0D8,new,
X014,80121790,204,func_80121790,new,
X001,80132698,200,func_80132698,new,
X004,8011cc10,200,func_8011CC10,new,
X004,8011e6b0,200,func_8011E6B0,new,
X004,80129a9c,200,func_80129A9C,new,
X006,8011b170,200,func_8011B170,new,
X009,80120ba0,200,func_80120BA0,new,
X010,80118a78,200,func_80118A78,new,
X013,801162d0,200,func_801162D0,new,
X014,8011ce64,200,func_8011CE64,new,
X001,80131904,196,func_80131904,new,
X003,801331fc,196,func_801331FC,new,
X004,8012e750,196,func_8012E750,new,
X006,8011832c,196,func_8011832C,new,
X009,80118838,196,func_80118838,new,
X010,8011ef98,196,func_8011EF98,new,
X013,80117b4c,196,func_80117B4C,new,
X014,8011cf2c,196,func_8011CF2C,new,
X017,80117864,196,func_80117864,new,
X017,80117928,196,func_80117928,new,
X004,8011d804,192,func_8011D804,new,
X004,8011f41c,192,func_8011F41C,new,
X004,8012eca0,192,func_8012ECA0,new,
X004,8012f69c,192,func_8012F69C,new,
X006,8011cc18,192,func_8011CC18,new,
X009,8012030c,192,func_8012030C,new,
X016,801177b0,192,func_801177B0,new,
X017,8011974c,192,func_8011974C,new,
X004,80129194,188,func_80129194,new,
X005,80115f24,188,func_80115F24,new,
X009,80117bf0,188,func_80117BF0,new,
X009,8011c944,188,func_8011C944,new,
X010,8012e494,188,func_8012E494,new,
X010,8012e918,188,func_8012E918,new,
X014,8011cc1c,188,func_8011CC1C,new,
X014,8011e6b0,188,func_8011E6B0,new,
X017,80118440,188,func_80118440,new,
X001,8011d334,184,func_8011D334,new,
X001,80125f04,184,func_80125F04,new,
X003,8011910c,184,func_8011910C,new,
X003,8011b0b8,184,func_8011B0B8,new,
X003,8011d334,184,func_8011D334,new,
X003,80123c60,184,func_80123C60,new,
X004,8011d334,184,func_8011D334,new,
X004,8011ea30,184,func_8011EA30,new,
X004,80129f10,184,func_80129F10,new,
X006,8011d334,184,func_8011D334,new,
X009,801177f8,184,func_801177F8,new,
X010,8011af20,184,func_8011AF20,new,
X010,8011d334,184,func_8011D334,new,
X010,8012ed60,184,func_8012ED60,new,
X014,8011d604,184,func_8011D604,new,
X017,80118388,184,func_80118388,new,
X018,801170f4,184,func_801170F4,new,
X001,8011a528,180,func_8011A528,new,
X001,8011e358,180,func_8011E358,new,
X001,801369f8,180,func_801369F8,new,
X003,8011b270,180,func_8011B270,new,
X003,8011e0d8,180,func_8011E0D8,new,
X004,8012ed60,180,func_8012ED60,new,
X010,8012ee18,180,func_8012EE18,new,
X014,80117710,180,func_80117710,new,
X014,8011c758,180,func_8011C758,new,
X014,8011c80c,180,func_8011C80C,new,
X014,80121f90,180,func_80121F90,new,
X014,80123730,180,func_80123730,new,
X014,8012441c,180,func_8012441C,new,
X014,8012491c,180,func_8012491C,new,
X001,8011db5c,176,func_8011DB5C,new,
X001,80122214,176,func_80122214,new,
X004,8011d544,176,func_8011D544,new,
X004,8012b388,176,func_8012B388,new,
X005,801161a8,176,func_801161A8,new,
X006,80118440,176,func_80118440,new,
X009,801203cc,176,func_801203CC,new,
X010,8011bcac,176,func_8011BCAC,dup,X001:80122214
X014,80118390,176,func_80118390,new,
X014,801211f0,176,func_801211F0,new,
X001,80122c10,172,func_80122C10,new,
X001,80139a80,172,func_80139A80,new,
X003,80133708,172,func_80133708,new,
X004,80122c10,172,func_80122C10,new,
X004,8012bf58,172,func_8012BF58,new,
X009,8011ccd8,172,func_8011CCD8,new,
X009,80122c10,172,func_80122C10,new,
X010,8011d9a4,172,func_8011D9A4,new,
X010,8011e8e4,172,func_8011E8E4,new,
X010,80121994,172,func_80121994,dup,X010:8011e8e4
X010,80122c10,172,func_80122C10,new,
X014,8011d7e0,172,func_8011D7E0,new,
X014,80122c10,172,func_80122C10,new,
X001,8011d28c,168,func_8011D28C,new,
X001,8013bda0,168,func_8013BDA0,new,
X002,8011c628,168,func_8011C628,new,
X003,80117f98,168,func_80117F98,new,
X003,80118284,168,func_80118284,new,
X003,801251c4,168,func_801251C4,new,
X004,80117f98,168,func_80117F98,new,
X004,8011b170,168,func_8011B170,new,
X004,80129524,168,func_80129524,new,
X004,8012fb4c,168,func_8012FB4C,dup,X004:80129524
X005,801171a4,168,func_801171A4,dup,X004:80129524
X006,80117f98,168,func_80117F98,new,
X009,801294b4,168,func_801294B4,dup,X004:80129524
X009,8012a70c,168,func_8012A70C,dup,X002:8011c628
X010,80117f98,168,func_80117F98,new,
X010,80126ea0,168,func_80126EA0,new,
X011,80117f98,168,func_80117F98,new,
X011,80119940,168,func_80119940,dup,X004:80129524
X014,80117f98,168,func_80117F98,new,
X016,80117f98,168,func_80117F98,new,
X001,8011d73c,164,func_8011D73C,new,
X001,80125ae4,164,func_80125AE4,new,
X003,8011c758,164,func_8011C758,new,
X003,8012bcb8,164,func_8012BCB8,new,
X016,801169bc,164,func_801169BC,new,
X003,80133df4,160,func_80133DF4,new,
X004,80126c50,160,func_80126C50,new,
X006,8011ccd8,160,func_8011CCD8,new,
X009,801231f4,160,func_801231F4,new,
X011,80117ef8,160,func_80117EF8,new,
X003,80116920,156,func_80116920,new,
X003,80119c4c,156,func_80119C4C,new,
X003,8011b7d4,156,func_8011B7D4,new,
X003,8011fc84,156,func_8011FC84,new,
X003,8011fec8,156,func_8011FEC8,new,
X006,80116920,156,func_80116920,new,
X006,8011aee8,156,func_8011AEE8,new,
X009,80116920,156,func_80116920,new,
X009,80121434,156,func_80121434,new,
X009,80122410,156,func_80122410,new,
X010,80116920,156,func_80116920,new,
X010,8011f518,156,func_8011F518,new,
X011,801174c4,156,func_801174C4,new,
X013,80116920,156,func_80116920,new,
X013,80117c10,156,func_80117C10,new,
X014,80116920,156,func_80116920,new,
X016,80116920,156,func_80116920,new,
X017,80116920,156,func_80116920,new,
X018,80116920,156,func_80116920,new,
X002,80118ff0,152,func_80118FF0,new,
X003,80133668,152,func_80133668,new,
X003,80134080,152,func_80134080,dup,X003:80133668
X003,8013433c,152,func_8013433C,dup,X003:80133668
X003,80134630,152,func_80134630,dup,X003:80133668
X004,8012d9c8,152,func_8012D9C8,dup,X003:80133668
X004,8012dc5c,152,func_8012DC5C,dup,X003:80133668
X005,8011762c,152,func_8011762C,dup,X003:80133668
X009,80129acc,152,func_80129ACC,new,
X010,8011ddc0,152,func_8011DDC0,new,
X010,8012d5d8,152,func_8012D5D8,dup,X003:80133668
X011,80116924,152,func_80116924,new,
X011,80119ba8,152,func_80119BA8,dup,X003:80133668
X014,80123698,152,func_80123698,new,
X016,80117190,152,func_80117190,dup,X003:80133668
X016,80117408,152,func_80117408,dup,X003:80133668
X018,801173ec,152,func_801173EC,dup,X003:80133668
X001,80117cdc,148,func_80117CDC,new,
X002,80116928,148,func_80116928,new,
X003,8011f474,148,func_8011F474,new,
X004,8011c96c,148,func_8011C96C,new,
X004,8011f9e0,148,func_8011F9E0,new,
X004,80123750,148,func_80123750,new,
X006,8011bcac,148,func_8011BCAC,new,
X011,801180ac,148,func_801180AC,new,
X014,80119610,148,func_80119610,new,
X014,8011ccd8,148,func_8011CCD8,new,
X014,80122a18,148,func_80122A18,new,
X016,8011658c,148,func_8011658C,new,
X018,80117fac,148,func_80117FAC,new,
X001,8011886c,144,func_8011886C,new,
X001,80124410,144,func_80124410,new,
X001,80126fe4,144,func_80126FE4,new,
X002,80117f98,144,func_80117F98,new,
X010,8011da50,144,func_8011DA50,new,
X013,80115f24,144,func_80115F24,new,
X013,80117f98,144,func_80117F98,new,
X016,80116e60,144,func_80116E60,new,
X001,80124348,140,func_80124348,new,
X004,8011c540,140,func_8011C540,new,
X004,8011f4dc,140,func_8011F4DC,new,
X004,801300b0,140,func_801300B0,new,
X009,80117cbc,140,func_80117CBC,new,
X009,8011b47c,140,func_8011B47C,new,
X009,80120280,140,func_80120280,new,
X010,8012d858,140,func_8012D858,new,
X013,80117928,140,func_80117928,new,
X014,80116c10,140,func_80116C10,new,
X014,80118440,140,func_80118440,new,
X014,801227c0,140,func_801227C0,new,
X016,80116efc,140,func_80116EFC,dup,X010:8012d858
X001,80118910,136,func_80118910,new,
X001,8011935c,136,func_8011935C,new,
X001,8011b74c,136,func_8011B74C,new,
X001,80122990,136,func_80122990,new,
X001,801242c0,136,func_801242C0,new,
X001,80128054,136,func_80128054,new,
X003,8011e2d0,136,func_8011E2D0,new,
X003,80122990,136,func_80122990,new,
X004,80122990,136,func_80122990,new,
X009,80122044,136,func_80122044,new,
X010,8011b170,136,func_8011B170,new,
X010,80122990,136,func_80122990,new,
X014,80120638,136,func_80120638,new,
X014,80122990,136,func_80122990,new,
X001,801191e4,132,func_801191E4,new,
X001,8012767c,132,func_8012767C,new,
X002,80117cec,132,func_80117CEC,new,
X004,801295cc,132,func_801295CC,dup,X002:80117cec
X010,8011de64,132,func_8011DE64,new,
X011,80118568,132,func_80118568,new,
X016,80117d80,132,func_80117D80,new,
X018,80116b58,132,func_80116B58,dup,X002:80117cec
X018,8011774c,132,func_8011774C,dup,X002:80117cec
X001,80126f64,128,func_80126F64,new,
X001,80136aac,128,func_80136AAC,new,
X002,801182ac,128,func_801182AC,new,
X004,8011ca00,128,func_8011CA00,new,
X004,8012e6d0,128,func_8012E6D0,new,
X009,80116d50,128,func_80116D50,new,
X009,80121540,128,func_80121540,new,
X010,8011a448,128,func_8011A448,new,
X014,80116c9c,128,func_80116C9C,new,
X014,80121170,128,func_80121170,new,
X016,8011650c,128,func_8011650C,new,
X018,801168a0,128,func_801168A0,new,
X001,8011dae0,124,func_8011DAE0,new,
X001,80125868,124,func_80125868,new,
X003,80129148,124,func_80129148,new,
X003,801291c4,124,func_801291C4,dup,X003:80129148
X003,801295b0,124,func_801295B0,dup,X003:80129148
X004,8011d2b8,124,func_8011D2B8,new,
X004,8011e0d8,124,func_8011E0D8,new,
X009,80116dd0,124,func_80116DD0,new,
X014,8011cba0,124,func_8011CBA0,new,
X014,8011d370,124,func_8011D370,new,
X017,80117f98,124,func_80117F98,new,
X018,8011a038,124,func_8011A038,new,
X001,80124ba8,120,func_80124BA8,new,
X001,80127fdc,120,func_80127FDC,dup,X001:80124ba8
X002,80119710,120,func_80119710,new,
X003,8011d84c,120,func_8011D84C,new,
X003,80122c44,120,func_80122C44,new,
X004,8012f094,120,func_8012F094,new,
X006,801184f0,120,func_801184F0,new,
X006,8011bc34,120,func_8011BC34,new,
X009,801178b0,120,func_801178B0,new,
X009,8011b330,120,func_8011B330,new,
X010,8011dd48,120,func_8011DD48,new,
X011,80117c34,120,func_80117C34,new,
X014,8011709c,120,func_8011709C,new,
X014,801184cc,120,func_801184CC,new,
X016,80117cbc,120,func_80117CBC,new,
X003,80121fd0,116,func_80121FD0,new,
X003,80123b20,116,func_80123B20,new,
X003,80134c84,116,func_80134C84,new,
X004,8011fa74,116,func_8011FA74,new,
X004,8013013c,116,func_8013013C,dup,X003:80134c84
X009,8011ae94,116,func_8011AE94,new,
X009,8011d378,116,func_8011D378,new,
X009,8011e064,116,func_8011E064,new,
X010,8011df8c,116,func_8011DF8C,new,
X010,8012de2c,116,func_8012DE2C,dup,X003:80134c84
X013,80116cdc,116,func_80116CDC,new,
X016,80118824,116,func_80118824,new,
X017,80118568,116,func_80118568,new,
X018,80117c38,116,func_80117C38,new,
X001,80116920,112,func_80116920,new,
X001,801196e0,112,func_801196E0,new,
X003,8011ca00,112,func_8011CA00,new,
X009,8011d5f4,112,func_8011D5F4,new,
X009,801214d0,112,func_801214D0,new,
X009,801215c0,112,func_801215C0,dup,X009:801214d0
X009,80121630,112,func_80121630,dup,X009:801214d0
X014,8012284c,112,func_8012284C,new,
X016,80117928,112,func_80117928,new,
X002,80118040,108,func_80118040,new,
X003,80118040,108,func_80118040,new,
X003,8011d7e0,108,func_8011D7E0,new,
X003,8011f38c,108,func_8011F38C,new,
X003,8012d4ac,108,func_8012D4AC,new,
X004,80118040,108,func_80118040,new,
X004,80122410,108,func_80122410,new,
X005,80116920,108,func_80116920,new,
X006,80118040,108,func_80118040,new,
X009,80118040,108,func_80118040,new,
X009,801229ac,108,func_801229AC,new,
X010,80118040,108,func_80118040,new,
X011,80118040,108,func_80118040,new,
X013,80118040,108,func_80118040,new,
X017,80118040,108,func_80118040,new,
X017,801184fc,108,func_801184FC,new,
X018,80118040,108,func_80118040,new,
X001,8011faa8,104,func_8011FAA8,new,
X001,80126cc4,104,func_80126CC4,new,
X003,8011fa6c,104,func_8011FA6C,new,
X004,8011f978,104,func_8011F978,new,
X008,80115f24,104,func_80115F24,new,
X009,80121790,104,func_80121790,new,
X014,80117428,104,func_80117428,new,
X001,80123b30,100,func_80123B30,new,
X001,801300b0,100,func_801300B0,new,
X009,801213d0,100,func_801213D0,new,
X014,80118048,100,func_80118048,new,
X014,8011832c,100,func_8011832C,new,
X014,80121d08,100,func_80121D08,new,
X016,80118910,100,func_80118910,new,
X001,80115ec4,96,func_80115EC4,new,
X001,80116258,96,func_80116258,new,
X002,80115ec4,96,func_80115EC4,new,
X002,80116258,96,func_80116258,new,
X002,8011a0b4,96,func_8011A0B4,new,
X003,80115ec4,96,func_80115EC4,new,
X003,80116258,96,func_80116258,new,
X003,8012b5dc,96,func_8012B5DC,new,
X004,80115ec4,96,func_80115EC4,new,
X004,80116258,96,func_80116258,new,
X005,80115ec4,96,func_80115EC4,new,
X006,80115ec4,96,func_80115EC4,new,
X006,80116258,96,func_80116258,new,
X008,80115ec4,96,func_80115EC4,new,
X009,80115ec4,96,func_80115EC4,new,
X009,80117464,96,func_80117464,new,
X009,80118910,96,func_80118910,new,
X009,8011a448,96,func_8011A448,new,
X010,80115ec4,96,func_80115EC4,new,
X010,80116258,96,func_80116258,new,
X010,8012ecd8,96,func_8012ECD8,new,
X011,80115ec4,96,func_80115EC4,new,
X011,80116258,96,func_80116258,new,
X013,80115ec4,96,func_80115EC4,new,
X013,80116258,96,func_80116258,new,
X014,80116258,96,func_80116258,new,
X014,8011ca00,96,func_8011CA00,new,
X016,80115ec4,96,func_80115EC4,new,
X016,80116258,96,func_80116258,new,
X017,80115ec4,96,func_80115EC4,new,
X017,80116258,96,func_80116258,new,
X018,80115ec4,96,func_80115EC4,new,
X018,80116258,96,func_80116258,new,
X019,80115ec4,96,func_80115EC4,new,
X003,8011f330,92,func_8011F330,new,
X003,8011f418,92,func_8011F418,dup,X003:8011f330
X004,8012a2c0,92,func_8012A2C0,new,
X005,80116258,92,func_80116258,new,
X006,80117468,92,func_80117468,new,
X009,80117fe4,92,func_80117FE4,new,
X010,80122bb4,92,func_80122BB4,new,
X014,801178cc,92,func_801178CC,new,
X014,80117c50,92,func_80117C50,new,
X014,8011b7d4,92,func_8011B7D4,new,
X014,8011d948,92,func_8011D948,new,
X001,8011c574,88,func_8011C574,new,
X001,801258e4,88,func_801258E4,new,
X001,8012593c,88,func_8012593C,dup,X001:801258e4
X003,8011d59c,88,func_8011D59C,new,
X005,80116cf8,88,func_80116CF8,new,
X018,8011a448,88,func_8011A448,new,
X001,80121b58,84,func_80121B58,new,
X003,80121b58,84,func_80121B58,new,
X003,801289c8,84,func_801289C8,new,
X004,80121b58,84,func_80121B58,new,
X004,801280c0,84,func_801280C0,dup,X003:801289c8
X004,80129b64,84,func_80129B64,dup,X003:801289c8
X004,8012a26c,84,func_8012A26C,dup,X003:801289c8
X009,80121b58,84,func_80121B58,new,
X009,80128af8,84,func_80128AF8,dup,X003:801289c8
X010,8011658c,84,func_8011658C,new,
X010,801174c4,84,func_801174C4,new,
X010,80121b58,84,func_80121B58,new,
X010,80125dac,84,func_80125DAC,dup,X003:801289c8
X014,801169bc,84,func_801169BC,new,
X014,80121b58,84,func_80121B58,new,
X017,801171d0,84,func_801171D0,new,
X017,801180bc,84,func_801180BC,dup,X017:801171d0
X001,80124058,80,func_80124058,new,
X002,8011658c,80,func_8011658C,new,
X002,8011c5cc,80,func_8011C5CC,new,
X004,8011c708,80,func_8011C708,new,
X004,8011e154,80,func_8011E154,new,
X004,8011f3cc,80,func_8011F3CC,new,
X004,8011f568,80,func_8011F568,new,
X006,801183f0,80,func_801183F0,new,
X006,8011e364,80,func_8011E364,new,
X010,8011df3c,80,func_8011DF3C,dup,X004:8011f568
X010,8012e8c8,80,func_8012E8C8,new,
X014,8011a448,80,func_8011A448,new,
X014,8011cff0,80,func_8011CFF0,dup,X004:8011f568
X014,8011d8f8,80,func_8011D8F8,new,
X016,801180ac,80,func_801180AC,new,
X017,80118b30,80,func_80118B30,new,
X001,80117d70,76,func_80117D70,new,
X001,8011dd48,76,func_8011DD48,new,
X003,8011cc8c,76,func_8011CC8C,new,
X004,8011beac,76,func_8011BEAC,new,
X004,801274b0,76,func_801274B0,new,
X009,80117f98,76,func_80117F98,new,
X009,801220cc,76,func_801220CC,new,
X013,801180ac,76,func_801180AC,new,
X014,8011e1a4,76,func_8011E1A4,new,
X014,80122f54,76,func_80122F54,new,
X014,80123d18,76,func_80123D18,new,
X016,80117d34,76,func_80117D34,new,
X001,80125fbc,72,func_80125FBC,new,
X003,801202e4,72,func_801202E4,dup,X001:80125fbc
X010,8011f5b4,72,func_8011F5B4,dup,X001:80125fbc
X010,8011f5fc,72,func_8011F5FC,new,
X017,801174c4,72,func_801174C4,new,
X004,8011b438,68,func_8011B438,new,
X009,8011d334,68,func_8011D334,new,
X009,801237e4,68,func_801237E4,new,
X010,8011a1e0,68,func_8011A1E0,new,
X010,80122878,68,func_80122878,new,
X010,8012d1bc,68,func_8012D1BC,new,
X001,8011dc0c,64,func_8011DC0C,new,
X001,80122f14,64,func_80122F14,new,
X003,80122f14,64,func_80122F14,new,
X003,80133b9c,64,func_80133B9C,new,
X004,8011dc0c,64,func_8011DC0C,new,
X004,80122f14,64,func_80122F14,new,
X006,8011dc0c,64,func_8011DC0C,new,
X009,80116278,64,func_80116278,new,
X009,8011dc0c,64,func_8011DC0C,new,
X009,80121d2c,64,func_80121D2C,new,
X009,80122f14,64,func_80122F14,new,
X014,801168c0,64,func_801168C0,new,
X014,8011dc0c,64,func_8011DC0C,new,
X018,80117484,64,func_80117484,new,
X001,801243d4,60,func_801243D4,new,
X003,8011d2f8,60,func_8011D2F8,new,
X004,80122a18,60,func_80122A18,new,
X006,80116764,60,func_80116764,new,
X011,80116d14,60,func_80116D14,new,
X014,8011d334,60,func_8011D334,new,
X014,80122f18,60,func_80122F18,new,
X003,8011dc0c,56,func_8011DC0C,new,
X003,80121398,56,func_80121398,new,
X004,8011b138,56,func_8011B138,new,
X004,801298dc,56,func_801298DC,new,
X006,8011bbfc,56,func_8011BBFC,new,
X006,8011e514,56,func_8011E514,new,
X014,8011d88c,56,func_8011D88C,new,
X014,8011f850,56,func_8011F850,new,
X014,8011f888,56,func_8011F888,dup,X014:8011f850
X016,80117f60,56,func_80117F60,new,
X016,80118074,56,func_80118074,new,
X017,80116d18,56,func_80116D18,new,
X002,801178f4,52,func_801178F4,new,
X002,80118534,52,func_80118534,new,
X003,80122c10,52,func_80122C10,new,
X004,8012747c,52,func_8012747C,new,
X010,8011dee8,52,func_8011DEE8,new,
X010,801212a0,52,func_801212A0,new,
X010,80122f14,52,func_80122F14,new,
X014,80116d1c,52,func_80116D1C,new,
X014,80117490,52,func_80117490,new,
X014,8011d8c4,52,func_8011D8C4,new,
X016,80118040,52,func_80118040,new,
X001,80125044,48,func_80125044,new,
X001,80125074,48,func_80125074,dup,X001:80125044
X002,80117cbc,48,func_80117CBC,new,
X002,8011832c,48,func_8011832C,new,
X003,80117494,48,func_80117494,new,
X003,8012b63c,48,func_8012B63C,new,
X005,8011698c,48,func_8011698C,new,
X006,8011658c,48,func_8011658C,new,
X006,8011af84,48,func_8011AF84,new,
X009,80121934,48,func_80121934,new,
X009,80123ce8,48,func_80123CE8,new,
X009,8012452c,48,func_8012452C,new,
X010,801210b4,48,func_801210B4,new,
X014,8011d7b0,48,func_8011D7B0,new,
X014,8011dae0,48,func_8011DAE0,new,
X018,801182fc,48,func_801182FC,new,
X001,80116990,44,func_80116990,new,
X014,8011d9a4,44,func_8011D9A4,new,
X017,80118014,44,func_80118014,new,
X001,8011d264,40,func_8011D264,new,
X001,8011e688,40,func_8011E688,new,
X002,8011e688,40,func_8011E688,new,
X003,8011e688,40,func_8011E688,new,
X004,8011e688,40,func_8011E688,new,
X004,80121d44,40,func_80121D44,new,
X004,80129bb8,40,func_80129BB8,new,
X006,80118304,40,func_80118304,new,
X006,8011e688,40,func_8011E688,new,
X009,8011e688,40,func_8011E688,new,
X010,80118418,40,func_80118418,new,
X010,8011dc0c,40,func_8011DC0C,new,
X010,8011e688,40,func_8011E688,new,
X014,8011e688,40,func_8011E688,new,
X017,80117c84,40,func_80117C84,new,
X001,80117dbc,36,func_80117DBC,new,
X004,8011d7e0,36,func_8011D7E0,new,
X004,801231d0,36,func_801231D0,new,
X009,801212a0,36,func_801212A0,new,
X010,8012eb7c,36,func_8012EB7C,new,
X014,80118544,36,func_80118544,new,
X014,801213d0,36,func_801213D0,new,
X014,8012176c,36,func_8012176C,new,
X018,80118568,36,func_80118568,new,
X001,80117cbc,32,func_80117CBC,new,
X001,8012538c,32,func_8012538C,new,
X003,8011d3ec,32,func_8011D3EC,new,
X004,8011f5b8,32,func_8011F5B8,dup,X001:8012538c
X009,80116258,32,func_80116258,new,
X010,801213d0,32,func_801213D0,new,
X010,801220f8,32,func_801220F8,new,
X014,80116900,32,func_80116900,new,
X014,8011eae8,32,func_8011EAE8,new,
X001,8011b47c,28,func_8011B47C,new,
X001,80121774,28,func_80121774,piece,X000:8011b7d4
X003,8011b460,28,func_8011B460,new,
X004,8012df90,28,func_8012DF90,piece,X000:8011b7d4
X009,8011d664,28,func_8011D664,piece,X000:8011b7d4
X009,80122990,28,func_80122990,new,
X017,80117e80,28,func_80117E80,piece,X000:8011b7d4
X018,8011658c,28,func_8011658C,new,
X001,8011a1a8,24,func_8011A1A8,piece,X000:80121e38
X001,8013b504,24,func_8013B504,new,
X002,80118028,24,func_80118028,new,
X002,8011866c,24,func_8011866C,piece,X000:80121e38
X003,8011e18c,24,func_8011E18C,piece,X000:80121e38
X003,80128048,24,func_80128048,piece,X000:80121e38
X004,8011bef8,24,func_8011BEF8,piece,X000:80121e38
X004,8012f4f0,24,func_8012F4F0,new,
X006,8011dbf4,24,func_8011DBF4,new,
X010,8011dc34,24,func_8011DC34,new,
X010,8012eb64,24,func_8012EB64,dup,X004:8012f4f0
X011,80116670,24,func_80116670,piece,X000:80121e38
X013,801162b8,24,func_801162B8,new,
X013,801166e0,24,func_801166E0,new,
X013,80118028,24,func_80118028,new,
X014,80118314,24,func_80118314,new,
X014,8011ee38,24,func_8011EE38,piece,X000:80121e38
X016,801162b8,24,func_801162B8,piece,X000:80121e38
X016,801174a0,24,func_801174A0,dup,X004:8012f4f0
X016,80118440,24,func_80118440,new,
X001,801188fc,20,func_801188FC,new,
X001,8011c144,20,func_8011C144,piece,X000:8011a628
X001,801312e4,20,func_801312E4,piece,X000:8011a628
X002,801188fc,20,func_801188FC,new,
X003,801188fc,20,func_801188FC,new,
X003,8011adc0,20,func_8011ADC0,piece,X000:8011a628
X003,8012f220,20,func_8012F220,piece,X000:8011a628
X003,8012f39c,20,func_8012F39C,piece,X000:8011a628
X004,80116920,20,func_80116920,new,
X004,80116d3c,20,func_80116D3C,new,
X004,801188fc,20,func_801188FC,new,
X004,80126cf0,20,func_80126CF0,piece,X000:8011a628
X004,8012e1f0,20,func_8012E1F0,piece,X000:8011a628
X004,8012e438,20,func_8012E438,piece,X000:8011a628
X004,8012f260,20,func_8012F260,piece,X000:8011a628
X004,8012f64c,20,func_8012F64C,piece,X000:8011a628
X005,801188fc,20,func_801188FC,new,
X006,801188fc,20,func_801188FC,new,
X009,8011658c,20,func_8011658C,new,
X009,80117eac,20,func_80117EAC,piece,X000:8011a628
X009,801188fc,20,func_801188FC,piece,X000:8011a628
X009,80123cd4,20,func_80123CD4,piece,X000:8011a628
X009,80129900,20,func_80129900,new,
X010,80117518,20,func_80117518,piece,X000:8011a628
X010,801188fc,20,func_801188FC,new,
X010,8012ecc4,20,func_8012ECC4,piece,X000:8011a628
X011,801188fc,20,func_801188FC,new,
X013,801188fc,20,func_801188FC,new,
X014,801188fc,20,func_801188FC,new,
X016,801188fc,20,func_801188FC,new,
X018,801169bc,20,func_801169BC,new,
X018,80117f98,20,func_80117F98,new,
X018,801188fc,20,func_801188FC,new,
X001,80117cac,16,func_80117CAC,new,
X002,801174b4,16,func_801174B4,new,
X002,80117cac,16,func_80117CAC,new,
X002,8011835c,16,func_8011835C,piece,X000:8011de74
X003,80117cac,16,func_80117CAC,new,
X004,80117cac,16,func_80117CAC,new,
X004,8011b7c4,16,func_8011B7C4,new,
X004,80124ac8,16,func_80124AC8,piece,X000:8011de74
X004,8012dfac,16,func_8012DFAC,new,
X005,80117cac,16,func_80117CAC,new,
X006,80117cac,16,func_80117CAC,new,
X008,80117cac,16,func_80117CAC,new,
X009,80117cac,16,func_80117CAC,new,
X009,8011af08,16,func_8011AF08,piece,X000:8011de74
X010,80118558,16,func_80118558,dup,X004:8011b7c4
X010,801227f4,16,func_801227F4,piece,X000:8011de74
X011,80117cac,16,func_80117CAC,new,
X013,80117cac,16,func_80117CAC,new,
X014,80117cac,16,func_80117CAC,new,
X014,8011d5f4,16,func_8011D5F4,piece,X000:8011de74
X014,8011dc4c,16,func_8011DC4C,new,
X016,80117cac,16,func_80117CAC,new,
X017,80117cac,16,func_80117CAC,new,
X017,801180ac,16,func_801180AC,dup,X014:8011dc4c
X017,801188fc,16,func_801188FC,piece,X000:8011de74
X018,80117cac,16,func_80117CAC,new,
X001,800fb414,12,func_800FB414,new,
X001,8011b164,12,func_8011B164,new,
X001,8013a0cc,12,func_8013A0CC,new,
X001,8013a4a4,12,func_8013A4A4,dup,X001:8013a0cc
X001,8013b338,12,func_8013B338,dup,X001:8013a0cc
X001,8013b978,12,func_8013B978,dup,X001:8013a0cc
X002,800fb414,12,func_800FB414,dup,X001:800fb414
X002,80119908,12,func_80119908,dup,X001:8013a0cc
X002,8011c61c,12,func_8011C61C,dup,X001:8013a0cc
X003,800fb414,12,func_800FB414,dup,X001:800fb414
X003,8011b324,12,func_8011B324,new,
X003,801332c0,12,func_801332C0,dup,X001:8013a0cc
X003,8013365c,12,func_8013365C,dup,X001:8013a0cc
X003,80133a20,12,func_80133A20,dup,X001:8013a0cc
X003,80133de8,12,func_80133DE8,dup,X001:8013a0cc
X003,80134074,12,func_80134074,dup,X001:8013a0cc
X003,80134624,12,func_80134624,dup,X001:8013a0cc
X004,800fb414,12,func_800FB414,dup,X001:800fb414
X004,801188f0,12,func_801188F0,new,
X004,8012d9bc,12,func_8012D9BC,dup,X001:8013a0cc
X004,8012dc50,12,func_8012DC50,dup,X001:8013a0cc
X004,8012df08,12,func_8012DF08,dup,X001:8013a0cc
X004,8012e6c4,12,func_8012E6C4,dup,X001:8013a0cc
X004,8012e81c,12,func_8012E81C,dup,X001:8013a0cc
X004,8012ea24,12,func_8012EA24,dup,X001:8013a0cc
X004,8012f350,12,func_8012F350,dup,X001:8013a0cc
X004,8012f690,12,func_8012F690,dup,X001:8013a0cc
X005,800fb414,12,func_800FB414,dup,X001:800fb414
X005,80117620,12,func_80117620,dup,X001:8013a0cc
X006,800fb414,12,func_800FB414,dup,X001:800fb414
X006,8011e358,12,func_8011E358,new,
X008,800fb414,12,func_800FB414,dup,X001:800fb414
X009,800fb414,12,func_800FB414,dup,X001:800fb414
X009,80122f08,12,func_80122F08,new,
X009,80129b64,12,func_80129B64,dup,X001:8013a0cc
X009,8012a700,12,func_8012A700,dup,X001:8013a0cc
X010,800fb414,12,func_800FB414,dup,X001:800fb414
X010,8011a0b4,12,func_8011A0B4,new,
X010,8011de58,12,func_8011DE58,new,
X010,80122f48,12,func_80122F48,new,
X010,8012d5cc,12,func_8012D5CC,dup,X001:8013a0cc
X010,8012d84c,12,func_8012D84C,dup,X001:8013a0cc
X010,8012e488,12,func_8012E488,dup,X001:8013a0cc
X010,8012e9d4,12,func_8012E9D4,dup,X001:8013a0cc
X010,8012ed38,12,func_8012ED38,dup,X001:8013a0cc
X010,8012eed4,12,func_8012EED4,dup,X001:8013a0cc
X011,800fb414,12,func_800FB414,dup,X001:800fb414
X011,80119b9c,12,func_80119B9C,dup,X001:8013a0cc
X013,800fb414,12,func_800FB414,dup,X001:800fb414
X014,800fb414,12,func_800FB414,dup,X001:800fb414
X014,8011d3ec,12,func_8011D3EC,new,
X014,80121b4c,12,func_80121B4C,dup,X010:80122f48
X016,800fb414,12,func_800FB414,dup,X001:800fb414
X016,80116ef0,12,func_80116EF0,dup,X001:8013a0cc
X016,80117184,12,func_80117184,dup,X001:8013a0cc
X016,801173fc,12,func_801173FC,dup,X001:8013a0cc
X016,801174b8,12,func_801174B8,new,
X016,80117998,12,func_80117998,dup,X001:8013a0cc
X017,800fb414,12,func_800FB414,dup,X001:800fb414
X017,8011832c,12,func_8011832C,new,
X017,80118874,12,func_80118874,dup,X001:8013a0cc
X017,80118b80,12,func_80118B80,dup,X001:8013a0cc
X017,80119740,12,func_80119740,dup,X001:8013a0cc
X018,800fb414,12,func_800FB414,dup,X001:800fb414
X018,801173e0,12,func_801173E0,dup,X001:8013a0cc
X019,800fb414,12,func_800FB414,dup,X001:800fb414
X001,800edc0c,8,func_800EDC0C,new,
X001,801128f0,8,func_801128F0,new,
X001,80113cc0,8,func_80113CC0,new,
X002,800edc0c,8,func_800EDC0C,new,
X002,801128f0,8,func_801128F0,new,
X002,80113cc0,8,func_80113CC0,new,
X002,8011c6d0,8,func_8011C6D0,new,
X003,800edc0c,8,func_800EDC0C,new,
X003,801128f0,8,func_801128F0,new,
X003,80113cc0,8,func_80113CC0,new,
X003,8011dc44,8,func_8011DC44,new,
X003,80133654,8,func_80133654,new,
X003,80133700,8,func_80133700,new,
X003,80133b94,8,func_80133B94,new,
X003,8013406c,8,func_8013406C,new,
X003,8013461c,8,func_8013461C,new,
X004,800edc0c,8,func_800EDC0C,new,
X004,801128f0,8,func_801128F0,new,
X004,80113cc0,8,func_80113CC0,new,
X004,8012d9b4,8,func_8012D9B4,new,
X004,8012dc48,8,func_8012DC48,new,
X004,8012df00,8,func_8012DF00,new,
X004,8012e814,8,func_8012E814,new,
X004,8012ea1c,8,func_8012EA1C,new,
X005,800edc0c,8,func_800EDC0C,new,
X005,801128f0,8,func_801128F0,new,
X005,80113cc0,8,func_80113CC0,new,
X005,80117618,8,func_80117618,new,
X006,800edc0c,8,func_800EDC0C,new,
X006,801128f0,8,func_801128F0,new,
X006,80113cc0,8,func_80113CC0,new,
X008,800edc0c,8,func_800EDC0C,new,
X008,801128f0,8,func_801128F0,new,
X008,80113cc0,8,func_80113CC0,new,
X009,800edc0c,8,func_800EDC0C,new,
X009,801128f0,8,func_801128F0,new,
X009,80113cc0,8,func_80113CC0,new,
X010,800edc0c,8,func_800EDC0C,new,
X010,801128f0,8,func_801128F0,new,
X010,80113cc0,8,func_80113CC0,new,
X010,8011a1d8,8,func_8011A1D8,new,
X010,8012d5c4,8,func_8012D5C4,new,
X010,8012d670,8,func_8012D670,new,
X010,8012eecc,8,func_8012EECC,new,
X011,800edc0c,8,func_800EDC0C,new,
X011,801128f0,8,func_801128F0,new,
X011,80113cc0,8,func_80113CC0,new,
X011,801199e8,8,func_801199E8,new,
X011,80119b94,8,func_80119B94,new,
X013,800edc0c,8,func_800EDC0C,new,
X013,801128f0,8,func_801128F0,new,
X013,80113cc0,8,func_80113CC0,new,
X014,800edc0c,8,func_800EDC0C,new,
X014,801128f0,8,func_801128F0,new,
X014,80113cc0,8,func_80113CC0,new,
X016,800edc0c,8,func_800EDC0C,new,
X016,801128f0,8,func_801128F0,new,
X016,80113cc0,8,func_80113CC0,new,
X016,80116e58,8,func_80116E58,new,
X016,8011717c,8,func_8011717C,new,
X016,801173f4,8,func_801173F4,new,
X017,800edc0c,8,func_800EDC0C,new,
X017,801128f0,8,func_801128F0,new,
X017,80113cc0,8,func_80113CC0,new,
X017,801185dc,8,func_801185DC,new,
X018,800edc0c,8,func_800EDC0C,new,
X018,801128f0,8,func_801128F0,new,
X018,80113cc0,8,func_80113CC0,new,
X018,801173d8,8,func_801173D8,new,
X019,800edc0c,8,func_800EDC0C,new,
X019,801128f0,8,func_801128F0,new,
X019,80113cc0,8,func_80113CC0,new,
X001,8011e0d4,4,func_8011E0D4,new,
X002,801169bc,4,func_801169BC,new,
X004,8011de60,4,func_8011DE60,new,
X005,801162b4,4,func_801162B4,new,
X006,80116254,4,func_80116254,new,
X009,80117928,4,func_80117928,new,
X011,80116920,4,func_80116920,new,
X011,80118328,4,func_80118328,new,
X014,80122f14,4,func_80122F14,new,
X017,8011890c,4,func_8011890C,new,
