prog,address,size,name
X000,80118438,8,FUN_80118438
X000,8011a448,8,thunk_FUN_8011a628
X000,8011de64,8,thunk_FUN_8011de74
MAIN0,80068ae4,12,FUN_80068ae4
MAIN0,8006a254,12,FUN_8006a254
X000,8011e1a4,12,FUN_8011e1a4
X000,801212a0,12,FUN_801212a0
X000,80121b58,12,thunk_FUN_80121e38
X000,8012d4ac,12,thunk_FUN_8012d7e0
MAIN0,80068f94,16,GetVideoMode
MAIN0,8006b720,16,FUN_8006b720
X000,80117cac,16,FUN_80117cac
X000,8011d5f4,16,FUN_8011d5f4
X000,8011d8c4,16,FUN_8011d8c4
X000,8011de74,16,FUN_8011de74
MAIN0,8006adc8,20,FUN_8006adc8
MAIN0,8006ae3c,20,FUN_8006ae3c
X000,801188fc,20,FUN_801188fc
X000,8011a628,20,FUN_8011a628
X000,8011e0d8,20,FUN_8011e0d8
X000,8012f36c,20,FUN_8012f36c
X000,8012fe84,20,FUN_8012fe84
MAIN0,8001fd94,24,ObjAddVelY7E
MAIN0,800277f8,24,FUN_800277f8
X000,8011b330,24,FUN_8011b330
X000,8011dd30,24,FUN_8011dd30
X000,80121e38,24,FUN_80121e38
MAIN0,8001fe6c,28,AnimLoadDuration
X000,8011b7d4,28,FUN_8011b7d4
X000,80122410,28,FUN_80122410
X000,8012d7e0,28,FUN_8012d7e0
MAIN0,8001eb64,32,FUN_8001eb64
MAIN0,80068fc4,32,FUN_80068fc4
MAIN0,8006ada8,32,FUN_8006ada8
MAIN0,8006addc,32,FUN_8006addc
MAIN0,8006adfc,32,FUN_8006adfc
MAIN0,8006ae1c,32,FUN_8006ae1c
MAIN0,8006bf84,32,FUN_8006bf84
MAIN0,8006eb00,32,FUN_8006eb00
MAIN0,8007131c,32,FUN_8007131c
MAIN0,8007133c,32,FUN_8007133c
MAIN0,80074b6c,32,FUN_80074b6c
X000,801128f8,32,FUN_801128f8
X000,8011379c,32,FUN_8011379c
X000,8011d3ec,32,FUN_8011d3ec
X000,8011dc0c,32,FUN_8011dc0c
X000,80124efc,32,FUN_80124efc
X000,80124f1c,32,FUN_80124f1c
X000,80124fd4,32,FUN_80124fd4
MAIN0,8001f690,36,SfxStopAll
X000,8012127c,36,FUN_8012127c
MAIN0,8001eaa4,40,FUN_8001eaa4
MAIN0,8001fa60,40,FUN_8001fa60
MAIN0,8001fb20,40,FUN_8001fb20
MAIN0,8002dcc8,40,FUN_8002dcc8
MAIN0,80038024,40,FUN_80038024
MAIN0,8006a200,40,FUN_8006a200
X000,8011b170,40,FUN_8011b170
MAIN0,80017d04,44,FUN_80017d04
MAIN0,80018128,44,FUN_80018128
MAIN0,80018154,44,FUN_80018154
MAIN0,80018254,44,FUN_80018254
MAIN0,80018280,44,FUN_80018280
MAIN0,8001fa88,44,FUN_8001fa88
MAIN0,8001faf4,44,FUN_8001faf4
MAIN0,8001fe94,44,AnimJump
MAIN0,8002dcf0,44,FUN_8002dcf0
MAIN0,8006957c,44,FUN_8006957c
X000,800ee428,44,FUN_800ee428
X000,8011b47c,44,FUN_8011b47c
X000,80121790,44,FUN_80121790
X000,80122044,44,FUN_80122044
MAIN0,80017f50,48,FUN_80017f50
MAIN0,80017fec,48,FUN_80017fec
MAIN0,800180f8,48,FUN_800180f8
MAIN0,8001f820,48,SoundShutdown
MAIN0,8001fce4,48,ObjApplyVelocity
MAIN0,8001fd48,48,FUN_8001fd48
MAIN0,8001fdac,48,MulNegSinScaled
MAIN0,8001fddc,48,MulCos
MAIN0,8001fe0c,48,MulNegSin
MAIN0,8001fe3c,48,MulCosDup
MAIN0,8004f38c,48,FUN_8004f38c
MAIN0,8004f3bc,48,FUN_8004f3bc
MAIN0,8006c544,48,FUN_8006c544
X000,8011465c,48,FUN_8011465c
X000,8011a418,48,FUN_8011a418
X000,80121b28,48,FUN_80121b28
X000,80124fa4,48,FUN_80124fa4
MAIN0,80017238,52,ThreadWaitFrames
MAIN0,80021aec,52,FUN_80021aec
MAIN0,8006bac4,52,FUN_8006bac4
MAIN0,8006f0e0,52,FUN_8006f0e0
X000,80118910,52,FUN_80118910
X000,8011d300,52,FUN_8011d300
X000,8011d9a4,52,FUN_8011d9a4
X000,80126d48,52,FUN_80126d48
MAIN0,80018980,56,PoolFree_1F800210
MAIN0,8001f620,56,MusicMute
MAIN0,8001f658,56,MusicUnmute
MAIN0,80027124,56,FUN_80027124
MAIN0,8002dc50,56,FUN_8002dc50
MAIN0,8004258c,56,FUN_8004258c
MAIN0,80069390,56,FUN_80069390
MAIN0,8006a564,56,FUN_8006a564
MAIN0,80018c2c,60,ObjListPush_1F800218
MAIN0,80018c68,60,ObjListPush_1F80021C
MAIN0,80018cf0,60,ObjListPush_1F800224
MAIN0,80018d2c,60,ObjListPush_1F800230
MAIN0,80018d68,60,ObjListPush_1F800228
MAIN0,80018da4,60,ObjListPush_1F80022C
MAIN0,8001e1ec,60,FUN_8001e1ec
MAIN0,8001f8e4,60,ObjSetFacingToPlayer
MAIN0,8003e300,60,ObjSpawnType0
MAIN0,8003e33c,60,ObjSpawnType1
MAIN0,8003e474,60,ObjSpawnType5
MAIN0,8003e4b0,60,ObjSpawnType8
X000,800ee4e0,60,FUN_800ee4e0
X000,80116d14,60,FUN_80116d14
X000,80117f98,60,FUN_80117f98
MAIN0,8001f9e0,64,Rand
MAIN0,8001fa20,64,FUN_8001fa20
MAIN0,8001fab4,64,FUN_8001fab4
MAIN0,8004fb68,64,FUN_8004fb68
X000,800eea3c,64,FUN_800eea3c
X000,800f0450,64,FUN_800f0450
X000,80114890,64,FUN_80114890
X000,80114a08,64,FUN_80114a08
X000,801229d8,64,FUN_801229d8
X000,80122f14,64,FUN_80122f14
X000,80124ebc,64,FUN_80124ebc
MAIN0,8001747c,68,FUN_8001747c
MAIN0,8001e288,68,FUN_8001e288
MAIN0,80028b40,68,FUN_80028b40
X000,80112be0,68,FUN_80112be0
X000,80126c60,68,FUN_80126c60
X000,80126d04,68,FUN_80126d04
MAIN0,80024e58,72,FUN_80024e58
MAIN0,80028420,72,FUN_80028420
MAIN0,8003e918,72,FUN_8003e918
MAIN0,800693c8,72,FUN_800693c8
MAIN0,80069410,72,FUN_80069410
X000,8010dd44,72,FUN_8010dd44
X000,80113754,72,FUN_80113754
X000,80121ae0,72,FUN_80121ae0
X000,80122990,72,FUN_80122990
MAIN0,8001703c,76,FUN_8001703c
MAIN0,800186f8,76,FUN_800186f8
MAIN0,80018744,76,FUN_80018744
MAIN0,80018934,76,FUN_80018934
MAIN0,80018ca4,76,ObjListPush_1F800220
MAIN0,8001726c,80,FUN_8001726c
MAIN0,8001c314,80,FUN_8001c314
MAIN0,80021f5c,80,FUN_80021f5c
X000,800ee680,80,ObjMotionStep
X000,8012de8c,80,FUN_8012de8c
MAIN0,80018790,84,FUN_80018790
MAIN0,800187e4,84,ObjFree
MAIN0,80018838,84,ObjFreeDup
MAIN0,8001888c,84,FUN_8001888c
MAIN0,800188e0,84,FUN_800188e0
MAIN0,8001c634,84,FUN_8001c634
MAIN0,80026bfc,84,FUN_80026bfc
MAIN0,8002b8cc,84,FUN_8002b8cc
MAIN0,8003e378,84,FUN_8003e378
MAIN0,8003e3cc,84,FUN_8003e3cc
MAIN0,8003e420,84,FUN_8003e420
MAIN0,8004fdc8,84,FUN_8004fdc8
X000,800ef490,84,FUN_800ef490
X000,80102a08,84,FUN_80102a08
X000,80106f98,84,FUN_80106f98
X000,80116920,84,FUN_80116920
MAIN0,80017328,88,FUN_80017328
MAIN0,8001c9a8,88,FUN_8001c9a8
MAIN0,800216c4,88,FUN_800216c4
MAIN0,8001715c,92,FUN_8001715c
MAIN0,80025b98,92,FUN_80025b98
MAIN0,8002715c,92,FUN_8002715c
MAIN0,80037e18,92,FUN_80037e18
MAIN0,8004fd6c,92,FUN_8004fd6c
X000,800ef150,92,FUN_800ef150
X000,8011dae0,92,FUN_8011dae0
MAIN0,8001e228,96,FUN_8001e228
MAIN0,8002078c,96,FUN_8002078c
X000,801043f4,96,FUN_801043f4
X000,80116258,96,FUN_80116258
X000,80126ca4,96,FUN_80126ca4
MAIN0,8001dad4,100,FUN_8001dad4
MAIN0,800335d4,100,FUN_800335d4
X000,800ea220,100,FUN_800ea220
X000,800f5014,100,FUN_800f5014
X000,80102a5c,100,FUN_80102a5c
X000,80103774,100,FUN_80103774
X000,80121fe0,100,FUN_80121fe0
MAIN0,80017414,104,FUN_80017414
MAIN0,8001d63c,104,FUN_8001d63c
MAIN0,8001f5b8,104,FUN_8001f5b8
MAIN0,8001fc14,104,FUN_8001fc14
MAIN0,80020eac,104,FUN_80020eac
MAIN0,80037fbc,104,FUN_80037fbc
MAIN0,8006ab10,104,FUN_8006ab10
X000,800ee560,104,FUN_800ee560
X000,800eea7c,104,FUN_800eea7c
X000,800eeb5c,104,PlayerSetAnimIfChanged
X000,80124f3c,104,FUN_80124f3c
X000,80125c1c,104,FUN_80125c1c
X000,8013675c,104,FUN_8013675c
X000,8013839c,104,FUN_8013839c
MAIN0,80017f80,108,FUN_80017f80
MAIN0,800203dc,108,FUN_800203dc
MAIN0,80025bf4,108,FUN_80025bf4
X000,80118040,108,FUN_80118040
MAIN0,8001e4f0,112,SfxPlay
MAIN0,800284d8,112,FUN_800284d8
X000,800ee9cc,112,FUN_800ee9cc
X000,800f802c,112,FUN_800f802c
X000,80117928,112,FUN_80117928
X000,80119584,112,FUN_80119584
MAIN0,8001f96c,116,FUN_8001f96c
MAIN0,80020a78,116,FUN_80020a78
MAIN0,800264d0,116,FUN_800264d0
MAIN0,8002eddc,116,FUN_8002eddc
MAIN0,80040278,116,TileCollideAt
MAIN0,800408d8,116,FUN_800408d8
MAIN0,800411cc,116,FUN_800411cc
MAIN0,800563ac,116,FUN_800563ac
X000,800f7a38,116,FUN_800f7a38
X000,801162b8,116,FUN_801162b8
X000,8012171c,116,FUN_8012171c
X000,80121d6c,116,FUN_80121d6c
X000,80122cbc,116,FUN_80122cbc
X000,8012f1b4,116,FUN_8012f1b4
X000,8012f380,116,FUN_8012f380
X000,8012fb3c,116,FUN_8012fb3c
X000,8012fe98,116,FUN_8012fe98
X000,801302a0,116,FUN_801302a0
MAIN0,80020aec,120,FUN_80020aec
MAIN0,80020d20,120,FUN_80020d20
MAIN0,80041ca8,120,FUN_80041ca8
X000,800eeae4,120,FUN_800eeae4
X000,801174c4,120,FUN_801174c4
X000,8011d7e0,120,FUN_8011d7e0
X000,8011dc4c,120,FUN_8011dc4c
MAIN0,80016fc0,124,FUN_80016fc0
MAIN0,80058604,124,FUN_80058604
X000,800eebc4,124,FUN_800eebc4
X000,800eee90,124,FUN_800eee90
X000,80118568,124,FUN_80118568
MAIN0,800171b8,128,ThreadCreate
MAIN0,800182ac,128,FUN_800182ac
MAIN0,800185f8,128,FUN_800185f8
MAIN0,80018678,128,FUN_80018678
MAIN0,8003509c,128,FUN_8003509c
MAIN0,80059464,128,AddDrawMode
MAIN0,80063844,128,FUN_80063844
X000,80108f60,128,FUN_80108f60
X000,8011133c,128,FUN_8011133c
X000,80123d18,128,FUN_80123d18
MAIN0,800270a0,132,FUN_800270a0
MAIN0,8006a270,132,FUN_8006a270
X000,800ee948,132,FUN_800ee948
X000,800f434c,132,FUN_800f434c
X000,80103cbc,132,FUN_80103cbc
X000,80121a5c,132,FUN_80121a5c
X000,80125a28,132,FUN_80125a28
X000,80126f68,132,FUN_80126f68
MAIN0,800175f0,136,InitSubsystems
X000,800ef6d8,136,FUN_800ef6d8
X000,800efc04,136,ObjSetAnimFromTable
X000,800f8660,136,FUN_800f8660
MAIN0,800212b4,140,FUN_800212b4
MAIN0,800261b0,140,FUN_800261b0
MAIN0,8004065c,140,FUN_8004065c
X000,80102eb4,140,FUN_80102eb4
X000,8010afc4,140,FUN_8010afc4
X000,8010b3b8,140,FUN_8010b3b8
MAIN0,800183b8,144,FUN_800183b8
MAIN0,80018448,144,ObjAlloc
MAIN0,800184d8,144,FUN_800184d8
MAIN0,80018568,144,FUN_80018568
MAIN0,8002b920,144,FUN_8002b920
MAIN0,8002ff20,144,FUN_8002ff20
MAIN0,8006a170,144,FUN_8006a170
X000,80104040,144,FUN_80104040
X000,80111a50,144,FUN_80111a50
X000,80126940,144,FUN_80126940
MAIN0,8001e560,148,SfxPlay2
MAIN0,8001e5f4,148,SfxPlay3
MAIN0,8001f850,148,FUN_8001f850
MAIN0,8002b020,148,FUN_8002b020
MAIN0,80030f38,148,FUN_80030f38
MAIN0,80031254,148,FUN_80031254
MAIN0,8003bd80,148,FUN_8003bd80
MAIN0,8004c0dc,148,FUN_8004c0dc
MAIN0,80059728,148,FUN_80059728
X000,800ee88c,148,FUN_800ee88c
X000,800f809c,148,FUN_800f809c
X000,801031fc,148,FUN_801031fc
X000,8011a0b4,148,FUN_8011a0b4
X000,801269d0,148,FUN_801269d0
MAIN0,8001eacc,152,FUN_8001eacc
MAIN0,80021fac,152,FUN_80021fac
MAIN0,8006ac5c,152,FUN_8006ac5c
X000,80109920,152,FUN_80109920
X000,801148d0,152,FUN_801148d0
X000,8011c758,152,FUN_8011c758
MAIN0,80019cec,156,FUN_80019cec
MAIN0,8001e2cc,156,FUN_8001e2cc
MAIN0,80020490,156,FUN_80020490
MAIN0,80026f4c,156,FUN_80026f4c
MAIN0,8006efa8,156,FUN_8006efa8
X000,80111880,156,FUN_80111880
MAIN0,800201ac,160,FUN_800201ac
MAIN0,8006bfa4,160,FUN_8006bfa4
X000,801113bc,160,FUN_801113bc
X000,80114968,160,FUN_80114968
X000,801260f8,160,FUN_801260f8
MAIN0,80017d30,164,FUN_80017d30
MAIN0,8001db38,164,FUN_8001db38
MAIN0,8004f3ec,164,FUN_8004f3ec
X000,800ef4e4,164,FUN_800ef4e4
X000,800fb370,164,FUN_800fb370
X000,80125984,164,FUN_80125984
MAIN0,80017ea8,168,FUN_80017ea8
MAIN0,8004f490,168,FUN_8004f490
X000,800ec378,168,FUN_800ec378
X000,8011beac,168,FUN_8011beac
X000,80123648,168,FUN_80123648
X000,80126198,168,FUN_80126198
MAIN0,80018ebc,172,FUN_80018ebc
MAIN0,80020c04,172,FUN_80020c04
MAIN0,8004fcc0,172,FUN_8004fcc0
MAIN0,80050544,172,FUN_80050544
X000,800ee7e0,172,FUN_800ee7e0
X000,801300b0,172,FUN_801300b0
MAIN0,8001f110,176,MusicStopOrFadeIn
MAIN0,80042fbc,176,FUN_80042fbc
MAIN0,80048ffc,176,FUN_80048ffc
X000,801306f0,176,FUN_801306f0
X000,80138008,176,FUN_80138008
X000,80137f54,180,FUN_80137f54
MAIN0,8004fe1c,184,FUN_8004fe1c
X000,800ea168,184,FUN_800ea168
X000,80112918,184,FUN_80112918
X000,801169bc,184,FUN_801169bc
X000,8011d334,184,FUN_8011d334
X000,8011f1d0,184,FUN_8011f1d0
MAIN0,8001e9e8,188,FUN_8001e9e8
MAIN0,8003c7c4,188,FUN_8003c7c4
MAIN0,800428c0,188,FUN_800428c0
MAIN0,8005a9a4,188,FUN_8005a9a4
X000,800f35e0,188,FUN_800f35e0
X000,801191b0,188,FUN_801191b0
X000,80123b64,188,FUN_80123b64
MAIN0,80016984,192,FlipFrame
MAIN0,8001e430,192,SoundFindFreeVoice
MAIN0,8001f3fc,192,FUN_8001f3fc
MAIN0,80025f40,192,FUN_80025f40
MAIN0,8004461c,192,FUN_8004461c
MAIN0,8003facc,196,ObjCheckHeadCollision
MAIN0,8004db4c,196,FUN_8004db4c
X000,8010bf70,196,FUN_8010bf70
X000,801237e4,196,FUN_801237e4
MAIN0,8001e368,200,FUN_8001e368
MAIN0,8002e34c,200,FUN_8002e34c
X000,80112520,200,FUN_80112520
MAIN0,80020078,204,FUN_80020078
MAIN0,80069050,204,FUN_80069050
MAIN0,800697b4,204,FUN_800697b4
X000,800eaffc,204,FUN_800eaffc
X000,800f0b5c,204,FUN_800f0b5c
X000,8010186c,204,FUN_8010186c
X000,801133b8,204,FUN_801133b8
X000,801137bc,204,FUN_801137bc
X000,801320a8,204,FUN_801320a8
X000,801340c4,204,FUN_801340c4
MAIN0,8001be1c,208,FUN_8001be1c
MAIN0,8002ee50,208,FUN_8002ee50
X000,800ee18c,208,FUN_800ee18c
X000,8011b7f0,208,FUN_8011b7f0
MAIN0,80017088,212,ThreadTableRun
MAIN0,80017dd4,212,FUN_80017dd4
MAIN0,80018180,212,FUN_80018180
MAIN0,8004baa8,212,FUN_8004baa8
MAIN0,8004e200,212,FUN_8004e200
MAIN0,8006a59c,212,FUN_8006a59c
X000,8010f254,212,FUN_8010f254
X000,801228bc,212,FUN_801228bc
MAIN0,80042b98,216,FUN_80042b98
X000,800ef388,216,FUN_800ef388
X000,800f66e4,216,FUN_800f66e4
X000,800fc02c,216,FUN_800fc02c
X000,80104dc8,216,FUN_80104dc8
X000,8010f328,216,FUN_8010f328
X000,801139b4,216,FUN_801139b4
MAIN0,8001801c,220,FUN_8001801c
MAIN0,80018de0,220,FUN_80018de0
MAIN0,8002c578,220,FUN_8002c578
MAIN0,80031588,220,FUN_80031588
X000,800ebc64,220,FUN_800ebc64
X000,800f0374,220,FUN_800f0374
X000,80116d50,220,FUN_80116d50
MAIN0,800312e8,224,FUN_800312e8
MAIN0,800313c8,224,FUN_800313c8
MAIN0,800314a8,224,FUN_800314a8
MAIN0,800571a8,224,FUN_800571a8
MAIN0,80057288,224,FUN_80057288
MAIN0,80057dfc,224,FUN_80057dfc
MAIN0,8006be6c,224,FUN_8006be6c
X000,80113a8c,224,FUN_80113a8c
X000,8011aa30,224,FUN_8011aa30
X000,80125f30,224,FUN_80125f30
X000,80137378,224,FUN_80137378
MAIN0,8001e688,228,FUN_8001e688
MAIN0,8001fec0,228,AnimAdvance
MAIN0,80028f94,228,FUN_80028f94
X000,80118d8c,228,FUN_80118d8c
X000,8011b0d4,228,FUN_8011b0d4
X000,8012d918,228,FUN_8012d918
MAIN0,8002c654,232,FUN_8002c654
MAIN0,8004fa80,232,FUN_8004fa80
X000,80105ae4,232,FUN_80105ae4
X000,80126010,232,FUN_80126010
MAIN0,800386f4,236,FUN_800386f4
MAIN0,80042c70,236,FUN_80042c70
X000,80101780,236,FUN_80101780
MAIN0,80025aa8,240,FUN_80025aa8
MAIN0,80069bf8,240,FUN_80069bf8
X000,800fb280,240,FUN_800fb280
X000,80104cd8,240,FUN_80104cd8
X000,80110eec,240,FUN_80110eec
X000,8011880c,240,FUN_8011880c
X000,8011926c,240,FUN_8011926c
MAIN0,80016a5c,244,FUN_80016a5c
MAIN0,800174fc,244,FUN_800174fc
MAIN0,800387e0,244,FUN_800387e0
X000,800ef05c,244,FUN_800ef05c
X000,8011b6e0,244,FUN_8011b6e0
MAIN0,8004432c,248,FUN_8004432c
MAIN0,8004bfe4,248,FUN_8004bfe4
MAIN0,80057d04,248,FUN_80057d04
MAIN0,8006911c,248,FUN_8006911c
X000,800eb29c,248,FUN_800eb29c
X000,800f262c,248,FUN_800f262c
X000,8011e688,248,FUN_8011e688
MAIN0,8001c218,252,FUN_8001c218
MAIN0,8001f4bc,252,SoundStopAll
MAIN0,8002a3d4,252,FUN_8002a3d4
MAIN0,8005a8a8,252,FUN_8005a8a8
X000,80134308,252,FUN_80134308
MAIN0,8003ecb0,256,FUN_8003ecb0
X000,800eb8f0,256,FUN_800eb8f0
X000,80127720,256,FUN_80127720
MAIN0,80019a08,260,FUN_80019a08
X000,80102110,260,FUN_80102110
X000,8011b5dc,260,FUN_8011b5dc
MAIN0,8002af10,264,FUN_8002af10
MAIN0,8003840c,264,FUN_8003840c
MAIN0,80057368,264,FUN_80057368
MAIN0,8005a7a0,264,FUN_8005a7a0
X000,8011a63c,264,FUN_8011a63c
X000,8011b1e0,264,FUN_8011b1e0
X000,8012e0b8,264,FUN_8012e0b8
MAIN0,80030b9c,268,FUN_80030b9c
MAIN0,80043c74,268,FUN_80043c74
MAIN0,80057ae4,268,FUN_80057ae4
X000,8011832c,268,FUN_8011832c
X000,8011935c,268,FUN_8011935c
MAIN0,8001f2ec,272,FUN_8001f2ec
MAIN0,80022044,272,FUN_80022044
MAIN0,800382fc,272,FUN_800382fc
MAIN0,800594e4,272,FUN_800594e4
X000,800ee6d0,272,FUN_800ee6d0
X000,800f6e28,272,FUN_800f6e28
X000,8010d280,272,FUN_8010d280
X000,8012160c,272,FUN_8012160c
X000,80126b50,272,FUN_80126b50
MAIN0,800263bc,276,FUN_800263bc
MAIN0,80057bf0,276,FUN_80057bf0
MAIN0,8001eff8,280,FUN_8001eff8
MAIN0,8004fba8,280,FUN_8004fba8
MAIN0,8005042c,280,FUN_8005042c
X000,801274cc,280,FUN_801274cc
MAIN0,80018f68,284,FUN_80018f68
MAIN0,80019f98,284,FUN_80019f98
X000,800ebb48,284,FUN_800ebb48
X000,800ec5f4,284,FUN_800ec5f4
X000,80119468,284,FUN_80119468
X000,8012d7fc,284,FUN_8012d7fc
MAIN0,80017678,288,FUN_80017678
MAIN0,8004874c,288,FUN_8004874c
X000,80118e70,288,FUN_80118e70
X000,8011a2f8,288,FUN_8011a2f8
X000,80125c84,288,FUN_80125c84
X000,80136bc0,288,FUN_80136bc0
MAIN0,8004b57c,292,FUN_8004b57c
MAIN0,8004b6a0,292,FUN_8004b6a0
X000,800f6f38,292,FUN_800f6f38
X000,8010c7b0,292,FUN_8010c7b0
X000,80119864,292,FUN_80119864
X000,8011dd48,292,FUN_8011dd48
MAIN0,800202b4,296,ObjCullRegister
MAIN0,80033834,296,FUN_80033834
MAIN0,8004b454,296,FUN_8004b454
MAIN0,80058680,296,FUN_80058680
X000,80118440,296,FUN_80118440
X000,80136a98,296,FUN_80136a98
MAIN0,8001f1c0,300,FUN_8001f1c0
MAIN0,80044424,300,FUN_80044424
X000,80113888,300,FUN_80113888
X000,8011b4b0,300,FUN_8011b4b0
MAIN0,8004232c,304,FUN_8004232c
MAIN0,8004245c,304,FUN_8004245c
X000,800ee2a4,304,FUN_800ee2a4
X000,800fe75c,304,FUN_800fe75c
X000,8010ae94,304,FUN_8010ae94
MAIN0,800352f4,308,FUN_800352f4
MAIN0,80040bfc,308,FUN_80040bfc
MAIN0,800595f4,308,FUN_800595f4
X000,801097ec,308,FUN_801097ec
X000,8011145c,308,FUN_8011145c
X000,8011191c,308,FUN_8011191c
X000,801175a4,308,FUN_801175a4
MAIN0,80021340,312,FUN_80021340
X000,800ea544,312,FUN_800ea544
X000,80106a18,312,FUN_80106a18
X000,80120bcc,312,FUN_80120bcc
X000,8012236c,312,FUN_8012236c
X000,80124a84,312,FUN_80124a84
X000,801307a0,312,FUN_801307a0
MAIN0,8002171c,316,FUN_8002171c
MAIN0,80040ac0,316,FUN_80040ac0
MAIN0,80043d80,316,FUN_80043d80
MAIN0,800579a8,316,FUN_800579a8
X000,800ec710,316,FUN_800ec710
X000,800f28a0,316,FUN_800f28a0
X000,800f9548,316,FUN_800f9548
X000,801275e4,316,FUN_801275e4
MAIN0,80026e0c,320,FUN_80026e0c
MAIN0,8002ef20,320,FUN_8002ef20
MAIN0,80037c80,320,FUN_80037c80
X000,8011ac58,320,FUN_8011ac58
X000,80120164,320,FUN_80120164
MAIN0,8001b9b0,324,FUN_8001b9b0
MAIN0,8001bcd8,324,FUN_8001bcd8
MAIN0,8001d36c,324,FUN_8001d36c
MAIN0,8002cd20,324,FUN_8002cd20
MAIN0,800490ac,324,FUN_800490ac
X000,800f4ed0,324,FUN_800f4ed0
X000,8010c8d4,324,FUN_8010c8d4
X000,8012f228,324,FUN_8012f228
MAIN0,80037e74,328,FUN_80037e74
MAIN0,8004e2d4,328,FUN_8004e2d4
X000,8011ab10,328,FUN_8011ab10
X000,80123a1c,328,FUN_80123a1c
MAIN0,8001b680,332,FUN_8001b680
X000,800f6c34,332,FUN_800f6c34
X000,80103628,332,FUN_80103628
X000,801213d0,332,FUN_801213d0
X000,80127380,332,FUN_80127380
X000,800eef0c,336,FUN_800eef0c
X000,80116818,336,FUN_80116818
X000,801231f4,336,FUN_801231f4
X000,80113b6c,340,FUN_80113b6c
X000,80124bbc,340,FUN_80124bbc
X000,80136090,340,FUN_80136090
MAIN0,80016b50,344,FUN_80016b50
MAIN0,8002c0e0,344,FUN_8002c0e0
MAIN0,8004c418,344,FUN_8004c418
MAIN0,8004c570,344,FUN_8004c570
MAIN0,8004d260,344,FUN_8004d260
X000,800eb9f0,344,FUN_800eb9f0
X000,80121124,344,FUN_80121124
MAIN0,8002f384,348,FUN_8002f384
MAIN0,80031664,348,FUN_80031664
MAIN0,80035198,348,FUN_80035198
X000,8011e1b0,348,FUN_8011e1b0
X000,80120734,348,FUN_80120734
X000,8012f9e0,348,FUN_8012f9e0
MAIN0,80045bac,352,FUN_80045bac
MAIN0,8006b464,352,FUN_8006b464
X000,8010f0f4,352,ObjGravityStep
X000,801308d8,352,FUN_801308d8
X000,801380b8,352,FUN_801380b8
MAIN0,80021150,356,FUN_80021150
X000,80123c20,356,FUN_80123c20
MAIN0,800285ec,360,FUN_800285ec
MAIN0,80045d98,360,FUN_80045d98
X000,800f2a30,360,FUN_800f2a30
MAIN0,8001f6b4,364,SoundInit
MAIN0,8003be14,364,FUN_8003be14
MAIN0,8004886c,364,FUN_8004886c
X000,80111714,364,FUN_80111714
X000,8011eae8,364,FUN_8011eae8
X000,80127214,364,AnimAdvanceWithBox
MAIN0,80028754,368,FUN_80028754
X000,800f1308,368,FUN_800f1308
X000,8011d670,368,FUN_8011d670
X000,80125aac,368,FUN_80125aac
MAIN0,8001b328,372,FUN_8001b328
MAIN0,80036f30,372,FUN_80036f30
MAIN0,8004094c,372,FUN_8004094c
X000,800ec84c,372,FUN_800ec84c
MAIN0,80040d30,376,FUN_80040d30
X000,800eb394,376,FUN_800eb394
X000,80130a38,376,FUN_80130a38
X000,80134190,376,FUN_80134190
MAIN0,80043464,380,FUN_80043464
MAIN0,80045684,380,FUN_80045684
MAIN0,8004dc10,380,FUN_8004dc10
X000,800f2724,380,FUN_800f2724
X000,8012a6a4,380,FUN_8012a6a4
X000,8012f864,380,FUN_8012f864
MAIN0,8002623c,384,FUN_8002623c
MAIN0,8004c6c8,384,FUN_8004c6c8
MAIN0,800310d0,388,FUN_800310d0
MAIN0,800587a8,388,FUN_800587a8
X000,800efa80,388,FUN_800efa80
X000,80111590,388,FUN_80111590
X000,8011b2e8,388,FUN_8011b2e8
MAIN0,80033638,392,FUN_80033638
MAIN0,80016ca8,396,FUN_80016ca8
MAIN0,80016e34,396,FUN_80016e34
MAIN0,8001d4b0,396,MovieDecodeFrame
MAIN0,8003bafc,396,FUN_8003bafc
X000,80125da4,396,FUN_80125da4
MAIN0,8001c688,400,FUN_8001c688
MAIN0,8001c818,400,FUN_8001c818
X000,800eff1c,400,FUN_800eff1c
X000,8010df84,400,FUN_8010df84
X000,80110fdc,400,FUN_80110fdc
X000,80111dc8,400,FUN_80111dc8
X000,80121e50,400,FUN_80121e50
X000,801257f4,400,FUN_801257f4
X000,8012dcfc,400,FUN_8012dcfc
MAIN0,80048e68,404,FUN_80048e68
X000,8011f608,404,FUN_8011f608
MAIN0,80047f3c,408,FUN_80047f3c
X000,800eddfc,408,FUN_800eddfc
X000,80122724,408,FUN_80122724
X000,80107fcc,412,FUN_80107fcc
X000,80138218,412,FUN_80138218
MAIN0,8002757c,416,FUN_8002757c
MAIN0,800339a4,416,FUN_800339a4
MAIN0,8003a89c,416,FUN_8003a89c
MAIN0,80057470,416,FUN_80057470
X000,800eb50c,416,FUN_800eb50c
X000,80108dbc,420,FUN_80108dbc
MAIN0,80057610,424,FUN_80057610
X000,80124d10,428,FUN_80124d10
MAIN0,8001d1bc,432,FUN_8001d1bc
MAIN0,80025d90,432,FUN_80025d90
MAIN0,80026000,432,FUN_80026000
X000,800f8b7c,432,FUN_800f8b7c
X000,8010bd08,432,FUN_8010bd08
X000,8011a148,432,FUN_8011a148
MAIN0,800205d8,436,FUN_800205d8
MAIN0,8002809c,436,FUN_8002809c
MAIN0,80026c50,444,FUN_80026c50
MAIN0,800288c4,444,FUN_800288c4
MAIN0,80017b44,448,FUN_80017b44
MAIN0,80019084,448,MemCardInit
X000,800fb0c0,448,FUN_800fb0c0
MAIN0,8001ab18,452,FUN_8001ab18
MAIN0,80027ed8,452,FUN_80027ed8
MAIN0,80044d54,452,FUN_80044d54
MAIN0,800450e8,452,FUN_800450e8
X000,80118bc0,460,FUN_80118bc0
X000,80123e04,460,FUN_80123e04
MAIN0,8001e76c,464,FUN_8001e76c
MAIN0,80028250,464,FUN_80028250
MAIN0,8003fd78,464,ObjTileCollide
MAIN0,80044f18,464,FUN_80044f18
X000,801073c0,464,FUN_801073c0
X000,80108168,464,FUN_80108168
X000,8011116c,464,FUN_8011116c
X000,80126770,464,FUN_80126770
MAIN0,80044b80,468,FUN_80044b80
MAIN0,80059d44,468,FUN_80059d44
X000,800eb0c8,468,FUN_800eb0c8
X000,800ec420,468,FUN_800ec420
X000,800fc240,468,FUN_800fc240
X000,80118638,468,FUN_80118638
MAIN0,8001a940,472,FUN_8001a940
MAIN0,8001acdc,472,FUN_8001acdc
MAIN0,80045800,472,FUN_80045800
X000,8011d9d8,472,FUN_8011d9d8
X000,800ef1ac,476,FUN_800ef1ac
X000,8012dedc,476,FUN_8012dedc
MAIN0,80019b0c,480,FUN_80019b0c
MAIN0,8002ac68,480,FUN_8002ac68
MAIN0,8002fc98,480,FUN_8002fc98
MAIN0,800447c0,480,FUN_800447c0
MAIN0,800449a0,480,FUN_800449a0
X000,801361e4,480,FUN_801361e4
MAIN0,8001b49c,484,FUN_8001b49c
MAIN0,8001b7cc,484,FUN_8001b7cc
MAIN0,8001baf4,484,FUN_8001baf4
MAIN0,80050ea4,484,FUN_80050ea4
MAIN0,8003fb90,488,FUN_8003fb90
X000,800edc14,488,FUN_800edc14
X000,80106db0,488,FUN_80106db0
MAIN0,80026a10,492,FUN_80026a10
MAIN0,8005892c,492,FUN_8005892c
X000,80121870,492,FUN_80121870
X000,80126d7c,492,FUN_80126d7c
X000,801317e4,492,FUN_801317e4
MAIN0,8002216c,496,FUN_8002216c
MAIN0,800388d4,496,FUN_800388d4
MAIN0,8004fed4,496,FUN_8004fed4
MAIN0,800577b8,496,FUN_800577b8
X000,800eae0c,496,FUN_800eae0c
X000,801202a4,496,FUN_801202a4
MAIN0,8004306c,500,FUN_8004306c
MAIN0,8004e914,500,FUN_8004e914
X000,800e9f74,500,FUN_800e9f74
X000,801064d0,500,FUN_801064d0
X000,8011d010,500,FUN_8011d010
MAIN0,800196bc,504,FUN_800196bc
MAIN0,8005840c,504,FUN_8005840c
X000,800edf94,504,FUN_800edf94
X000,8010dd8c,504,FUN_8010dd8c
X000,80122a18,504,FUN_80122a18
X000,8012c8ec,504,FUN_8012c8ec
MAIN0,8001dfec,512,FUN_8001dfec
MAIN0,800435e0,512,FUN_800435e0
X000,800eec40,512,FUN_800eec40
MAIN0,8002c238,516,FUN_8002c238
MAIN0,80036cb8,516,FUN_80036cb8
MAIN0,80043260,516,FUN_80043260
X000,8010ac90,516,FUN_8010ac90
X000,8011468c,516,FUN_8011468c
MAIN0,80022630,520,FUN_80022630
X000,8010cda8,520,FUN_8010cda8
MAIN0,8002348c,524,FUN_8002348c
X000,800ff404,524,FUN_800ff404
MAIN0,80019d88,528,FUN_80019d88
MAIN0,8001a43c,528,FUN_8001a43c
MAIN0,80058b18,528,FUN_80058b18
MAIN0,80069ce8,528,FUN_80069ce8
X000,801129d0,528,FUN_801129d0
MAIN0,800437e0,532,FUN_800437e0
MAIN0,800482ec,532,FUN_800482ec
X000,8010e114,532,FUN_8010e114
X000,8012cae4,532,FUN_8012cae4
MAIN0,8002f16c,536,FUN_8002f16c
MAIN0,8003c338,536,FUN_8003c338
X000,8011c804,536,FUN_8011c804
MAIN0,80043ebc,544,FUN_80043ebc
MAIN0,80054f54,544,FUN_80054f54
X000,80118f90,544,FUN_80118f90
X000,80133254,544,FUN_80133254
X000,800f9684,548,FUN_800f9684
X000,8011899c,548,FUN_8011899c
X000,80126240,548,FUN_80126240
MAIN0,80022c80,552,FUN_80022c80
MAIN0,80058f98,552,FUN_80058f98
X000,800ebd40,552,FUN_800ebd40
X000,80126fec,552,FUN_80126fec
MAIN0,8003f598,564,FUN_8003f598
X000,800ed024,564,FUN_800ed024
X000,80126464,564,FUN_80126464
X000,8010d048,568,FUN_8010d048
X000,8010db0c,568,FUN_8010db0c
MAIN0,80020f14,572,FUN_80020f14
MAIN0,80021858,572,FUN_80021858
MAIN0,80045344,572,FUN_80045344
X000,80134c20,572,FUN_80134c20
MAIN0,80041240,576,FUN_80041240
X000,80110cac,576,FUN_80110cac
MAIN0,80035428,580,FUN_80035428
X000,800eb6ac,580,FUN_800eb6ac
X000,80104454,580,FUN_80104454
X000,8011f79c,580,FUN_8011f79c
MAIN0,80039338,584,FUN_80039338
MAIN0,80021478,588,FUN_80021478
MAIN0,80048500,588,FUN_80048500
MAIN0,800489d8,588,FUN_800489d8
MAIN0,8002dd1c,596,FUN_8002dd1c
MAIN0,80040f78,596,FUN_80040f78
X000,800f0c28,596,FUN_800f0c28
X000,80122118,596,FUN_80122118
MAIN0,80023084,608,FUN_80023084
MAIN0,80041ebc,608,FUN_80041ebc
X000,80106b50,608,FUN_80106b50
X000,80124780,608,FUN_80124780
MAIN0,80027c74,612,FUN_80027c74
X000,801224c0,612,FUN_801224c0
MAIN0,80029cb4,616,FUN_80029cb4
MAIN0,8002f960,616,FUN_8002f960
X000,801236f0,616,FUN_801236f0
MAIN0,80058d28,624,FUN_80058d28
MAIN0,8006a2f4,624,FUN_8006a2f4
X000,80113cc8,624,FUN_80113cc8
X000,801195f4,624,FUN_801195f4
MAIN0,80069ef8,632,FUN_80069ef8
X000,800fbdb4,632,FUN_800fbdb4
X000,8011f288,632,FUN_8011f288
X000,801125e8,636,FUN_801125e8
MAIN0,800439f4,640,FUN_800439f4
X000,801180ac,640,FUN_801180ac
MAIN0,80022838,644,FUN_80022838
X000,8010d888,644,FUN_8010d888
X000,80111b40,648,FUN_80111b40
MAIN0,80057edc,652,FUN_80057edc
X000,800efc8c,656,FUN_800efc8c
X000,80122c10,656,FUN_80122c10
MAIN0,800371c0,660,FUN_800371c0
MAIN0,8005b38c,664,FUN_8005b38c
X000,8012555c,664,FUN_8012555c
X000,800ecd88,668,FUN_800ecd88
X000,8010a9f4,668,FUN_8010a9f4
X000,80120494,672,FUN_80120494
X000,80122f54,672,FUN_80122f54
X000,80134980,672,FUN_80134980
MAIN0,80023860,676,FUN_80023860
MAIN0,80058168,676,FUN_80058168
MAIN0,800591c0,676,FUN_800591c0
X000,801252b8,676,FUN_801252b8
X000,80135b0c,676,FUN_80135b0c
X000,800fadec,680,FUN_800fadec
X000,8010e66c,684,FUN_8010e66c
X000,80111f58,684,FUN_80111f58
MAIN0,8003c980,696,FUN_8003c980
MAIN0,8004c848,696,FUN_8004c848
X000,80102f40,700,FUN_80102f40
X000,8010e328,700,FUN_8010e328
X000,80134404,700,FUN_80134404
X000,800ea284,704,FUN_800ea284
X000,801346c0,704,FUN_801346c0
X000,8011e838,708,FUN_8011e838
X000,80124ff4,708,FUN_80124ff4
X000,800f00ac,712,FUN_800f00ac
MAIN0,800399c4,716,FUN_800399c4
MAIN0,8001c364,720,FUN_8001c364
X000,80113484,720,FUN_80113484
X000,8012c2c8,720,FUN_8012c2c8
MAIN0,8002235c,724,FUN_8002235c
X000,80104a04,724,FUN_80104a04
X000,8012fbb0,724,FUN_8012fbb0
X000,80132f80,724,FUN_80132f80
X000,8011ca00,728,FUN_8011ca00
X000,80117cbc,732,FUN_80117cbc
X000,80127eb0,736,FUN_80127eb0
X000,80135db0,736,FUN_80135db0
MAIN0,8004b7c4,740,FUN_8004b7c4
X000,8012ff0c,744,FUN_8012ff0c
X000,80108ad0,748,FUN_80108ad0
X000,8011a744,748,FUN_8011a744
MAIN0,8001a64c,756,FUN_8001a64c
MAIN0,80055cb8,756,FUN_80055cb8
MAIN0,800425c4,764,FUN_800425c4
X000,801328b4,764,FUN_801328b4
MAIN0,8003f7cc,768,FUN_8003f7cc
MAIN0,8004df00,768,FUN_8004df00
X000,80103d40,768,FUN_80103d40
X000,8012d9fc,768,FUN_8012d9fc
X000,80123344,772,FUN_80123344
X000,8012e1c0,772,FUN_8012e1c0
MAIN0,8001783c,776,FUN_8001783c
MAIN0,8005b624,784,FUN_8005b624
X000,80106fec,784,FUN_80106fec
MAIN0,8002795c,792,FUN_8002795c
X000,80109e50,792,FUN_80109e50
MAIN0,80054c38,796,FUN_80054c38
X000,800ff0e8,796,FUN_800ff0e8
X000,80112204,796,FUN_80112204
X000,8011ccd8,796,FUN_8011ccd8
X000,800ef760,800,FUN_800ef760
MAIN0,8003f200,804,FUN_8003f200
X000,801040d0,804,FUN_801040d0
X000,80104698,808,FUN_80104698
MAIN0,8001beec,812,FUN_8001beec
MAIN0,800271b8,812,FUN_800271b8
MAIN0,8003ff48,816,FUN_8003ff48
MAIN0,800491f0,820,FUN_800491f0
MAIN0,800698c4,820,FUN_800698c4
MAIN0,80049524,824,FUN_80049524
X000,8011ad98,828,FUN_8011ad98
X000,80120890,828,FUN_80120890
X000,800fa01c,832,FUN_800fa01c
X000,8010b444,832,FUN_8010b444
MAIN0,8001a0f0,844,FUN_8001a0f0
MAIN0,80039e54,848,FUN_80039e54
X000,801066c4,852,FUN_801066c4
X000,8012c598,852,FUN_8012c598
X000,80109494,856,FUN_80109494
MAIN0,80056e4c,860,FUN_80056e4c
X000,80137458,864,FUN_80137458
MAIN0,800500c4,872,FUN_800500c4
X000,8010b050,872,FUN_8010b050
MAIN0,800402ec,880,FUN_800402ec
MAIN0,8001ec80,888,FUN_8001ec80
MAIN0,80047af0,900,FUN_80047af0
X000,80113034,900,FUN_80113034
X000,80113f38,904,FUN_80113f38
X000,8010ca18,912,FUN_8010ca18
X000,80103290,920,FUN_80103290
X000,80101d74,924,FUN_80101d74
X000,801142c0,924,FUN_801142c0
MAIN0,800544c8,928,FUN_800544c8
X000,80105694,928,FUN_80105694
MAIN0,800331c4,932,FUN_800331c4
MAIN0,8004a124,936,FUN_8004a124
X000,8010a168,944,FUN_8010a168
MAIN0,80028be0,948,FUN_80028be0
X000,800ec9c0,968,FUN_800ec9c0
X000,80108708,968,FUN_80108708
X000,80107c00,972,FUN_80107c00
MAIN0,80030034,976,FUN_80030034
MAIN0,80054868,976,FUN_80054868
X000,80108338,976,FUN_80108338
MAIN0,8002df70,988,FUN_8002df70
X000,80130314,988,FUN_80130314
MAIN0,8003e4ec,996,ObjSpawn
MAIN0,80024a70,1000,FUN_80024a70
X000,80102ac0,1012,FUN_80102ac0
MAIN0,80021b20,1016,FUN_80021b20
MAIN0,80055fac,1024,FUN_80055fac
X000,8012e4c4,1024,FUN_8012e4c4
X000,80129bb0,1028,FUN_80129bb0
X000,8011e30c,1036,FUN_8011e30c
MAIN0,8001dbdc,1040,SoundUpdate
X000,800ebf68,1040,FUN_800ebf68
X000,800f3f3c,1040,FUN_800f3f3c
X000,80112c24,1040,FUN_80112c24
X000,80120d04,1056,FUN_80120d04
MAIN0,8004bbc0,1060,FUN_8004bbc0
X000,80101938,1084,FUN_80101938
MAIN0,80039580,1092,FUN_80039580
X000,8010fe70,1092,FUN_8010fe70
MAIN0,80049cdc,1096,FUN_80049cdc
MAIN0,8005296c,1100,FUN_8005296c
X000,8012ed60,1108,FUN_8012ed60
X000,80109038,1116,FUN_80109038
X000,8010d390,1120,FUN_8010d390
X000,8012f3f4,1136,FUN_8012f3f4
MAIN0,8001aeb4,1140,FUN_8001aeb4
X000,800f67bc,1144,FUN_800f67bc
MAIN0,8002f4e0,1152,FUN_8002f4e0
MAIN0,80038cd0,1152,FUN_80038cd0
X000,8010b880,1160,FUN_8010b880
X000,800f0e7c,1164,FUN_800f0e7c
X000,800f86e8,1172,FUN_800f86e8
X000,801099b8,1176,FUN_801099b8
X000,8012e8c4,1180,FUN_8012e8c4
MAIN0,80055174,1188,FUN_80055174
X000,801102b4,1196,FUN_801102b4
MAIN0,8004a9c8,1204,FUN_8004a9c8
X000,800ed750,1212,FUN_800ed750
X000,8012b5d0,1220,FUN_8012b5d0
MAIN0,80026544,1228,FUN_80026544
X000,800fa91c,1232,FUN_800fa91c
MAIN0,8004cb00,1240,FUN_8004cb00
MAIN0,8002a4d0,1244,FUN_8002a4d0
X000,8010a518,1244,FUN_8010a518
X000,801037d8,1252,FUN_801037d8
MAIN0,8004e41c,1272,FUN_8004e41c
X000,800ed258,1272,FUN_800ed258
MAIN0,8002b3c8,1276,FUN_8002b3c8
MAIN0,8004a4cc,1276,FUN_8004a4cc
MAIN0,8004d620,1324,FUN_8004d620
X000,800f8130,1328,FUN_800f8130
X000,8012d294,1344,FUN_8012d294
MAIN0,80052db8,1348,FUN_80052db8
MAIN0,8004f538,1352,FUN_8004f538
X000,80110760,1356,FUN_80110760
X000,80128fac,1360,FUN_80128fac
X000,8011ec68,1384,FUN_8011ec68
X000,800f7aac,1408,FUN_800f7aac
MAIN0,800597bc,1416,FUN_800597bc
X000,8012ccf8,1436,FUN_8012ccf8
MAIN0,80047484,1464,FUN_80047484
X000,800fa35c,1472,FUN_800fa35c
X000,800fdb7c,1472,FUN_800fdb7c
X000,8010eaf8,1532,FUN_8010eaf8
X000,8012a820,1532,FUN_8012a820
X000,8011b8c0,1536,FUN_8011b8c0
X000,800fe13c,1568,FUN_800fe13c
X000,801075d8,1576,FUN_801075d8
X000,801363e4,1600,FUN_801363e4
X000,80136ce0,1676,FUN_80136ce0
X000,80127820,1680,FUN_80127820
MAIN0,80055618,1696,FUN_80055618
X000,801294fc,1716,FUN_801294fc
X000,800f0490,1740,FUN_800f0490
X000,801319d0,1752,FUN_801319d0
X000,800fe98c,1768,FUN_800fe98c
X000,80129fb4,1776,FUN_80129fb4
X000,801288b8,1780,FUN_801288b8
X000,80104f88,1804,FUN_80104f88
MAIN0,80045f00,1808,FUN_80045f00
X000,80128190,1832,FUN_80128190
MAIN0,80046d58,1836,FUN_80046d58
X000,80119988,1836,FUN_80119988
X000,80132174,1856,FUN_80132174
MAIN0,80046610,1864,FUN_80046610
MAIN0,8001ca58,1892,FUN_8001ca58
X000,800f98a8,1908,FUN_800f98a8
X000,8010c034,1916,FUN_8010c034
X000,8011f9e0,1924,FUN_8011f9e0
MAIN0,8005a014,1932,FUN_8005a014
X000,800ea67c,1936,FUN_800ea67c
X000,801377b8,1936,FUN_801377b8
X000,80123fd0,1968,FUN_80123fd0
MAIN0,80023b04,1972,FUN_80023b04
X000,8012ae1c,1972,FUN_8012ae1c
MAIN0,800242b8,1976,FUN_800242b8
MAIN0,80052190,2012,FUN_80052190
X000,80102214,2036,FUN_80102214
X000,8011bf68,2052,FUN_8011bf68
X000,800f36e0,2060,FUN_800f36e0
X000,800f8d2c,2076,FUN_800f8d2c
X000,800fd358,2084,FUN_800fd358
MAIN0,80037454,2092,FUN_80037454
X000,8012ba94,2100,FUN_8012ba94
MAIN0,800532fc,2144,FUN_800532fc
MAIN0,800505f0,2228,FUN_800505f0
X000,800ff610,2228,FUN_800ff610
X000,800ffec4,2244,FUN_800ffec4
X000,800f1478,2252,FUN_800f1478
X000,800fb420,2252,FUN_800fb420
X000,800f1d44,2280,FUN_800f1d44
X000,80105bcc,2308,FUN_80105bcc
MAIN0,8005aa74,2328,FUN_8005aa74
MAIN0,80053b5c,2412,FUN_80053b5c
X000,800f44b0,2488,FUN_800f44b0
X000,800f705c,2524,FUN_800f705c
MAIN0,80056420,2604,FUN_80056420
X000,800f2b98,2632,FUN_800f2b98
X000,8010f400,2672,FUN_8010f400
MAIN0,8003afb4,2888,FUN_8003afb4
MAIN0,80024ea0,3080,FUN_80024ea0
X000,80130bb0,3124,FUN_80130bb0
MAIN0,80029078,3132,FUN_80029078
X000,80133474,3152,FUN_80133474
X000,80134e5c,3248,FUN_80134e5c
X000,800fc414,3908,FUN_800fc414
X000,80100788,4088,FUN_80100788
MAIN0,80051088,4360,FUN_80051088
MAIN0,80033b44,5056,FUN_80033b44
MAIN0,8003566c,5708,FUN_8003566c
X000,800f5078,5740,FUN_800f5078
MAIN0,800317c0,6188,FUN_800317c0
