prog,address,size,name,estado,motivo
MAIN0,800e9f74,1,FUN_800e9f74,fragmento,demasiado pequeña (<8 B)
MAIN0,800ea544,1,FUN_800ea544,fragmento,demasiado pequeña (<8 B)
MAIN0,800ecd88,1,FUN_800ecd88,fragmento,demasiado pequeña (<8 B)
MAIN0,800eea7c,1,FUN_800eea7c,fragmento,demasiado pequeña (<8 B)
MAIN0,80102214,1,FUN_80102214,fragmento,demasiado pequeña (<8 B)
MAIN0,8011c804,1,FUN_8011c804,fragmento,demasiado pequeña (<8 B)
MAIN0,8011e30c,1,FUN_8011e30c,fragmento,demasiado pequeña (<8 B)
MAIN0,8011f9e0,1,FUN_8011f9e0,fragmento,demasiado pequeña (<8 B)
MAIN0,80120d04,1,FUN_80120d04,fragmento,demasiado pequeña (<8 B)
MAIN0,80123344,1,FUN_80123344,fragmento,demasiado pequeña (<8 B)
MAIN0,80123c20,1,FUN_80123c20,fragmento,demasiado pequeña (<8 B)
MAIN0,80123e04,1,FUN_80123e04,fragmento,demasiado pequeña (<8 B)
MAIN0,80123fd0,1,FUN_80123fd0,fragmento,demasiado pequeña (<8 B)
MAIN0,80124780,1,FUN_80124780,fragmento,demasiado pequeña (<8 B)
MAIN0,801252b8,1,FUN_801252b8,fragmento,demasiado pequeña (<8 B)
MAIN0,8012555c,1,FUN_8012555c,fragmento,demasiado pequeña (<8 B)
MAIN0,80126240,1,FUN_80126240,fragmento,demasiado pequeña (<8 B)
MAIN0,80126d7c,1,FUN_80126d7c,fragmento,demasiado pequeña (<8 B)
MAIN0,8012ccf8,1,FUN_8012ccf8,fragmento,demasiado pequeña (<8 B)
X000,8011de64,8,thunk_FUN_8011de74,completa,
X000,8011e1a4,12,FUN_8011e1a4,completa,
X000,8012d4ac,12,thunk_FUN_8012d7e0,completa,
X000,8011d5f4,16,FUN_8011d5f4,completa,
X000,8011d8c4,16,FUN_8011d8c4,completa,
X000,8011de74,16,FUN_8011de74,fragmento,epílogo sin prólogo (cola de otra función)
X000,8011a628,20,FUN_8011a628,fragmento,epílogo sin prólogo (cola de otra función)
X000,8011e0d8,20,FUN_8011e0d8,completa,
X000,8011b330,24,FUN_8011b330,completa,
X000,80121e38,24,FUN_80121e38,fragmento,epílogo sin prólogo (cola de otra función)
X000,80122410,28,FUN_80122410,completa,
X000,8012d7e0,28,FUN_8012d7e0,fragmento,epílogo sin prólogo (cola de otra función)
MAIN0,8006bf84,32,FUN_8006bf84,completa,
X000,8011dc0c,32,FUN_8011dc0c,completa,
MAIN0,8006a200,40,FUN_8006a200,completa,
X000,8011b170,40,FUN_8011b170,completa,
X000,8011b47c,44,FUN_8011b47c,fragmento,epílogo sin prólogo (cola de otra función)
X000,8012127c,48,FUN_8012127c,completa,
MAIN0,8006bac4,52,FUN_8006bac4,completa,
X000,8011d9a4,52,FUN_8011d9a4,completa,
MAIN0,80069390,56,FUN_80069390,completa,
X000,8011a418,56,FUN_8011a418,completa,
X000,80121b28,60,FUN_80121b28,completa,
X000,800eea3c,64,FUN_800eea3c,completa,
MAIN0,800693c8,72,FUN_800693c8,completa,
MAIN0,80069410,72,FUN_80069410,completa,
X000,80116920,84,FUN_80116920,completa,
X000,8011dae0,92,FUN_8011dae0,completa,
MAIN0,8006ab10,104,FUN_8006ab10,completa,
X000,800eea7c,104,FUN_800eea7c,completa,
X000,8013675c,104,FUN_8013675c,completa,
X000,8013839c,104,FUN_8013839c,completa,
MAIN0,800203dc,108,FUN_800203dc,completa,
MAIN0,8001e4f0,112,SfxPlay,completa,
X000,80117928,112,FUN_80117928,completa,
MAIN0,80020a78,116,FUN_80020a78,completa,
X000,80121d6c,116,FUN_80121d6c,completa,
X000,80122cbc,116,FUN_80122cbc,completa,
X000,801174c4,120,FUN_801174c4,completa,
X000,8011dc4c,120,FUN_8011dc4c,completa,
MAIN0,80016fc0,124,FUN_80016fc0,completa,
MAIN0,80063844,128,FUN_80063844,completa,
X000,8011133c,128,FUN_8011133c,completa,
X000,80123d18,128,FUN_80123d18,completa,
X000,800ef6d8,136,FUN_800ef6d8,completa,
MAIN0,800261b0,140,FUN_800261b0,completa,
MAIN0,8004065c,140,FUN_8004065c,completa,
X000,8010b3b8,140,FUN_8010b3b8,completa,
MAIN0,8006a170,144,FUN_8006a170,completa,
MAIN0,8001e5f4,148,SfxPlay3,completa,
MAIN0,8001f850,148,FUN_8001f850,completa,
MAIN0,8006ac5c,152,FUN_8006ac5c,completa,
X000,8011c758,152,FUN_8011c758,fragmento,epílogo sin prólogo (cola de otra función)
MAIN0,80026f4c,156,FUN_80026f4c,completa,
MAIN0,800201ac,160,FUN_800201ac,completa,
X000,801113bc,160,FUN_801113bc,completa,
MAIN0,8004f3ec,164,FUN_8004f3ec,completa,
MAIN0,8004f490,168,FUN_8004f490,completa,
X000,8011beac,168,FUN_8011beac,fragmento,epílogo sin prólogo (cola de otra función)
MAIN0,80050544,172,FUN_80050544,completa,
X000,801300b0,172,FUN_801300b0,completa,
MAIN0,8001f110,176,MusicStopOrFadeIn,completa,
MAIN0,80048ffc,176,FUN_80048ffc,completa,
X000,80137f54,180,FUN_80137f54,completa,
X000,801169bc,184,FUN_801169bc,completa,
X000,8011f1d0,184,FUN_8011f1d0,completa,
MAIN0,8003c7c4,188,FUN_8003c7c4,completa,
MAIN0,800428c0,188,FUN_800428c0,completa,
MAIN0,8001f3fc,192,FUN_8001f3fc,completa,
MAIN0,8004461c,192,FUN_8004461c,completa,
MAIN0,8003facc,196,ObjCheckHeadCollision,completa,
MAIN0,8004db4c,196,FUN_8004db4c,completa,
X000,801237e4,196,FUN_801237e4,completa,
MAIN0,80020078,204,FUN_80020078,completa,
MAIN0,800697b4,204,FUN_800697b4,completa,
X000,8010186c,204,FUN_8010186c,completa,
X000,801320a8,204,FUN_801320a8,completa,
X000,8011b7f0,208,FUN_8011b7f0,completa,
MAIN0,80017088,212,ThreadTableRun,completa,
MAIN0,8006a59c,212,FUN_8006a59c,completa,
X000,8010f254,212,FUN_8010f254,completa,
X000,80116258,212,FUN_80116258,fragmento,sin salida (jr/j): cuerpo cortado
X000,800f66e4,216,FUN_800f66e4,completa,
X000,80104dc8,216,FUN_80104dc8,completa,
X000,8010f328,216,FUN_8010f328,completa,
MAIN0,8002c578,220,FUN_8002c578,completa,
MAIN0,80031588,220,FUN_80031588,completa,
X000,800f0374,220,FUN_800f0374,completa,
MAIN0,800571a8,224,FUN_800571a8,completa,
MAIN0,8006be6c,224,FUN_8006be6c,completa,
X000,8012d918,228,FUN_8012d918,completa,
MAIN0,8002c654,232,FUN_8002c654,completa,
MAIN0,800386f4,236,FUN_800386f4,completa,
MAIN0,80069bf8,240,FUN_80069bf8,completa,
X000,80110eec,240,FUN_80110eec,completa,
MAIN0,8006911c,248,FUN_8006911c,completa,
X000,800eb29c,248,FUN_800eb29c,completa,
X000,8011e688,248,FUN_8011e688,completa,
MAIN0,8001c218,252,FUN_8001c218,completa,
X000,800eb8f0,256,FUN_800eb8f0,completa,
X000,8012e0b8,264,FUN_8012e0b8,completa,
MAIN0,80030b9c,268,FUN_80030b9c,completa,
MAIN0,80043c74,268,FUN_80043c74,completa,
X000,8011d300,268,FUN_8011d300,completa,
MAIN0,800382fc,272,FUN_800382fc,completa,
X000,800ee6d0,272,FUN_800ee6d0,completa,
X000,8011b6e0,272,FUN_8011b6e0,completa,
MAIN0,8004fba8,280,FUN_8004fba8,completa,
X000,80116d14,280,FUN_80116d14,completa,
MAIN0,8004874c,288,FUN_8004874c,completa,
X000,80118e70,288,FUN_80118e70,completa,
X000,8011a2f8,288,FUN_8011a2f8,completa,
X000,80136bc0,288,FUN_80136bc0,completa,
MAIN0,8004b57c,292,FUN_8004b57c,completa,
MAIN0,8004b6a0,292,FUN_8004b6a0,completa,
X000,8010c7b0,292,FUN_8010c7b0,completa,
MAIN0,8004b454,296,FUN_8004b454,completa,
MAIN0,80058680,296,FUN_80058680,completa,
X000,80136a98,296,FUN_80136a98,completa,
MAIN0,80044424,300,FUN_80044424,completa,
X000,8011b4b0,300,FUN_8011b4b0,completa,
MAIN0,8004232c,304,FUN_8004232c,completa,
MAIN0,8004245c,304,FUN_8004245c,completa,
MAIN0,800352f4,308,FUN_800352f4,completa,
MAIN0,80040bfc,308,FUN_80040bfc,completa,
MAIN0,800595f4,308,FUN_800595f4,completa,
X000,801097ec,308,FUN_801097ec,completa,
X000,801175a4,308,FUN_801175a4,completa,
X000,800ea544,312,FUN_800ea544,completa,
X000,8011880c,312,FUN_8011880c,completa,
X000,8012236c,312,FUN_8012236c,completa,
X000,80124a84,312,FUN_80124a84,completa,
MAIN0,8002171c,316,FUN_8002171c,completa,
MAIN0,80040ac0,316,FUN_80040ac0,completa,
MAIN0,80043d80,316,FUN_80043d80,completa,
MAIN0,800579a8,316,FUN_800579a8,completa,
MAIN0,80026e0c,320,FUN_80026e0c,completa,
MAIN0,80037c80,320,FUN_80037c80,completa,
X000,8011ac58,320,FUN_8011ac58,completa,
MAIN0,8001d36c,324,FUN_8001d36c,completa,
MAIN0,8002cd20,324,FUN_8002cd20,completa,
X000,8010c8d4,324,FUN_8010c8d4,completa,
X000,801213d0,332,FUN_801213d0,completa,
X000,80127380,332,FUN_80127380,completa,
X000,80116818,336,FUN_80116818,completa,
X000,80124bbc,340,FUN_80124bbc,completa,
MAIN0,8002c0e0,344,FUN_8002c0e0,completa,
MAIN0,8002f384,348,FUN_8002f384,completa,
MAIN0,80031664,348,FUN_80031664,completa,
MAIN0,8006b464,352,FUN_8006b464,completa,
X000,8010f0f4,352,ObjGravityStep,completa,
X000,80123c20,356,FUN_80123c20,completa,
MAIN0,800285ec,360,FUN_800285ec,completa,
X000,800f2a30,360,FUN_800f2a30,completa,
MAIN0,8003be14,364,FUN_8003be14,completa,
MAIN0,8004886c,364,FUN_8004886c,completa,
X000,8011eae8,364,FUN_8011eae8,fragmento,epílogo sin prólogo (cola de otra función)
X000,80127214,364,AnimAdvanceWithBox,completa,
MAIN0,80028754,368,FUN_80028754,completa,
X000,800f1308,368,FUN_800f1308,completa,
MAIN0,80043464,380,FUN_80043464,completa,
MAIN0,8004dc10,380,FUN_8004dc10,completa,
MAIN0,800587a8,388,FUN_800587a8,completa,
X000,80111590,388,FUN_80111590,completa,
X000,8011b2e8,388,FUN_8011b2e8,completa,
MAIN0,80033638,392,FUN_80033638,completa,
MAIN0,8003bafc,396,FUN_8003bafc,completa,
MAIN0,8001c688,400,FUN_8001c688,completa,
X000,80110fdc,400,FUN_80110fdc,completa,
X000,80111dc8,400,FUN_80111dc8,completa,
X000,80121e50,400,FUN_80121e50,completa,
MAIN0,80048e68,404,FUN_80048e68,completa,
MAIN0,80047f3c,408,FUN_80047f3c,completa,
X000,800eddfc,408,FUN_800eddfc,completa,
X000,80122724,408,FUN_80122724,completa,
X000,80107fcc,412,FUN_80107fcc,completa,
X000,80138218,412,FUN_80138218,completa,
X000,80118438,428,FUN_80118438,completa,
MAIN0,80025d90,432,FUN_80025d90,completa,
X000,8010bd08,432,FUN_8010bd08,completa,
MAIN0,800205d8,436,FUN_800205d8,completa,
MAIN0,8002809c,436,FUN_8002809c,completa,
MAIN0,80026c50,444,FUN_80026c50,completa,
MAIN0,80017b44,448,FUN_80017b44,completa,
MAIN0,80027ed8,452,FUN_80027ed8,completa,
X000,80123e04,460,FUN_80123e04,completa,
MAIN0,8003fd78,464,ObjTileCollide,completa,
MAIN0,80044f18,464,FUN_80044f18,completa,
X000,80108168,464,FUN_80108168,completa,
X000,8011116c,464,FUN_8011116c,completa,
X000,800eb0c8,468,FUN_800eb0c8,completa,
X000,800fc240,468,FUN_800fc240,completa,
X000,80118638,468,FUN_80118638,completa,
MAIN0,8001acdc,472,FUN_8001acdc,completa,
X000,8011d9d8,472,FUN_8011d9d8,completa,
X000,8012dedc,476,FUN_8012dedc,completa,
MAIN0,8002ac68,480,FUN_8002ac68,completa,
MAIN0,800447c0,480,FUN_800447c0,completa,
MAIN0,800449a0,480,FUN_800449a0,completa,
MAIN0,8001baf4,484,FUN_8001baf4,completa,
MAIN0,8003fb90,488,FUN_8003fb90,completa,
X000,8011d670,488,FUN_8011d670,completa,
MAIN0,80026a10,492,FUN_80026a10,completa,
MAIN0,8005892c,492,FUN_8005892c,completa,
X000,80126d7c,492,FUN_80126d7c,completa,
X000,801317e4,492,FUN_801317e4,completa,
MAIN0,8002216c,496,FUN_8002216c,completa,
MAIN0,800388d4,496,FUN_800388d4,completa,
MAIN0,8004fed4,496,FUN_8004fed4,completa,
MAIN0,8004306c,500,FUN_8004306c,completa,
X000,800e9f74,500,FUN_800e9f74,completa,
X000,8010dd8c,504,FUN_8010dd8c,completa,
X000,8012c8ec,504,FUN_8012c8ec,completa,
MAIN0,800435e0,512,FUN_800435e0,completa,
X000,800eec40,512,FUN_800eec40,completa,
MAIN0,80043260,516,FUN_80043260,completa,
MAIN0,80022630,520,FUN_80022630,completa,
MAIN0,8002348c,524,FUN_8002348c,completa,
X000,800ff404,524,FUN_800ff404,completa,
MAIN0,8001a43c,528,FUN_8001a43c,completa,
MAIN0,80069ce8,528,FUN_80069ce8,completa,
MAIN0,800437e0,532,FUN_800437e0,completa,
MAIN0,800482ec,532,FUN_800482ec,completa,
X000,8010e114,532,FUN_8010e114,completa,
MAIN0,8002f16c,536,FUN_8002f16c,completa,
X000,8011c804,536,FUN_8011c804,completa,
MAIN0,80043ebc,544,FUN_80043ebc,completa,
X000,80133254,544,FUN_80133254,completa,
X000,8011899c,548,FUN_8011899c,completa,
X000,80126240,548,FUN_80126240,completa,
MAIN0,80022c80,552,FUN_80022c80,completa,
MAIN0,80058f98,552,FUN_80058f98,completa,
X000,800ebd40,552,FUN_800ebd40,completa,
MAIN0,8003f598,564,FUN_8003f598,completa,
MAIN0,80021858,572,FUN_80021858,completa,
MAIN0,80045344,572,FUN_80045344,completa,
X000,80134c20,572,FUN_80134c20,completa,
MAIN0,80041240,576,FUN_80041240,completa,
X000,80110cac,576,FUN_80110cac,completa,
MAIN0,80021478,588,FUN_80021478,completa,
MAIN0,80048500,588,FUN_80048500,completa,
MAIN0,800489d8,588,FUN_800489d8,completa,
MAIN0,8002dd1c,596,FUN_8002dd1c,completa,
MAIN0,80040f78,596,FUN_80040f78,completa,
MAIN0,80023084,608,FUN_80023084,completa,
MAIN0,80041ebc,608,FUN_80041ebc,completa,
X000,80124780,608,FUN_80124780,completa,
X000,801224c0,612,FUN_801224c0,completa,
MAIN0,80029cb4,616,FUN_80029cb4,completa,
X000,801236f0,616,FUN_801236f0,completa,
MAIN0,8006a2f4,624,FUN_8006a2f4,completa,
MAIN0,80069ef8,632,FUN_80069ef8,completa,
X000,800fbdb4,632,FUN_800fbdb4,completa,
X000,8011f288,632,FUN_8011f288,completa,
MAIN0,800439f4,640,FUN_800439f4,completa,
MAIN0,80022838,644,FUN_80022838,completa,
X000,8010d888,644,FUN_8010d888,completa,
MAIN0,80057edc,652,FUN_80057edc,completa,
X000,800efc8c,656,FUN_800efc8c,completa,
X000,80122c10,656,FUN_80122c10,completa,
MAIN0,8005b38c,664,FUN_8005b38c,completa,
X000,8012555c,664,FUN_8012555c,completa,
X000,800ecd88,668,FUN_800ecd88,completa,
X000,8010a9f4,668,FUN_8010a9f4,completa,
X000,80120494,672,FUN_80120494,completa,
X000,80134980,672,FUN_80134980,completa,
MAIN0,80023860,676,FUN_80023860,completa,
MAIN0,80058168,676,FUN_80058168,completa,
MAIN0,800591c0,676,FUN_800591c0,completa,
X000,801252b8,676,FUN_801252b8,completa,
X000,80135b0c,676,FUN_80135b0c,completa,
X000,800fadec,680,FUN_800fadec,completa,
X000,8010e66c,684,FUN_8010e66c,completa,
X000,80102f40,700,FUN_80102f40,completa,
X000,8010e328,700,FUN_8010e328,completa,
X000,80134404,700,FUN_80134404,completa,
X000,800ea284,704,FUN_800ea284,completa,
X000,801346c0,704,FUN_801346c0,completa,
X000,8011e838,708,FUN_8011e838,completa,
X000,80124ff4,708,FUN_80124ff4,completa,
MAIN0,800399c4,716,FUN_800399c4,completa,
MAIN0,8001c364,720,FUN_8001c364,completa,
X000,80113484,720,FUN_80113484,completa,
X000,8012c2c8,720,FUN_8012c2c8,completa,
MAIN0,8002235c,724,FUN_8002235c,completa,
X000,80104a04,724,FUN_80104a04,completa,
X000,8012fbb0,724,FUN_8012fbb0,completa,
X000,80132f80,724,FUN_80132f80,completa,
X000,80122f14,736,FUN_80122f14,completa,
X000,80135db0,736,FUN_80135db0,completa,
MAIN0,8004b7c4,740,FUN_8004b7c4,completa,
X000,8012ff0c,744,FUN_8012ff0c,completa,
X000,80108ad0,748,FUN_80108ad0,completa,
X000,8011a744,748,FUN_8011a744,completa,
MAIN0,8001a64c,756,FUN_8001a64c,completa,
MAIN0,80055cb8,756,FUN_80055cb8,completa,
MAIN0,800425c4,764,FUN_800425c4,completa,
X000,801328b4,764,FUN_801328b4,completa,
MAIN0,8003f7cc,768,FUN_8003f7cc,completa,
MAIN0,8004df00,768,FUN_8004df00,completa,
X000,8012d9fc,768,FUN_8012d9fc,completa,
X000,80123344,772,FUN_80123344,completa,
X000,8012e1c0,772,FUN_8012e1c0,completa,
MAIN0,8001783c,776,FUN_8001783c,completa,
MAIN0,8005b624,784,FUN_8005b624,completa,
X000,80106fec,784,FUN_80106fec,completa,
MAIN0,8002795c,792,FUN_8002795c,completa,
MAIN0,80054c38,796,FUN_80054c38,completa,
X000,800ff0e8,796,FUN_800ff0e8,completa,
X000,80112204,796,FUN_80112204,completa,
X000,800ef760,800,FUN_800ef760,completa,
MAIN0,8003f200,804,FUN_8003f200,completa,
X000,801040d0,804,FUN_801040d0,completa,
X000,80104698,808,FUN_80104698,completa,
X000,80117cac,808,FUN_80117cac,completa,
MAIN0,8001beec,812,FUN_8001beec,completa,
MAIN0,800271b8,812,FUN_800271b8,completa,
MAIN0,8003ff48,816,FUN_8003ff48,completa,
MAIN0,800491f0,820,FUN_800491f0,completa,
MAIN0,800698c4,820,FUN_800698c4,completa,
MAIN0,80049524,824,FUN_80049524,completa,
X000,8011ad98,828,FUN_8011ad98,completa,
X000,80120890,828,FUN_80120890,completa,
X000,800fa01c,832,FUN_800fa01c,completa,
X000,8010b444,832,FUN_8010b444,completa,
MAIN0,8001a0f0,844,FUN_8001a0f0,completa,
MAIN0,80039e54,848,FUN_80039e54,completa,
X000,801066c4,852,FUN_801066c4,completa,
X000,8012c598,852,FUN_8012c598,completa,
MAIN0,80056e4c,860,FUN_80056e4c,completa,
X000,80137458,864,FUN_80137458,completa,
MAIN0,800500c4,872,FUN_800500c4,completa,
X000,8010b050,872,FUN_8010b050,completa,
MAIN0,800402ec,880,FUN_800402ec,completa,
MAIN0,8001ec80,888,FUN_8001ec80,completa,
MAIN0,80047af0,900,FUN_80047af0,completa,
X000,80113034,900,FUN_80113034,completa,
X000,80113f38,904,FUN_80113f38,completa,
X000,8010ca18,912,FUN_8010ca18,completa,
X000,80103290,920,FUN_80103290,completa,
X000,80101d74,924,FUN_80101d74,completa,
X000,801142c0,924,FUN_801142c0,completa,
MAIN0,800544c8,928,FUN_800544c8,completa,
X000,80105694,928,FUN_80105694,completa,
MAIN0,800331c4,932,FUN_800331c4,completa,
MAIN0,8004a124,936,FUN_8004a124,completa,
X000,8010a168,944,FUN_8010a168,completa,
MAIN0,80028be0,948,FUN_80028be0,completa,
X000,80108708,968,FUN_80108708,completa,
X000,80107c00,972,FUN_80107c00,completa,
MAIN0,80030034,976,FUN_80030034,completa,
MAIN0,80054868,976,FUN_80054868,completa,
X000,80108338,976,FUN_80108338,completa,
MAIN0,8002df70,988,FUN_8002df70,completa,
X000,80130314,988,FUN_80130314,completa,
MAIN0,8003e4ec,996,ObjSpawn,completa,
MAIN0,80024a70,1000,FUN_80024a70,completa,
X000,80102ac0,1012,FUN_80102ac0,completa,
MAIN0,80021b20,1016,FUN_80021b20,completa,
X000,80118040,1016,FUN_80118040,completa,
MAIN0,80055fac,1024,FUN_80055fac,completa,
X000,8012e4c4,1024,FUN_8012e4c4,completa,
X000,80129bb0,1028,FUN_80129bb0,completa,
X000,8011e30c,1036,FUN_8011e30c,completa,
MAIN0,8001dbdc,1040,SoundUpdate,completa,
X000,800ebf68,1040,FUN_800ebf68,completa,
X000,800f3f3c,1040,FUN_800f3f3c,completa,
X000,80112c24,1040,FUN_80112c24,completa,
X000,80120d04,1056,FUN_80120d04,completa,
MAIN0,8004bbc0,1060,FUN_8004bbc0,completa,
X000,80101938,1084,FUN_80101938,completa,
MAIN0,80039580,1092,FUN_80039580,completa,
X000,8010fe70,1092,FUN_8010fe70,completa,
MAIN0,80049cdc,1096,FUN_80049cdc,completa,
MAIN0,8005296c,1100,FUN_8005296c,completa,
X000,8012ed60,1108,FUN_8012ed60,completa,
X000,80109038,1116,FUN_80109038,completa,
X000,8010d390,1120,FUN_8010d390,completa,
X000,8012f3f4,1136,FUN_8012f3f4,completa,
MAIN0,8001aeb4,1140,FUN_8001aeb4,completa,
X000,800f67bc,1144,FUN_800f67bc,completa,
MAIN0,8002f4e0,1152,FUN_8002f4e0,completa,
MAIN0,80038cd0,1152,FUN_80038cd0,completa,
X000,8010b880,1160,FUN_8010b880,completa,
X000,800f0e7c,1164,FUN_800f0e7c,completa,
X000,800f86e8,1172,FUN_800f86e8,completa,
X000,801099b8,1176,FUN_801099b8,completa,
X000,8012e8c4,1180,FUN_8012e8c4,completa,
MAIN0,80055174,1188,FUN_80055174,completa,
X000,801102b4,1196,FUN_801102b4,completa,
MAIN0,8004a9c8,1204,FUN_8004a9c8,completa,
X000,800ed750,1212,FUN_800ed750,completa,
X000,8012b5d0,1220,FUN_8012b5d0,completa,
MAIN0,80026544,1228,FUN_80026544,completa,
X000,800fa91c,1232,FUN_800fa91c,completa,
MAIN0,8004cb00,1240,FUN_8004cb00,completa,
MAIN0,8002a4d0,1244,FUN_8002a4d0,completa,
X000,8010a518,1244,FUN_8010a518,completa,
X000,801037d8,1252,FUN_801037d8,completa,
MAIN0,8004e41c,1272,FUN_8004e41c,completa,
X000,800ed258,1272,FUN_800ed258,completa,
MAIN0,8002b3c8,1276,FUN_8002b3c8,completa,
MAIN0,8004a4cc,1276,FUN_8004a4cc,completa,
MAIN0,8004d620,1324,FUN_8004d620,completa,
X000,800f8130,1328,FUN_800f8130,completa,
X000,8012d294,1344,FUN_8012d294,completa,
MAIN0,80052db8,1348,FUN_80052db8,completa,
MAIN0,8004f538,1352,FUN_8004f538,completa,
X000,80110760,1356,FUN_80110760,completa,
X000,80128fac,1360,FUN_80128fac,completa,
X000,8011ec68,1384,FUN_8011ec68,completa,
X000,800f7aac,1408,FUN_800f7aac,completa,
MAIN0,800597bc,1416,FUN_800597bc,completa,
X000,8012ccf8,1436,FUN_8012ccf8,completa,
MAIN0,80047484,1464,FUN_80047484,completa,
X000,800fa35c,1472,FUN_800fa35c,completa,
X000,800fdb7c,1472,FUN_800fdb7c,completa,
X000,8011ca00,1524,FUN_8011ca00,fragmento,epílogo sin prólogo (cola de otra función)
X000,8010eaf8,1532,FUN_8010eaf8,completa,
X000,8012a820,1532,FUN_8012a820,completa,
X000,8011b8c0,1536,FUN_8011b8c0,completa,
X000,800fe13c,1568,FUN_800fe13c,completa,
X000,801075d8,1576,FUN_801075d8,completa,
X000,801363e4,1600,FUN_801363e4,completa,
X000,80136ce0,1676,FUN_80136ce0,completa,
X000,80127820,1680,FUN_80127820,completa,
MAIN0,80055618,1696,FUN_80055618,completa,
X000,801294fc,1716,FUN_801294fc,completa,
X000,800f0490,1740,FUN_800f0490,completa,
X000,801319d0,1752,FUN_801319d0,completa,
X000,800fe98c,1768,FUN_800fe98c,completa,
X000,80129fb4,1776,FUN_80129fb4,completa,
X000,801288b8,1780,FUN_801288b8,completa,
X000,80104f88,1804,FUN_80104f88,completa,
MAIN0,80045f00,1808,FUN_80045f00,completa,
X000,80128190,1832,FUN_80128190,completa,
MAIN0,80046d58,1836,FUN_80046d58,completa,
X000,80132174,1856,FUN_80132174,completa,
MAIN0,80046610,1864,FUN_80046610,completa,
MAIN0,8001ca58,1892,FUN_8001ca58,completa,
X000,800f98a8,1908,FUN_800f98a8,completa,
X000,8010c034,1916,FUN_8010c034,completa,
X000,8011f9e0,1924,FUN_8011f9e0,completa,
MAIN0,8005a014,1932,FUN_8005a014,completa,
X000,800ea67c,1936,FUN_800ea67c,completa,
X000,801377b8,1936,FUN_801377b8,completa,
X000,80123fd0,1968,FUN_80123fd0,completa,
MAIN0,80023b04,1972,FUN_80023b04,completa,
X000,8012ae1c,1972,FUN_8012ae1c,completa,
MAIN0,800242b8,1976,FUN_800242b8,completa,
X000,80119988,1984,FUN_80119988,completa,
MAIN0,80052190,2012,FUN_80052190,completa,
X000,80102214,2036,FUN_80102214,completa,
X000,8011bf68,2052,FUN_8011bf68,completa,
X000,800f36e0,2060,FUN_800f36e0,completa,
X000,800f8d2c,2076,FUN_800f8d2c,completa,
X000,800fd358,2084,FUN_800fd358,completa,
MAIN0,80037454,2092,FUN_80037454,completa,
X000,8012ba94,2100,FUN_8012ba94,completa,
MAIN0,800532fc,2144,FUN_800532fc,completa,
MAIN0,800505f0,2228,FUN_800505f0,completa,
X000,800ff610,2228,FUN_800ff610,completa,
X000,800ffec4,2244,FUN_800ffec4,completa,
X000,800f1478,2252,FUN_800f1478,completa,
X000,800fb420,2252,FUN_800fb420,completa,
X000,800f1d44,2280,FUN_800f1d44,completa,
X000,80105bcc,2308,FUN_80105bcc,completa,
MAIN0,8005aa74,2328,FUN_8005aa74,completa,
MAIN0,80053b5c,2412,FUN_80053b5c,completa,
X000,800f44b0,2488,FUN_800f44b0,completa,
X000,800f705c,2524,FUN_800f705c,completa,
MAIN0,80056420,2604,FUN_80056420,completa,
X000,800f2b98,2632,FUN_800f2b98,completa,
X000,8010f400,2672,FUN_8010f400,completa,
MAIN0,8003afb4,2888,FUN_8003afb4,completa,
MAIN0,80024ea0,3080,FUN_80024ea0,completa,
X000,80130bb0,3124,FUN_80130bb0,completa,
MAIN0,80029078,3132,FUN_80029078,completa,
X000,80133474,3152,FUN_80133474,completa,
X000,80134e5c,3248,FUN_80134e5c,completa,
X000,800fc414,3908,FUN_800fc414,completa,
X000,80100788,4088,FUN_80100788,completa,
MAIN0,80051088,4360,FUN_80051088,completa,
MAIN0,80033b44,5056,FUN_80033b44,completa,
MAIN0,8003566c,5708,FUN_8003566c,completa,
X000,800f5078,5740,FUN_800f5078,completa,
MAIN0,800317c0,6188,FUN_800317c0,completa,
